account_id,in_degree,out_degree,unique_senders,unique_receivers,total_in,total_out,pass_through_ratio,velocity_hours,in_span_hours,avg_in_amount,avg_out_amount,label,is_passthrough
ACC_005d6eb2,10,11,4,5,15129.160000000002,180301.87,11.917506986508172,644.7410072052778,626.8829386125001,1512.9160000000002,16391.07909090909,0,0
ACC_006b9e00,12,4,4,2,88624.1,2326.64,0.0262529041197597,585.0661418005556,606.7356219583334,7385.341666666667,581.66,0,0
ACC_00801ee0,15,3,3,2,434148.38000000006,19983.43,0.0460290327468226,546.3887643594444,704.0233662999999,28943.22533333334,6661.143333333333,0,0
ACC_0095ea04,11,11,5,5,57668.31,61360.27,1.0640206033435,553.2383914063889,655.1648876333334,5242.573636363636,5578.206363636364,0,0
ACC_009609ff,11,6,3,5,10852.97,94870.95,8.741473532129914,653.3378374630555,686.1282382497222,986.6336363636364,15811.825,0,0
ACC_00ad2e01,10,8,4,2,13025.009999999998,18708.53,1.436354367482252,361.1702527511111,516.0724260252778,1302.5009999999995,2338.5662500000003,0,0
ACC_00b73a73,10,13,4,5,345010.24999999994,68033.47,0.1971926051472384,574.2359608908333,697.7753858847223,34501.024999999994,5233.343846153846,0,0
ACC_00be8bc2,5,8,2,3,149503.9,59833.31,0.4002123690418778,631.2835739327778,583.5059089030556,29900.78,7479.16375,0,0
ACC_00ce0c8f,8,10,2,5,11593.3,193457.5,16.687008875816204,504.99577769027775,638.6383695408333,1449.1625,19345.75,0,0
ACC_00d04242,4,11,3,4,4611.85,65755.6,14.257965892212454,170.41942350944447,58.39379558583334,1152.9625,5977.781818181818,0,0
ACC_00db7e10,6,10,2,5,20615.759999999995,6229.6900000000005,0.3021809528244412,508.91117532416666,356.1297704711111,3435.959999999999,622.969,0,0
ACC_00dec714,8,12,5,5,13728.13,70206.90000000001,5.114090557126135,363.75167708861113,391.1559102383334,1716.01625,5850.575000000001,0,0
ACC_018a81f5,18,6,5,2,19253.78,54212.86,2.815699566526677,701.98011874,693.1265218980556,1069.6544444444444,9035.476666666667,0,0
ACC_01977d21,5,7,2,3,15738.18,6134.929999999999,0.3898119096363111,582.8481379461111,379.5286551427778,3147.636,876.4185714285713,0,0
ACC_01b9f539,11,10,5,3,257628.63,14903.15,0.0578474139306644,568.6016744961111,582.8414677544444,23420.784545454542,1490.315,0,0
ACC_01bb2bf8,6,14,2,4,62387.06,15411.970000000005,0.2470379274163585,661.0717487308334,640.4346800233333,10397.843333333332,1100.8550000000002,0,0
ACC_01f7c964,0,10,0,2,0.0,211659.39,0.0,999999.0,999999.0,0.0,21165.939,0,0
ACC_02180f3f,13,5,5,3,426348.54,14347.85,0.0336528653293852,482.2876881630556,693.12716482,32796.04153846154,2869.57,0,0
ACC_022de4f5,5,7,2,4,15021.27,152012.14,10.119792800475594,423.14646044638886,349.9857618380555,3004.254,21716.02,0,0
ACC_025db4b0,3,7,2,2,2207.8,7669.670000000001,3.47389709212791,177.64885217388888,26.41686861361111,735.9333333333334,1095.667142857143,0,0
ACC_026d9931,18,4,5,4,72296.43,3492.34,0.0483058430409357,217.3413594411111,608.5637078075,4016.468333333333,873.0849999999999,0,0
ACC_02896504,5,14,2,2,4978.93,212662.52,42.71249445161912,552.4426336936111,463.07079112027776,995.786,15190.180000000002,0,0
ACC_02adda79,11,6,5,5,5395.490000000001,48677.01,9.021795981458588,603.3448762077777,650.4493873730555,490.49909090909097,8112.835,0,0
ACC_02b3b308,15,12,6,4,71214.16000000002,12048.699999999995,0.1691896667741358,568.9305805277778,538.2648557388889,4747.610666666668,1004.058333333333,0,0
ACC_02dda0b0,8,11,3,5,51477.84,7970.889999999999,0.1548411899178365,440.9612867311111,404.8809265211111,6434.73,724.6263636363636,0,0
ACC_0303c7e5,0,11,0,3,0.0,176867.01,0.0,999999.0,999999.0,0.0,16078.819090909092,0,0
ACC_03242eea,19,15,4,5,26041.759999999995,75240.77999999998,2.8892355969796206,665.7036357180556,639.5140835144445,1370.6189473684208,5016.051999999999,0,0
ACC_032a99ec,23,14,6,2,79692.48,54983.64000000001,0.689947658800429,666.478616163889,669.2630223180555,3464.8904347826087,3927.4028571428576,0,0
ACC_033f4233,4,9,3,2,101181.78,260013.04,2.5697614728659643,683.0033918638889,677.8564656488888,25295.445,28890.33777777777,0,0
ACC_03688ab8,18,5,3,3,590266.96,4756.77,0.008058675688031,460.29978426194447,680.6639179986112,32792.608888888884,951.354,0,0
ACC_0390e7fe,8,4,2,3,16424.04,1870.17,0.1138678425040367,539.1124702719444,458.3130312694444,2053.005,467.5425,0,0
ACC_03bdd21a,20,11,7,4,83875.78,23473.13,0.2798558773462375,529.7440381772223,607.1788111344445,4193.789,2133.9209090909094,0,0
ACC_03cd889a,7,10,4,2,4302.08,335236.64,77.92431567985719,691.4835142455555,655.7889059647222,614.5828571428572,33523.664000000004,0,0
ACC_03feb0e4,6,15,3,3,2772.28,92918.4,33.51696076875352,657.4613687205555,667.0140369430555,462.0466666666666,6194.56,0,0
ACC_03ff5805,5,9,3,3,4390.61,9178.6,2.0905067860730058,573.2625470016667,661.9204676097223,878.122,1019.8444444444444,0,0
ACC_044ded75,11,8,4,2,28694.52,7525.68,0.2622688931545118,601.0186346230555,579.2385037299999,2608.592727272727,940.71,0,0
ACC_0492ef38,10,9,3,4,80457.16,93132.78,1.1575449593299094,620.9038936208333,608.4316802286111,8045.716,10348.086666666668,0,0
ACC_04a7c932,14,3,5,3,14235.970000000005,1639.7,0.1151800685165815,580.9821784627778,597.9517118041666,1016.8550000000002,546.5666666666667,0,0
ACC_04c5b187,5,10,2,6,41821.4,12891.75,0.3082572558546582,579.7423466072222,553.73123335,8364.279999999999,1289.175,0,0
ACC_04c748d5,4,10,2,3,1321.21,11612.04,8.788943468487219,472.0572644980556,480.4130371980555,330.3025,1161.204,0,0
ACC_04e29428,4,9,2,5,4427.42,96315.18,21.754245135993425,642.5071328299999,618.0633596888889,1106.855,10701.686666666666,0,0
ACC_04f1b722,16,12,6,4,12606.21,98252.56,7.793980903062856,645.8022912169445,541.3377849113889,787.888125,8187.713333333333,0,0
ACC_053f604a,12,12,5,5,34019.44,112142.69,3.296429629647049,639.1620041641667,534.2286085786111,2834.9533333333334,9345.224166666669,0,0
ACC_0558655d,13,15,5,5,18300.4,81922.11000000003,4.476520185351141,690.1491909558334,538.0876586177777,1407.723076923077,5461.474000000002,0,0
ACC_0591d453,16,9,4,2,185950.51,7307.830000000001,0.0392998653243812,674.1656712363889,624.1031044458333,11621.906875,811.9811111111112,0,0
ACC_0596e0c9,3,13,3,5,13304.3,275717.96,20.723973452192148,493.6460888805555,385.534490445,4434.766666666666,21209.07384615384,0,0
ACC_059e5d02,14,5,2,2,66762.44,23641.53,0.3541142294979033,618.041469088611,690.3732331991666,4768.745714285715,4728.3060000000005,0,0
ACC_05a61577,4,8,3,4,47521.02,66981.86,1.4095206710630368,488.0027425325,243.1114126208333,11880.255,8372.7325,0,0
ACC_05b6b388,7,9,1,4,32458.76,71578.06,2.205200075418777,590.3052939636111,486.6418449022223,4636.965714285715,7953.1177777777775,0,0
ACC_05deaabd,17,9,9,3,76192.27,43152.8,0.5663671655930451,687.7749387458333,692.0051211658333,4481.8982352941175,4794.755555555556,0,0
ACC_05eb4ad1,3,10,2,2,2970.26,201108.38000000003,67.70733201807249,608.5738387011111,498.1308210155556,990.0866666666668,20110.838000000003,0,0
ACC_063fcf05,1,14,1,3,2275.03,64115.66999999999,28.182340452653364,66.57584485805556,999999.0,2275.03,4579.6907142857135,0,0
ACC_064b3d7d,7,14,3,6,7752.32,127679.9,16.46989546355156,655.5937885766666,638.5269264205556,1107.4742857142858,9119.992857142855,0,0
ACC_066e7137,5,15,2,5,5305.58,304262.01000000007,57.3475491840666,616.4984415452777,329.5124089058333,1061.116,20284.134000000005,0,0
ACC_06751db3,2,15,1,5,1002.18,206876.33,206.4263206210461,472.46005652694447,1.5128675402777778,501.09,13791.755333333333,0,0
ACC_06a1a4c5,14,9,4,2,16989.45,40860.41999999999,2.4050466613104007,661.1110968513889,626.6869842,1213.5321428571428,4540.046666666665,0,0
ACC_06c909a3,16,3,4,1,51126.37,2107.21,0.0412157170556016,605.0602194530555,580.0658384930556,3195.398125,702.4033333333333,0,0
ACC_06cad97f,3,4,1,3,13633.34,25417.7,1.8643780614288208,183.9103234025,531.5891796069444,4544.446666666667,6354.424999999999,0,0
ACC_072b91c2,8,7,3,3,4525.93,3754.76,0.8296107098430598,572.9647153786111,653.1068046849999,565.74125,536.3942857142857,0,0
ACC_078cb7e2,10,9,3,4,298371.76,15893.49,0.0532674070763265,541.3118400925,405.6020644172222,29837.176,1765.9433333333334,0,0
ACC_078e5710,9,12,2,4,10956.72,73390.27,6.698197088179674,575.7221897391667,344.53596162611115,1217.4133333333334,6115.855833333334,0,0
ACC_07a0cd5c,13,12,4,3,61173.43999999999,77413.77,1.2654800841672469,698.5117858552777,694.6350036116667,4705.64923076923,6451.1475,0,0
ACC_080fca42,8,14,3,5,7215.07,51485.94,7.13588918749229,573.8743522036111,469.6797956469444,901.88375,3677.567142857143,0,0
ACC_082cd6f8,10,9,5,6,15498.399999999998,33745.619999999995,2.177361534093842,611.4678398808334,583.8120572822223,1549.8399999999997,3749.513333333333,0,0
ACC_082e11ac,4,4,2,3,4517.030000000001,2016.48,0.4464172254778028,204.26963871555557,300.9123446441667,1129.2575000000002,504.12,0,0
ACC_082f07fa,10,4,5,2,30005.28,5887.27,0.1962078007603994,609.7041142680555,595.4242470047222,3000.528,1471.8175,0,0
ACC_0865f9c3,8,7,3,4,10716.9,55168.63999999999,5.147816999318833,543.8679661775,535.4014235655555,1339.6125,7881.234285714285,0,0
ACC_08ac214e,11,10,4,5,10333.28,15098.19,1.4611227025687874,633.3253843719446,656.33135459,939.3890909090908,1509.819,0,0
ACC_08e4aa1f,5,10,3,5,133201.59,9476.58,0.0711446462463398,590.631376795,582.3287831866667,26640.318,947.658,0,0
ACC_08e5884e,2,6,1,2,1836.24,84493.57,46.01444800243977,144.44766882583335,223.33655119972224,918.12,14082.261666666667,0,0
ACC_08ed7fbd,27,4,5,2,56542.51,5112.2,0.0904133898548189,660.3073711719444,676.4045691938888,2094.167037037037,1278.05,0,0
ACC_091c5de6,12,3,6,2,41059.27,4249.56,0.1034981868893431,642.3782073988889,692.5251010897223,3421.605833333333,1416.5199999999998,0,0
ACC_093c6def,12,9,3,4,25067.44,25941.77,1.0348791101125605,609.2478921486112,574.3306693777778,2088.9533333333334,2882.418888888889,0,0
ACC_09a5fd22,10,6,4,2,17113.610000000004,4501.9400000000005,0.263061972313264,339.89800650666666,574.8129811980556,1711.3610000000003,750.3233333333334,0,0
ACC_09b08335,9,13,4,4,284837.64,115714.27,0.4062464146241347,683.9863832961111,577.8227159466667,31648.626666666663,8901.097692307692,0,0
ACC_09b553ce,8,14,6,6,19247.73,151159.43,7.853364007080315,552.01282632,614.3152274186111,2405.96625,10797.102142857142,0,0
ACC_09c5e234,10,3,3,2,21706.43,2234.4,0.1029372402555371,599.4992030630556,555.5878781663889,2170.643,744.8000000000001,0,0
ACC_09cdb497,7,14,3,2,140241.42,13369.84,0.0953344596767488,596.193308075,490.4913724008333,20034.488571428574,954.9885714285714,0,0
ACC_09f3d3b3,0,5,0,3,0.0,41427.59,0.0,999999.0,999999.0,0.0,8285.518,0,0
ACC_0a2cd1e5,5,14,2,2,7834.05,61590.76000000001,7.861930929723452,676.5178430000001,631.4100364927779,1566.81,4399.340000000001,0,0
ACC_0a5a9a51,4,8,2,3,2055.65,110024.56,53.52300245664389,604.0593111922223,463.3172061408333,513.9125,13753.070000000002,0,0
ACC_0a769683,4,15,1,5,33781.73,44215.94,1.3088713929097175,539.9327044216667,419.1974963838889,8445.4325,2947.729333333333,0,0
ACC_0a8ee6c0,7,6,3,3,109469.37,52834.76,0.4826442318979272,682.7682355002778,537.9480541963889,15638.481428571427,8805.793333333333,0,0
ACC_0ae0d9c1,1,10,1,2,390.69,6353.91,16.263303386316515,74.20432753833333,999999.0,390.69,635.391,0,0
ACC_0af36724,11,5,6,3,71389.08000000002,41056.740000000005,0.5751123281039621,644.1738400497222,607.6448890877778,6489.9163636363655,8211.348000000002,0,0
ACC_0b1bf689,15,15,6,4,57574.70000000001,241945.14,4.202282252447689,681.1103038044445,579.5228431691667,3838.313333333334,16129.676,0,0
ACC_0b26508b,5,7,3,3,6374.6900000000005,42932.97,6.73491103096778,426.7959451886112,322.4111337161111,1274.938,6133.2814285714285,0,0
ACC_0b349797,3,11,2,5,103175.4,82696.75999999998,0.8015162529052466,63.510094075,30.0889607475,34391.8,7517.887272727271,0,0
ACC_0b3bdb16,13,7,4,4,392547.03,62379.69,0.1589101056247961,419.3455960125,570.1794421613889,30195.92538461538,8911.384285714286,0,0
ACC_0b47c389,6,7,3,3,16833.41,8657.66,0.5143140932229417,468.8795798847222,650.1377606799999,2805.568333333333,1236.8085714285714,0,0
ACC_0b5fe37f,16,14,7,3,106276.23,11553.06,0.1087078455831562,648.4929790013889,704.0932243158334,6642.264375,825.2185714285715,0,0
ACC_0b861201,10,14,3,4,24620.03,141480.93,5.746578294177546,666.1086599336111,650.7074675822222,2462.003,10105.780714285716,0,0
ACC_0b92fe6f,18,5,5,2,82672.94,2504.82,0.0302979427125731,504.606921435,625.9179011933334,4592.941111111111,500.96400000000006,0,0
ACC_0bb5355c,4,5,2,3,1549.37,9043.74,5.837043443464117,596.8120404244445,377.3894766477778,387.3425,1808.748,0,0
ACC_0bef8487,16,3,4,3,41680.56,41862.77,1.004371582339585,425.9460858138889,558.6347552358333,2605.035,13954.256666666666,0,0
ACC_0bf6cc4c,24,6,6,3,79466.14000000001,38857.2,0.4889780729251477,690.0567436533333,678.9813272041667,3311.089166666667,6476.200000000001,0,0
ACC_0c02a69a,10,9,4,4,58542.990000000005,18334.710000000003,0.3131836962888298,617.8467918075,640.055572583889,5854.299000000001,2037.1900000000005,0,0
ACC_0c2dc1f4,12,14,4,2,94100.52000000002,163234.74000000002,1.7346847817631612,565.12112811,612.0108542558334,7841.710000000002,11659.624285714288,0,0
ACC_0c40a6c2,8,7,4,5,100289.15,34893.32,0.3479271685920162,613.4405775116667,569.7491489544444,12536.14375,4984.76,0,0
ACC_0cf7e57d,4,6,1,3,29400.77,13041.68,0.4435829401746961,428.5025694855556,481.16869548555553,7350.1925,2173.613333333333,0,0
ACC_0d176e27,10,14,5,2,79563.91999999998,39059.28999999999,0.4909171141894466,624.7688937361112,520.9899437816666,7956.391999999998,2789.949285714285,0,0
ACC_0d8bf4ae,13,12,6,2,56265.29000000001,109236.32,1.9414512926175265,608.6560845313888,565.5308833341667,4328.099230769231,9103.026666666668,0,0
ACC_0dad8ebd,3,15,2,4,4630.92,45081.15,9.73481511233189,382.4915242894445,438.65976321444447,1543.64,3005.4100000000003,0,0
ACC_0db73b78,5,10,2,3,10917.02,138134.27000000002,12.653111380211817,696.3885244661112,398.8940367569445,2183.404,13813.427,0,0
ACC_0dbffb4c,3,10,3,2,40437.58,13384.15,0.3309829618884216,313.5727767691667,254.1169255511111,13479.193333333336,1338.4150000000002,0,0
ACC_0dc16426,9,10,4,3,10095.44,165661.27,16.409514592727014,711.5717233947222,705.6293597616667,1121.7155555555555,16566.127,0,0
ACC_0dcb1819,3,7,1,3,6345.98,35863.4,5.651357237180074,481.45029124333337,598.7021643927777,2115.3266666666664,5123.342857142858,0,0
ACC_0de44082,22,4,6,2,112467.38,63711.83,0.5664916351745725,586.1455670613889,716.2104924013888,5112.153636363636,15927.9575,0,0
ACC_0deae1f4,18,3,7,2,116574.51,3547.63,0.0304322960482527,394.30728772861113,538.1608276147222,6476.361666666667,1182.5433333333333,0,0
ACC_0e7463ad,10,5,3,4,61884.13999999999,196158.1,3.169763690664523,642.0949874380556,641.4088245772223,6188.413999999999,39231.62,0,0
ACC_0e7f1bf5,9,11,4,5,19906.99,78645.58999999998,3.950652007159294,374.67101534277776,387.7507923647222,2211.887777777777,7149.59909090909,0,0
ACC_0e89ef14,6,6,2,5,101641.3,56874.51,0.5595610248983436,617.3956637944444,552.223675615,16940.216666666664,9479.085,0,0
ACC_0ea5521a,3,13,3,3,44259.69,47381.84999999999,1.070541840668111,310.5122668255556,429.9076301480556,14753.23,3644.757692307692,0,0
ACC_0f02b085,10,5,4,4,281295.76,82108.5,0.2918938415566591,374.7882788230556,517.8523076586112,28129.576,16421.7,0,0
ACC_0f2c0d6a,15,5,3,2,15027.64,9451.04,0.628910460990548,690.5602059247221,624.9695345483334,1001.8426666666668,1890.208,0,0
ACC_0f4a407f,7,3,3,3,52669.7,9038.18,0.1716011293020465,415.68998771416665,550.0359982019444,7524.242857142856,3012.726666666667,0,0
ACC_0f4c9025,11,4,3,4,52122.920000000006,3313.42,0.0635693472276687,652.0466542447223,639.8308595538888,4738.447272727273,828.355,0,0
ACC_0f7ce676,6,6,4,4,8750.57,96636.58,11.04346116881529,645.2200833688888,518.9153565119444,1458.4283333333333,16106.096666666666,0,0
ACC_0fe5326d,0,4,0,3,0.0,3911.71,0.0,999999.0,999999.0,0.0,977.9275,0,0
ACC_1001d547,8,4,4,1,241045.65,2003.24,0.0083106249791273,582.2665686519445,522.8271189005555,30130.706250000003,500.81,0,0
ACC_105376a7,5,7,2,5,8957.01,4408.669999999999,0.4922033133824791,685.6295625297222,622.407744048889,1791.402,629.8099999999998,0,0
ACC_10555e12,17,11,6,6,57185.17,106939.91,1.8700636895894511,593.05660373,713.7756772002779,3363.8335294117646,9721.81,0,0
ACC_1063a563,10,8,4,4,10862.990000000002,9143.44,0.8417056445785182,599.6777196225,501.4964612136111,1086.2990000000002,1142.9299999999998,0,0
ACC_109a8aba,8,14,3,4,5788.33,66730.7,11.528489218824772,521.5951709775,581.07743218,723.54125,4766.478571428571,0,0
ACC_10d2e522,11,5,6,3,12181.61,59042.44,4.846850293187846,548.6470244975,530.1193279805556,1107.419090909091,11808.488,0,0
ACC_11227a01,19,3,9,2,65693.66,1996.46,0.0303904516813342,591.3837081108333,659.401270475,3457.561052631579,665.4866666666667,0,0
ACC_112a8eac,16,13,5,5,75737.57,27584.35,0.3642095990140692,534.7085953344445,698.9447273158333,4733.598125,2121.873076923077,0,0
ACC_1168b4b2,15,15,5,2,475810.1899999999,427398.6,0.8982544068675792,659.5244732494444,697.7276697283334,31720.679333333326,28493.24,0,0
ACC_11740c1f,4,9,2,4,17267.5,37446.780000000006,2.1686277689300715,501.4676858763889,487.8518497911112,4316.875,4160.753333333334,0,0
ACC_11914b20,8,10,3,5,40523.31,47656.34,1.176022886580588,371.721638055,548.89698875,5065.41375,4765.634,0,0
ACC_11adceaf,0,12,0,4,0.0,18973.72,0.0,999999.0,999999.0,0.0,1581.1433333333334,0,0
ACC_11b46045,10,10,5,2,28179.26,39616.12,1.405860906212583,681.8608959288889,588.3710210430556,2817.9260000000004,3961.612,0,0
ACC_11c98ac2,7,7,4,5,6153.19,81869.04,13.30513766030303,655.9011740741666,648.7788829997222,879.0271428571428,11695.577142857142,0,0
ACC_11d8f4a0,14,13,4,5,14417.469999999998,30300.18,2.101629481455485,682.3964509369445,710.848166696389,1029.8192857142856,2330.783076923077,0,0
ACC_11e7794d,8,12,3,5,14077.89,13771.44,0.9782318230928072,698.9951141219444,703.3334744966667,1759.73625,1147.62,0,0
ACC_11e7b857,4,10,3,2,5316.780000000001,50678.73999999999,9.531848223925005,474.312888275,392.3398357575,1329.1950000000002,5067.873999999999,0,0
ACC_1239b5b8,5,6,2,4,4593.8,83719.45999999999,18.22444599242457,635.3944663983334,488.2680931288889,918.76,13953.243333333332,0,0
ACC_12441692,6,15,2,6,3512.3300000000004,155918.59000000003,44.3917826627908,516.5624529444444,360.01940662777776,585.3883333333334,10394.572666666669,0,0
ACC_125320bb,3,6,2,2,4117.02,103933.43,25.24482028263162,497.7242694980556,160.47419638305556,1372.34,17322.238333333335,0,0
ACC_126b13ac,0,8,0,3,0.0,12790.2,0.0,999999.0,999999.0,0.0,1598.775,0,0
ACC_129e762d,9,11,4,3,103885.37,208454.64,2.006583217636901,700.21760931,686.5517121180555,11542.81888888889,18950.421818181818,0,0
ACC_12abc13b,8,12,4,4,39958.62,21186.959999999995,0.530222515191966,542.7634389383334,511.292920105,4994.8275,1765.5799999999997,0,0
ACC_12b258fd,13,13,5,5,47229.98,18970.12,0.4016542035376682,677.1236353661111,688.3609693433333,3633.075384615385,1459.24,0,0
ACC_12d83ab6,15,7,4,3,37041.76,82802.18000000001,2.2353738051323697,682.3244892111112,599.6037807902778,2469.4506666666666,11828.882857142858,0,0
ACC_131f6242,5,13,1,3,5466.3,30477.55,5.575535554214002,602.2484090041667,554.0176955022223,1093.26,2344.4269230769232,0,0
ACC_13405dca,11,8,5,4,380828.7,39163.73999999999,0.1028382052087985,617.9218749900001,664.2210645486111,34620.79090909091,4895.467499999999,0,0
ACC_13455b93,3,14,2,5,2562.9,55537.86000000001,21.66992859651177,349.97330708388887,161.42283262361113,854.2999999999998,3966.9900000000007,0,0
ACC_13bbefb8,2,15,1,3,60546.66,19431.63,0.3209364480220709,210.3483009002778,147.47363901361112,30273.33,1295.442,0,0
ACC_13c11d39,15,13,5,5,17478.929999999997,13530.61,0.7741097424155828,556.6783466897222,673.6554652525,1165.2619999999995,1040.8161538461538,0,0
ACC_13d7c54b,12,9,5,3,20191.47,24465.36,1.2116680954878474,588.2978446369444,548.1781423569444,1682.6224999999995,2718.373333333333,0,0
ACC_13eb855a,5,11,2,4,232733.22,47856.48,0.2056280577392432,652.2943823155555,634.094025693889,46546.644,4350.589090909091,0,0
ACC_13f849d6,9,8,5,4,13815.93,54974.73,3.9790828413288137,598.9982780344444,652.5635766738889,1535.1033333333337,6871.84125,0,0
ACC_13fef92d,1,10,1,4,788.77,168268.7,213.330501920712,554.0174665091666,999999.0,788.77,16826.870000000003,0,0
ACC_142a61e9,10,8,3,5,37385.52,87258.34,2.3340143456611004,657.3652777375,711.4279681205555,3738.5520000000006,10907.2925,0,0
ACC_1440405c,6,12,2,5,38799.6,27714.969999999998,0.7143107145434487,633.3325216683332,542.2612993897222,6466.599999999999,2309.580833333333,0,0
ACC_1441e8f2,24,14,10,3,110404.63,76993.55,0.6973760973611343,716.8111745655556,663.2631600752778,4600.192916666667,5499.539285714286,0,0
ACC_14583fc4,17,8,6,3,28819.66,10188.079999999998,0.353511457109487,643.334008881111,593.2773374491666,1695.2741176470586,1273.5099999999998,0,0
ACC_147efa82,0,6,0,3,0.0,58874.39000000001,0.0,999999.0,999999.0,0.0,9812.398333333334,0,0
ACC_14a8482b,3,10,1,4,5817.620000000001,43057.670000000006,7.401251714618692,608.457422891111,643.8436248847223,1939.206666666667,4305.767000000001,0,0
ACC_14c8ec3a,7,6,2,4,234746.45,7360.759999999999,0.0313562143325277,573.020009605,609.6152845516666,33535.20714285714,1226.7933333333333,0,0
ACC_14ed71d5,7,5,3,3,23875.4,5715.830000000001,0.2394024812149744,514.7636759872222,607.1701415377778,3410.7714285714287,1143.1660000000002,0,0
ACC_14f186d2,3,12,2,3,1855.06,31947.87,17.22201438228413,461.9838178680556,453.7393065777778,618.3533333333334,2662.3225,0,0
ACC_14f40acf,7,3,3,2,248642.68,965.3,0.0038822779741595,623.9289048100001,655.3461502252778,35520.38285714285,321.76666666666665,0,0
ACC_14fee4ee,10,12,5,6,10900.37,20250.36,1.8577681308065688,471.8076970438889,654.3185980961111,1090.0369999999998,1687.5299999999995,0,0
ACC_15342272,5,9,4,5,200854.88,139372.49,0.693896458975754,656.0879538438888,316.8240934047222,40170.976,15485.83222222222,0,0
ACC_155caf4d,5,9,3,2,5875.92,10599.260000000002,1.803846886955575,466.4100279483334,429.9549459213889,1175.184,1177.6955555555558,0,0
ACC_15c8efab,13,12,6,5,12831.22,210798.76,16.428582784801446,689.6447854111111,692.8850035508333,987.0169230769231,17566.563333333335,0,0
ACC_15d0e41a,2,3,1,3,2679.69,46771.76,17.45416820602383,424.49907346944445,205.03355457,1339.845,15590.586666666668,0,0
ACC_15d295b7,5,7,3,3,3464.6199999999994,110121.81,31.784671912071172,544.7164722627778,473.0963738536111,692.9239999999999,15731.687142857145,0,0
ACC_160fc05e,11,13,4,4,75251.26000000001,27391.01,0.3639940381064715,638.7462942130555,593.9657493455555,6841.023636363637,2107.000769230769,0,0
ACC_162efded,7,15,3,5,18708.4,92834.79,4.962198263881465,649.2653041030555,597.5237475641667,2672.628571428572,6188.986000000001,0,0
ACC_164cdf2d,16,6,4,3,83986.04,44643.35999999999,0.5315569111247536,466.5867735111111,631.4018628097222,5249.1275,7440.559999999999,0,0
ACC_1651455c,6,14,2,6,7414.580000000001,221921.94,29.930480216006835,581.4297526091666,458.9263857766666,1235.7633333333335,15851.56714285714,0,0
ACC_165b6974,7,9,1,4,6956.129999999999,60810.42,8.74199015832079,650.3630016841666,669.1492516841666,993.732857142857,6756.713333333333,0,0
ACC_16607a58,9,5,4,2,10294.73,2507.0400000000004,0.243526542221117,457.80741835944445,515.1080739836111,1143.858888888889,501.4080000000001,0,0
ACC_1674f0ab,5,8,2,2,194684.66,5528.48,0.0283971012405394,505.69267214194446,548.1436354386111,38936.932,691.06,0,0
ACC_16c37537,12,14,3,5,18191.57,67987.0,3.7372805095986767,692.4216136633333,677.1180076697221,1515.9641666666666,4856.214285714285,0,0
ACC_171889fa,3,5,1,2,3251.6,3316.2200000000003,1.0198732931479888,228.44699205416663,99.9545662277778,1083.8666666666666,663.244,0,0
ACC_17286b18,5,15,2,6,5681.07,68511.62,12.059633132490886,360.1525518477778,371.58314965638885,1136.214,4567.441333333333,0,0
ACC_174d7d26,6,8,2,5,211317.5,48864.02,0.231235084647509,334.5869775230556,367.1867839425,35219.583333333336,6108.0025,0,0
ACC_177dc952,7,7,4,4,65479.89,44602.37,0.6811613458727558,543.2593166836111,585.466637873611,9354.27,6371.767142857143,0,0
ACC_179ad257,16,3,5,3,115315.39,1874.87,0.0162586277512481,575.2055308213888,666.7647800730556,7207.211875,624.9566666666667,0,0
ACC_17b7738c,20,12,8,4,96860.54,22796.96,0.2353585887503827,682.8106794708333,596.3663756544445,4843.027,1899.746666666667,0,0
ACC_17ca6a88,21,9,6,2,35302.69,49995.15,1.416185282198042,665.88926829,677.0617445752778,1681.0804761904762,5555.016666666666,0,0
ACC_17eb001c,5,5,3,2,40775.48999999999,109608.91,2.688107733346675,501.7090419841666,485.6896860661111,8155.097999999998,21921.782,0,0
ACC_181e8883,3,9,1,6,50633.44,124192.68,2.452779822978648,592.4191474605556,431.5205119308333,16877.813333333335,13799.186666666668,0,0
ACC_181fa373,22,6,7,2,190890.83,9397.0,0.0492270896407124,588.6177865186111,701.6562651555556,8676.85590909091,1566.1666666666667,0,0
ACC_182410a2,4,7,3,2,4717.24,8949.039999999999,1.8970923675708675,684.8380322516667,701.9160683919445,1179.31,1278.4342857142856,0,0
ACC_182bdbc7,5,3,4,3,6349.72,10102.73,1.5910512589531505,637.1141547713889,610.9297611999999,1269.944,3367.5766666666664,0,0
ACC_1831557b,2,10,2,5,1265.77,141595.27,111.8649280675004,644.4792220316667,121.49679475361113,632.885,14159.526999999998,0,0
ACC_18325125,5,3,3,2,7620.13,56665.97,7.436352135724719,561.5534348625,428.19542829722224,1524.026,18888.656666666662,0,0
ACC_189a37dd,8,15,3,4,37459.53,17307.329999999998,0.462027419991655,680.1189044777777,668.1704715430556,4682.44125,1153.822,0,0
ACC_18c34706,8,13,3,5,247946.94,157588.12000000002,0.6355719493856227,564.2220308747222,419.10836398916666,30993.3675,12122.16307692308,0,0
ACC_18e31f8a,20,7,6,5,130513.38,41989.22,0.3217234891932152,585.8745617177777,631.8442194863889,6525.669,5998.459999999999,0,0
ACC_18f37cc8,21,6,5,2,32863.92,3393.82,0.1032688735853787,380.66031331444447,652.5338109925,1564.9485714285713,565.6366666666667,0,0
ACC_1901efe2,11,9,5,3,12415.81,11844.490000000002,0.9539844762444014,614.9004967583332,656.8359957116667,1128.71,1316.0544444444447,0,0
ACC_191399c1,15,7,3,4,46484.09999999999,57793.52,1.24329652504835,640.5092846736111,631.2667949391666,3098.94,8256.217142857142,0,0
ACC_19210bc4,7,9,2,2,4080.730000000001,12156.0,2.9788787790419846,284.21606945527776,261.5132147347222,582.9614285714287,1350.6666666666667,0,0
ACC_19a0eca3,17,3,5,2,26725.23,1706.52,0.0638542680455883,501.8224544761112,580.5592053891667,1572.0723529411764,568.84,0,0
ACC_19a57f09,11,11,3,5,42712.35,199746.68,4.676555609794357,623.8555720752778,609.6038559022222,3882.940909090909,18158.78909090909,0,0
ACC_19c6db07,1,5,1,4,2389.15,7110.14,2.97601238934349,0.0,999999.0,2389.15,1422.028,0,0
ACC_19cf05a5,12,15,4,4,73636.75,30167.29,0.4096770973732545,586.4914531447222,622.9373348330555,6136.395833333333,2011.1526666666664,0,0
ACC_19eb306c,16,15,6,3,456993.69,102697.77,0.2247247002469553,643.8996254413889,607.2948112866667,28562.105625,6846.518,0,0
ACC_1a0266e7,16,5,6,2,107586.33000000002,4924.86,0.0457758899295105,650.2144631327778,669.0058296908334,6724.145625000001,984.972,0,0
ACC_1a441072,5,8,2,4,2663.53,42035.92,15.782033617042044,516.8220732072222,537.4561348544445,532.706,5254.49,0,0
ACC_1a4d2671,15,11,5,2,76508.20000000001,134984.71,1.7643168967509362,629.2200657061111,645.39792244,5100.546666666667,12271.337272727273,0,0
ACC_1a5f5065,18,11,4,3,161582.19,142227.02,0.8802147068312417,692.6703951066667,709.4100832255556,8976.788333333334,12929.72909090909,0,0
ACC_1a9c5cfe,4,9,1,4,2183.04,112979.97,51.753504287598936,660.7064538213889,679.9454563155556,545.76,12553.329999999998,0,0
ACC_1aaa211c,2,13,1,6,889.9,36608.06,41.13727385099449,182.5606420788889,119.2586869875,444.95,2816.004615384615,0,0
ACC_1abbfc4a,13,7,3,3,20784.76,6445.570000000001,0.3101103885731661,509.2011927344444,582.9776725780555,1598.827692307692,920.7957142857144,0,0
ACC_1abcce38,10,6,7,3,8724.69,26113.05,2.9930060552294693,627.4925968752779,604.8344862619444,872.469,4352.175,0,0
ACC_1adac3bb,14,8,6,2,56617.01,78402.84,1.3847930153853056,620.0709204236111,697.5506199788889,4044.0721428571424,9800.355,0,0
ACC_1b344b3d,7,5,4,2,7252.89,73605.55999999998,10.1484456540772,506.3503752916666,601.2498650227778,1036.1271428571429,14721.111999999996,0,0
ACC_1b5b919d,19,3,6,3,119114.69,49130.05,0.4124600416623676,503.3168626241667,619.7692540075,6269.194210526316,16376.683333333334,0,0
ACC_1ba413a2,5,11,4,2,6054.35,18633.97,3.077782090562984,615.9317451988888,567.1607859330555,1210.87,1693.9972727272727,0,0
ACC_1c123574,12,12,6,4,388018.13,91880.08,0.2367932653043815,559.2856448975,475.5441222638889,32334.844166666662,7656.673333333333,0,0
ACC_1c357ba2,11,13,3,6,382928.89,6249.11,0.0163192440246542,565.8563707566667,595.7955459827779,34811.71727272728,480.7007692307692,0,0
ACC_1c3978fe,7,11,3,3,4557.2,107805.73,23.6561331519354,481.8638476230555,503.69749285638886,651.0285714285714,9800.520909090908,0,0
ACC_1c673e7c,8,13,3,2,58528.46,262026.55,4.476908328016831,592.0290009413889,499.1187744497222,7316.0575,20155.88846153846,0,0
ACC_1ca95582,15,14,4,2,68145.28,201788.38,2.9611497670858493,580.5173807272223,669.4596134769445,4543.018666666667,14413.455714285712,0,0
ACC_1cb559f5,7,7,3,2,254994.3,4645.39,0.0182176229037276,536.5151869411111,701.4495510619444,36427.75714285715,663.6271428571429,0,0
ACC_1d5c426a,18,8,6,2,91085.75,45046.97,0.4945556247821422,329.2976061816667,625.92398881,5060.319444444443,5630.87125,0,0
ACC_1d7dc36b,8,11,3,5,111921.04,9370.67,0.083725723063331,486.8442095919444,468.7000809572223,13990.13,851.8790909090909,0,0
ACC_1dd8a4c2,4,3,3,3,19802.86,1667.02,0.0841807698483956,238.7971547283333,392.8830792111111,4950.714999999999,555.6733333333333,0,0
ACC_1de4cf9f,11,10,3,4,97280.22,15057.41,0.1547838810397427,650.5615819211112,670.7875547255555,8843.656363636364,1505.741,0,0
ACC_1e17d306,16,15,4,2,61640.48,13705.13,0.2223397676332176,667.537485615,661.7952455538889,3852.53,913.6753333333334,0,0
ACC_1e1fcb4b,9,8,4,3,68053.55,127185.72,1.8689064714478525,523.7031730230556,711.5805093736111,7561.5055555555555,15898.215,0,0
ACC_1e39c655,7,11,3,3,11908.109999999995,67993.78,5.70987167568993,424.36499522194447,592.5810479430555,1701.158571428571,6181.252727272728,0,0
ACC_1e5209db,5,5,4,3,40565.65,5600.379999999999,0.1380571986397358,464.20107743444447,322.6279525130556,8113.13,1120.0759999999998,0,0
ACC_1e675068,5,11,2,4,10747.54,82613.56,7.686741338017815,686.1331483872221,520.3103953322222,2149.5080000000003,7510.323636363636,0,0
ACC_1e6b318f,9,13,3,4,3457.25,52693.03999999999,15.241316074915032,694.0313755327777,618.6208950436111,384.1388888888889,4053.310769230769,0,0
ACC_1e6ea07d,14,12,5,5,78969.88,111257.88,1.4088647469136333,629.499622366389,562.2255571236111,5640.705714285715,9271.49,0,0
ACC_1e8958df,7,4,3,3,42538.81,75439.12,1.77341867344197,607.1084082213889,565.15277551,6076.972857142857,18859.78,0,0
ACC_1e8bbb1e,10,11,4,4,42411.40000000001,9572.080000000002,0.225695921379629,631.7742879172222,593.2449560508334,4241.140000000001,870.1890909090911,0,0
ACC_1e99f2dd,9,7,5,4,22680.39,172974.64999999997,7.626617090799583,597.9317991563888,443.1258104772222,2520.043333333333,24710.66428571428,0,0
ACC_1ee32ac2,6,15,2,3,15649.110000000002,13673.98,0.8737864325830669,345.1049343872222,381.9596568955556,2608.1850000000004,911.5986666666666,0,0
ACC_1ef81113,8,7,2,5,8236.3,35240.36,4.278663963187354,664.4860478338888,550.4070530658333,1029.5375,5034.337142857143,0,0
ACC_1ef948ec,13,10,4,4,471163.31,69479.25,0.1474632012412002,622.1829650430556,614.4295928438888,36243.33153846154,6947.925,0,0
ACC_1f016f77,6,13,2,5,187347.48,80453.81,0.4294363073365064,546.6573713736111,558.2925876608333,31224.58,6188.754615384615,0,0
ACC_1f3be96b,1,8,1,4,736.09,125368.93,170.31739325354238,0.0,999999.0,736.09,15671.11625,0,0
ACC_1f3d753d,1,9,1,3,492.54,13869.87,28.15988549153368,598.227593375,999999.0,492.54,1541.0966666666668,0,0
ACC_1f6495c1,4,14,1,4,2623.41,141477.89,53.9290046161294,624.1425363402777,606.2255317525,655.8525,10105.563571428573,0,0
ACC_1f6b2389,1,10,1,6,486.99,5239.679999999999,10.759317439783157,327.10126677722224,999999.0,486.99,523.968,0,0
ACC_1f75f9e2,11,6,5,4,5393.26,36612.11,6.788493415856087,592.9012370186111,610.8943292002779,490.2963636363637,6102.018333333333,0,0
ACC_1f7b9e46,7,5,1,4,6877.880000000001,36609.740000000005,5.322823311834461,454.1970544736111,391.1287336555556,982.5542857142858,7321.948000000001,0,0
ACC_1fa071d9,7,13,4,3,232798.1,48283.07000000001,0.2074031961601061,504.1812904947222,501.9328315691667,33256.87142857143,3714.082307692309,0,0
ACC_1fb91bf8,15,5,4,3,20398.08,94709.43,4.643056111163403,376.02510836444446,674.6927819302778,1359.8719999999998,18941.886,0,0
ACC_1fd4e6fa,4,11,3,5,35222.43,38385.28999999999,1.0897967573503586,274.5695450277778,181.41175072972223,8805.6075,3489.571818181817,0,0
ACC_1fd96c04,10,3,4,3,66521.44,20913.71,0.3143905183050757,393.1393515058333,589.3753319608334,6652.144,6971.236666666667,0,0
ACC_1fe46a9c,2,3,2,1,576.0699999999999,2225.07,3.862499349037444,149.04991120888891,226.06219297805555,288.035,741.69,0,0
ACC_200abadf,9,5,3,3,5230.27,43727.71,8.360507201349069,543.4647813305555,618.3072148469445,581.1411111111112,8745.542,0,0
ACC_2015baa3,4,14,3,6,1598.5300000000002,159193.47,99.58741468724388,520.2650948488889,407.2075476130555,399.6325000000001,11370.962142857144,0,0
ACC_20280c9a,11,12,3,4,65614.90999999999,122607.21,1.86858764265622,556.0923999400001,664.1554069844444,5964.9918181818175,10217.2675,0,0
ACC_205ec684,3,11,2,3,1263.4,43352.16999999999,34.31389108754154,673.3019818222223,661.2371700122221,421.1333333333334,3941.106363636363,0,0
ACC_2065f0c7,10,13,2,5,59572.12,119738.37,2.009973289518654,628.0123408119443,683.6579306527778,5957.212,9210.643846153847,0,0
ACC_20770a48,6,15,3,2,103048.22,31368.8,0.3044089456372948,483.7335645294445,546.341882291389,17174.703333333335,2091.253333333333,0,0
ACC_21206c03,7,11,2,5,21330.54,9592.21,0.4496937255221855,616.8975440858333,493.591750885,3047.2200000000003,872.019090909091,0,0
ACC_214971e3,6,14,4,4,9316.5,68251.86,7.325912091450652,639.1415237891666,556.9021626727778,1552.75,4875.132857142858,0,0
ACC_214b4920,3,6,1,3,4866.099999999999,4508.65,0.9265428166293336,544.5165896780555,370.1168365861112,1622.033333333333,751.4416666666666,0,0
ACC_21a9831c,15,15,4,3,65054.87999999999,18095.59,0.2781588406588407,714.4762394016667,636.5255970016666,4336.991999999999,1206.3726666666666,0,0
ACC_21f22255,1,3,1,2,310.77,1176.71,3.786433696946295,0.0,999999.0,310.77,392.2366666666667,0,0
ACC_22287da0,7,14,3,5,6794.07,188028.22000000003,27.67534335089277,632.91750224,459.7641055966666,970.5814285714284,13430.587142857144,0,0
ACC_229eb42b,10,5,4,4,39497.07,23640.76,0.5985446515399749,366.8356174891666,583.1724662377777,3949.707,4728.152,0,0
ACC_22d83b96,12,4,5,3,132622.37,2003.05,0.0151034097792099,445.2853698261112,558.3533497444445,11051.864166666666,500.7625,0,0
ACC_22e86818,9,7,2,2,56834.93000000001,148953.63,2.6208113566780145,543.7681381374999,518.4013942538888,6314.992222222223,21279.09,0,0
ACC_2300448d,3,3,1,2,22594.78,1965.0,0.0869669897206345,439.4666260641666,383.46104968583336,7531.593333333334,655.0,0,0
ACC_231cd437,12,9,4,3,12125.42,168204.01,13.872015154938964,611.3885798577778,479.4670431586111,1010.4516666666668,18689.334444444445,0,0
ACC_23a98317,8,10,3,3,208904.9,123917.37,0.5931759858193848,557.2360344830556,584.2296009561112,26113.1125,12391.737,0,0
ACC_23bbf267,5,6,2,2,60405.89,76823.59,1.2717897211679192,288.76635287305555,597.2320591827778,12081.178,12803.931666666664,0,0
ACC_23c09568,3,5,3,5,1565.44,54628.01,34.896265586672115,306.3298420338889,445.09543502,521.8133333333334,10925.602,0,0
ACC_23d7ccb4,7,8,2,3,109640.19,177941.02000000002,1.622954319944174,481.6792663630556,601.4959201547223,15662.884285714284,22242.6275,0,0
ACC_23e72879,6,9,3,4,3420.7599999999998,198896.26,58.143880307300144,511.2179755686111,615.4050785275,570.1266666666666,22099.584444444445,0,0
ACC_24289683,4,3,3,3,59898.310000000005,32471.59,0.5421119560802299,280.94397507027776,294.9644966436111,14974.5775,10823.863333333333,0,0
ACC_243441e1,5,8,2,3,5077.12,14751.71,2.905527149249969,460.78100822083337,406.1176739586111,1015.424,1843.96375,0,0
ACC_24922054,10,9,3,4,10199.68,5343.840000000001,0.5239223191315807,646.1346346080555,494.1276362669445,1019.968,593.7600000000001,0,0
ACC_2497e547,8,12,3,5,8717.69,72224.65000000001,8.284838070635685,614.0847530333333,603.6410938133333,1089.71125,6018.720833333334,0,0
ACC_24c9b3e1,8,12,4,3,11586.44,163455.83,14.107511021504449,607.0903599105555,549.865877755,1448.305,13621.319166666666,0,0
ACC_24dae2a9,22,11,4,4,71532.82000000002,10067.64,0.1407415505218443,662.6998725469444,683.1253186602778,3251.49181818182,915.24,0,0
ACC_24e4c318,12,6,3,3,62661.18,66466.31,1.0607254762837215,658.961323675,591.6889133688888,5221.765,11077.718333333332,0,0
ACC_24e7d7f4,4,11,1,5,13608.670000000002,145106.72,10.662814220640223,448.03700953944445,349.8028836266667,3402.1675000000005,13191.52,0,0
ACC_24efd3cd,10,3,3,3,7951.27,2383.3,0.2997382808029409,293.6935435177777,681.8105819180556,795.1270000000001,794.4333333333334,0,0
ACC_250e94a8,10,10,4,4,17758.48,33478.22,1.885196255535384,572.0872773033333,572.0383401633334,1775.848,3347.822,0,0
ACC_253bd6b0,13,4,4,3,82313.47,9055.31,0.1100100627515763,571.7972894255556,629.4276306980556,6331.805384615384,2263.8275000000003,0,0
ACC_25a21f86,4,4,3,3,4527.02,2849.41,0.6294228874623924,204.12087074583332,219.7908837036111,1131.755,712.3525,0,0
ACC_25c2dfa4,21,12,4,6,21990.43,15139.58,0.6884622083333523,637.8685230927778,672.7580119755555,1047.1633333333334,1261.631666666667,0,0
ACC_26731b17,13,7,5,4,36047.78,13276.7,0.3683083951355673,656.1853228822223,666.7405441627778,2772.9061538461538,1896.6714285714288,0,0
ACC_26a46fc7,27,3,7,2,107765.22000000002,35775.57,0.3319769587998799,636.5398788875,712.3972055755555,3991.304444444445,11925.19,0,0
ACC_26ae3f66,17,11,7,2,50904.7,51109.03,1.0040139712050165,598.1134483991667,647.1910979011111,2994.3941176470585,4646.275454545455,0,0
ACC_26b7d89d,13,6,4,2,11251.530000000002,26698.38,2.3728666234725404,647.1495756088889,658.4330617180556,865.5023076923079,4449.73,0,0
ACC_26e954ed,21,14,7,4,69547.70000000001,103887.17,1.4937542147331972,628.0245940408333,608.2060818472222,3311.795238095239,7420.512142857143,0,0
ACC_26f45044,8,7,2,4,8779.29,10717.08,1.220722860276856,654.2231619269445,420.8274073580556,1097.41125,1531.0114285714285,0,0
ACC_272f0bb5,6,7,3,4,37859.23,50975.7,1.34645369174175,662.0680029247222,683.6679457111111,6309.871666666666,7282.242857142858,0,0
ACC_2731df5b,6,11,2,6,225108.83,14747.88,0.0655144447243584,644.8014215355555,585.7791901986111,37518.13833333333,1340.7163636363637,0,0
ACC_274e7a46,10,13,4,6,19079.44,10667.87,0.5591290939356711,619.2035596244444,590.3315796033334,1907.944,820.6053846153847,0,0
ACC_27ba0d25,7,12,2,6,6530.86,38543.45,5.901741883917278,534.9283425049999,509.5853032825,932.98,3211.9541666666664,0,0
ACC_282ef891,5,7,3,3,4250.66,34571.170000000006,8.133129913942778,448.82348479694446,464.8998062752778,850.132,4938.738571428572,0,0
ACC_2849e7e8,5,8,3,2,9902.76,67649.81999999999,6.831410637034523,509.31315380138886,494.313671395,1980.552,8456.227499999999,0,0
ACC_2856f6ea,8,15,5,4,46439.02,82285.99,1.7719148681432126,651.0161841075,633.0088584019444,5804.8775,5485.732666666667,0,0
ACC_2896892d,10,9,4,2,25227.300000000003,5373.75,0.2130132832288829,577.1577472155556,555.2835917325,2522.7300000000005,597.0833333333334,0,0
ACC_2906b9c5,10,11,5,4,18589.05,113895.13,6.127001110869035,553.9768728444444,309.31803793638886,1858.9049999999995,10354.102727272728,0,0
ACC_2975cd4b,2,10,1,6,2455.62,6577.85,2.678692142921136,607.6972687277778,120.41763088,1227.81,657.7850000000001,0,0
ACC_29ac6d15,2,15,1,5,20882.36,53944.69,2.583265971853756,608.6221515488888,500.03110685694446,10441.18,3596.3126666666662,0,0
ACC_29bcbf6c,10,10,5,6,9174.98,63528.45,6.924096837268311,584.5451147322223,619.2781971408334,917.498,6352.845,0,0
ACC_29cc9202,9,4,3,2,8604.85,4281.45,0.4975624211926994,606.3450386436111,630.9579722008333,956.0944444444444,1070.3625,0,0
ACC_29f21717,8,9,4,2,8207.52,71455.29,8.706075647698695,577.789311346111,486.1846791847222,1025.94,7939.476666666666,0,0
ACC_29fabd6f,18,14,7,6,132047.31,58717.17,0.4446676725182815,480.48699418,598.4862523513889,7335.961666666666,4194.083571428571,0,0
ACC_2a446a87,2,7,2,4,11253.42,35079.810000000005,3.1172576869964868,365.5840665136111,9.558487353333334,5626.71,5011.401428571429,0,0
ACC_2a46ec14,5,3,3,2,20670.77,45503.92,2.201365503075115,398.4882179333334,465.3157811252778,4134.154,15167.973333333332,0,0
ACC_2a5ba0ef,11,12,5,4,9836.49,23823.17000000001,2.4219177775812315,552.5937708675,545.8835040836111,894.2263636363637,1985.2641666666675,0,0
ACC_2a6bf018,3,4,1,3,76512.06,9947.05,0.1300063022744388,611.8023926644445,491.7709748511111,25504.02,2486.7625,0,0
ACC_2a72425e,11,13,3,3,8902.3,90026.76000000001,10.112752884086136,617.8498262477777,662.453834585,809.3,6925.135384615385,0,0
ACC_2a819ca1,13,13,6,5,45377.35999999999,96636.91,2.129628299222344,688.9311719655556,650.3653678452777,3490.566153846153,7433.608461538462,0,0
ACC_2aa402cc,6,7,3,3,42001.48,59602.13,1.4190483287731763,668.3517130602777,527.9658930877778,7000.246666666666,8514.59,0,0
ACC_2aac6394,5,13,2,5,30967.46,63091.56,2.0373501733755366,660.8486628958333,683.7627866497222,6193.492,4853.196923076923,0,0
ACC_2aae0916,2,13,2,6,52558.01,96003.45,1.8266188160472592,309.16318875972223,116.71579054,26279.005,7384.88076923077,0,0
ACC_2ac9fb56,13,14,6,4,31341.4,15901.78,0.5073729954628702,684.6052951486112,640.6468946538889,2410.876923076923,1135.8414285714284,0,0
ACC_2b0cac90,5,4,2,2,6465.28,4100.2,0.6341875371213621,408.63105509,449.9247609863889,1293.056,1025.05,0,0
ACC_2b2cae09,12,9,4,5,17454.440000000002,20146.7,1.1542449943968411,487.61784581222224,603.1197346925,1454.5366666666669,2238.5222222222224,0,0
ACC_2b3bebd1,9,10,3,3,29888.08,22980.24,0.768876421636987,692.6847271852778,664.4145606605556,3320.8977777777777,2298.024,0,0
ACC_2b89f186,6,4,3,2,38653.44,4361.17,0.1128274740876879,471.8292205408333,636.7095403105556,6442.240000000001,1090.2925,0,0
ACC_2b91b8c9,7,10,2,4,50790.59,14145.28,0.278501982355393,598.4280695172222,481.1532893430555,7255.798571428572,1414.5279999999998,0,0
ACC_2b9bb394,11,5,4,3,90340.02,52685.990000000005,0.5831965722389701,615.4316547016666,678.5850158461111,8212.72909090909,10537.198,0,0
ACC_2bc775a7,20,12,7,5,84179.97000000002,234374.35,2.784205672679617,603.4657502780556,704.1603654305555,4208.998500000001,19531.19583333333,0,0
ACC_2bc9d79c,4,5,2,4,72844.27,4366.54,0.0599434931532706,673.2203321191668,666.1016142327778,18211.0675,873.308,0,0
ACC_2bea1d20,4,10,2,5,30176.85,65904.04000000001,2.1839270831779998,630.4748633358334,345.13725005027777,7544.212500000001,6590.404,0,0
ACC_2bed5688,14,11,5,4,402163.42,11065.69,0.0275154065479152,687.6047775430555,656.9379620522221,28725.95857142857,1005.9718181818182,0,0
ACC_2c1d6f84,3,15,1,2,527.01,299029.63000000006,567.4078859983683,624.7785312733333,376.0059741188889,175.67,19935.30866666667,0,0
ACC_2c436d41,11,14,4,5,12883.27,185047.99,14.363433351936274,616.2721448611111,560.0725261608334,1171.2063636363634,13217.713571428572,0,0
ACC_2c71fe80,14,6,3,5,123546.95,5237.07,0.0423893102986354,620.6122263802778,586.391361475,8824.782142857142,872.8449999999999,0,0
ACC_2c954fb0,0,13,0,5,0.0,60196.07000000001,0.0,999999.0,999999.0,0.0,4630.466923076923,0,0
ACC_2c9b5eb3,11,4,5,3,346864.23,2255.88,0.0065036397670639,514.8337814377778,584.6848135375,31533.111818181816,563.97,0,0
ACC_2c9c29e6,18,12,5,6,487900.26,71966.73999999999,0.1475029753007305,586.5358961455555,640.4374531166667,27105.57,5997.228333333333,0,0
ACC_2ccabdc9,8,12,3,5,11347.87,114802.91,10.116692383680814,700.0168049791666,660.2918535755555,1418.48375,9566.909166666666,0,0
ACC_2ccaf03a,1,12,1,5,645.18,314826.94999999995,487.9676214389783,256.03947143722223,999999.0,645.18,26235.579166666663,0,0
ACC_2ccd5657,9,7,4,3,9670.69,128557.19,13.29348681428109,650.5112043302778,606.5838599511111,1074.5211111111112,18365.312857142857,0,0
ACC_2cd00d08,3,5,2,3,1352.01,52063.31,38.50808056153431,420.0928483447223,347.90065119888885,450.67,10412.662,0,0
ACC_2cd381c2,12,9,4,2,34087.240000000005,8405.26,0.246580832006346,597.2172937897222,602.7461158052778,2840.603333333334,933.9177777777778,0,0
ACC_2cf23d61,9,5,3,4,59274.26000000001,50191.38999999999,0.8467653581841424,171.47597403416663,447.4946152386111,6586.02888888889,10038.277999999998,0,0
ACC_2d0c853e,5,7,3,4,10551.499999999998,63859.87,6.052207742974933,642.1482846,551.6122973338889,2110.3,9122.83857142857,0,0
ACC_2d109811,4,6,3,2,2296.14,3584.71,1.5611896487147996,534.2099729325,264.2302329030556,574.035,597.4516666666666,0,0
ACC_2d1791a7,5,5,1,3,30024.5,4229.49,0.1408679578344352,377.2690442758334,318.5437664863889,6004.9,845.8979999999999,0,0
ACC_2d1e16de,12,3,5,2,56637.16,2914.65,0.0514617964601332,613.9589465583333,645.5050366697222,4719.763333333333,971.55,0,0
ACC_2d98f0e3,8,13,4,5,8139.48,270587.11,33.24378338665369,331.9638131258333,386.0296389166666,1017.435,20814.39307692308,0,0
ACC_2da2d725,15,12,6,4,11872.15,46233.0,3.8942398807292697,625.8245137758333,509.2088716347222,791.4766666666667,3852.75,0,0
ACC_2da62ff4,14,14,3,4,111961.47,119364.51,1.066121318342819,460.4345223875,564.8626730205556,7997.247857142856,8526.03642857143,0,0
ACC_2dc6694b,10,8,3,3,93890.67,9098.2,0.0969020670530948,668.4972266744445,677.2192035388888,9389.067,1137.275,0,0
ACC_2dd75665,5,10,3,4,56895.85999999999,9587.71,0.1685133153800646,435.4087455175,363.1831570913889,11379.172,958.771,0,0
ACC_2e0642b6,4,14,2,3,110374.92,56757.2,0.5142218902627517,644.8409267902778,186.08091619444448,27593.730000000003,4054.085714285714,0,0
ACC_2e24614b,21,8,6,5,178766.5,5573.52,0.0311776535312824,700.6368876241667,658.4579723713888,8512.690476190477,696.6899999999999,0,0
ACC_2e253d0f,10,5,4,4,116619.09,6571.35,0.0563488361982588,434.7862533811111,429.33557067305554,11661.909,1314.27,0,0
ACC_2e3fd0b9,8,10,2,3,48790.26,51691.13,1.059455924194706,596.0373001608333,595.8326882238889,6098.7825,5169.112999999999,0,0
ACC_2e4b878e,5,11,2,3,3927.87,31075.309999999998,7.911491469931539,653.9564292061111,665.5013469005556,785.574,2825.028181818181,0,0
ACC_2e935b49,8,13,4,3,10839.95,12567.64,1.159381731465551,656.5339761555556,586.3325577325,1354.99375,966.7415384615384,0,0
ACC_2eaa390c,11,5,4,2,6593.77,3535.38,0.5361697481107167,542.3007824263889,561.3174085925,599.4336363636363,707.076,0,0
ACC_2f0793c2,4,7,3,5,8413.21,8557.82,1.0171884453139766,656.4406199258333,529.4073114841667,2103.3025,1222.5457142857142,0,0
ACC_2f2e6ded,18,15,6,2,25084.120000000003,10420.809999999998,0.4154345458401569,701.5818686863888,615.4243016702777,1393.5622222222223,694.7206666666665,0,0
ACC_2f3e0208,5,12,3,4,9103.01,66721.97,7.329660189321993,637.7323073411111,412.1784306936111,1820.602,5560.1641666666665,0,0
ACC_2f6d4a7f,4,9,2,3,7774.49,34991.22,4.500773684190217,594.3425873855556,315.38322984,1943.6225,3887.913333333333,0,0
ACC_2f71e333,9,11,5,3,243294.6,62459.08,0.2567220152029679,680.5924454455555,590.2943689077779,27032.73333333333,5678.098181818182,0,0
ACC_2f81614c,15,14,4,3,12314.21,20976.57,1.7034442323137255,478.8882785355556,647.5798809027777,820.9473333333333,1498.3264285714286,0,0
ACC_2fba3277,6,14,3,3,4355.3,54918.91999999999,12.609675567699124,650.8956409144445,517.4321828563889,725.8833333333333,3922.7799999999993,0,0
ACC_2fbeafd3,7,6,5,2,7176.840000000001,10366.53,1.444442122159613,580.8706274208333,622.1649981116666,1025.2628571428572,1727.755,0,0
ACC_2fcc699d,8,14,3,3,60602.56999999999,10106.449999999995,0.1667660298894914,623.3092483175,413.65236518555554,7575.321249999999,721.8892857142855,0,0
ACC_2ff315db,4,13,2,5,2430.34,88423.35,36.38311923434582,426.1583168769444,288.9078679438889,607.5849999999999,6801.796153846154,0,0
ACC_30090e66,7,13,3,6,3980.0,232585.99,58.43869095477388,620.2221459072222,601.0582053858333,568.5714285714286,17891.230000000003,0,0
ACC_3009fc13,19,9,6,5,35555.369999999995,6829.370000000001,0.1920770336520194,536.3251436727778,609.3248516283332,1871.3352631578944,758.818888888889,0,0
ACC_30146107,3,9,2,5,3069.51,6944.29,2.2623448042195657,433.24257327416666,178.56954371611113,1023.17,771.5877777777778,0,0
ACC_303ba660,12,13,4,4,72131.11,91720.24,1.2715767163433365,519.3307296758334,504.3073415386111,6010.925833333334,7055.403076923078,0,0
ACC_3067103c,8,13,5,2,250803.21,228326.61,0.9103815298057788,707.2806370858333,539.3359595455555,31350.40125,17563.585384615384,0,0
ACC_30688e88,14,11,6,3,117155.39,13539.469999999998,0.1155684770457423,650.4076916388889,687.0855947713889,8368.242142857143,1230.8609090909088,0,0
ACC_306d23d6,13,3,6,2,11561.48,46365.39000000001,4.010333452118588,202.61662287555555,660.7439182102777,889.3446153846154,15455.130000000005,0,0
ACC_30811110,4,13,1,5,4154.34,76319.23999999999,18.37096626660312,401.69905207638885,311.71505193,1038.585,5870.710769230768,0,0
ACC_308dace9,15,9,6,2,24128.33,96964.47,4.018697937238093,585.0004349474999,660.9236672602777,1608.5553333333337,10773.83,0,0
ACC_30a2367c,2,4,1,3,1583.05,36834.780000000006,23.26823536843436,158.23287752333334,191.6575921211111,791.525,9208.695000000002,0,0
ACC_30b85d3b,7,8,4,4,6262.0,16030.09,2.559899393165123,617.5464294680556,321.9511093319444,894.5714285714286,2003.76125,0,0
ACC_30c449d6,5,6,2,2,227262.48,8075.809999999999,0.035535166209574,566.4868235819445,584.0737072294445,45452.496,1345.9683333333332,0,0
ACC_30d70286,1,7,1,3,1468.91,7546.83,5.13770755185818,0.0,999999.0,1468.91,1078.1185714285714,0,0
ACC_30da75f2,10,15,3,4,45926.22,7988.52,0.1739424668522687,609.9971469613889,534.0879054733333,4592.622,532.568,0,0
ACC_30eb89e9,13,7,4,4,21351.74,34992.71,1.6388692443800834,655.4931004352778,650.2946099,1642.4415384615384,4998.958571428571,0,0
ACC_30ee482e,19,7,9,3,62222.310000000005,4135.650000000001,0.0664657098073022,633.4562199547222,622.6887961986112,3274.858421052632,590.8071428571429,0,0
ACC_310cf1e0,4,11,2,6,1831.23,223306.96,121.9436990438121,264.27560123194445,327.7598696375,457.8075,20300.63272727273,0,0
ACC_311833e0,6,15,2,2,3850.49,59898.41,15.556048710683577,666.7621133524999,528.9259753613889,641.7483333333333,3993.227333333333,0,0
ACC_3133b2cf,16,11,4,2,50072.60999999999,29626.840000000004,0.591677565838889,682.9076562836111,684.5951924380555,3129.538125,2693.349090909091,0,0
ACC_3170c2d0,15,9,6,5,77175.15,68556.41,0.8883223421010521,589.0739550586111,669.2971957644444,5145.009999999999,7617.378888888889,0,0
ACC_318fad03,9,5,6,2,76367.87,39937.100000000006,0.522956840357077,652.3069649316667,549.035301525,8485.318888888889,7987.420000000001,0,0
ACC_31b9dc7c,8,9,4,3,4942.72,9470.33,1.91601587789719,576.1694916225,575.8500719833334,617.84,1052.2588888888888,0,0
ACC_31be5ee7,7,7,2,3,5186.43,6736.070000000001,1.2987874125361762,272.7564644522222,265.1213643988889,740.9185714285715,962.2957142857144,0,0
ACC_31d0c177,14,3,4,2,24215.800000000003,1652.03,0.0682211613904971,410.1737809344445,634.719835205,1729.7000000000005,550.6766666666666,0,0
ACC_31f8798e,0,5,0,3,0.0,5911.360000000001,0.0,999999.0,999999.0,0.0,1182.2720000000002,0,0
ACC_31fc6b9a,15,9,5,3,84482.30000000002,53222.8,0.6299875831979005,574.2871784636111,608.3412531983333,5632.153333333335,5913.644444444444,0,0
ACC_320cd1bc,10,13,3,3,61467.600000000006,17444.73,0.2838036624172734,504.8789620894445,559.7847328586112,6146.76,1341.9023076923077,0,0
ACC_32253508,8,12,4,3,8338.77,9997.73,1.1989454080158104,538.5412501197222,526.5647386194444,1042.34625,833.1441666666666,0,0
ACC_3262e1f6,5,11,3,4,44786.1,65052.100000000006,1.4525064696412504,298.6078498947222,253.05248515916668,8957.22,5913.827272727273,0,0
ACC_32ad0cc6,10,8,4,5,50192.19,67337.16,1.34158641015664,466.8760969761111,436.2556632083334,5019.219,8417.145,0,0
ACC_32b15e22,5,6,2,4,66601.29,5464.290000000001,0.0820448072402201,396.4532946805556,505.83196386972224,13320.257999999998,910.715,0,0
ACC_32d7389d,13,11,6,3,47507.99,58558.29,1.2325987691754587,541.676123465,474.03253324583335,3654.460769230769,5323.480909090909,0,0
ACC_3306c14c,10,13,3,4,11910.69,77850.62,6.53619731518493,644.6313813669444,677.4934695630556,1191.069,5988.50923076923,0,0
ACC_330fb162,5,4,2,3,7772.4,10240.27,1.3175171118316094,575.4835201891667,237.63799247555556,1554.48,2560.0675,0,0
ACC_332c8161,7,12,3,4,8464.16,110349.68,13.03728662974235,610.4939918663889,631.9255007763888,1209.1657142857143,9195.806666666667,0,0
ACC_33562688,12,15,3,3,55269.83,162915.30000000002,2.947635265026145,668.7109913419445,446.3903218455556,4605.819166666667,10861.02,0,0
ACC_337bb5a4,6,15,4,4,9362.34,126886.29,13.552839354263998,610.8881866330555,612.1493164563889,1560.39,8459.086000000001,0,0
ACC_3394f9f1,12,15,4,3,395554.19000000006,42203.78,0.1066953177768133,498.6091059511111,523.8384914336111,32962.849166666674,2813.585333333333,0,0
ACC_33981f28,14,8,4,4,21029.98,55863.29,2.656364390265707,598.8907387155556,576.3518301494444,1502.1414285714284,6982.91125,0,0
ACC_3399e417,14,15,3,4,37725.87999999999,58096.54,1.5399651379901549,644.6966688222223,638.3000101952778,2694.7057142857134,3873.102666666666,0,0
ACC_33ae3e80,1,5,1,2,260.6,4818.88,18.491481197237142,423.69492140555553,999999.0,260.6,963.776,0,0
ACC_33f1348c,19,9,7,6,503431.05,11056.06,0.0219614185497696,696.2603652119444,567.1909212269444,26496.371052631577,1228.451111111111,0,0
ACC_3421cfad,9,4,3,3,232754.81,38211.16,0.1641691529382357,394.2700765111111,605.986837931111,25861.645555555555,9552.79,0,0
ACC_344e8eeb,11,8,5,2,12456.74,10754.75,0.8633679437798333,604.9545815047222,561.3493432894444,1132.4309090909092,1344.34375,0,0
ACC_34684ba3,5,15,1,6,2612.71,27886.1,10.67324731791894,649.8296882347222,503.0707947019444,522.542,1859.0733333333333,0,0
ACC_34a4b91a,7,15,4,6,9415.52,72769.54000000001,7.728679881727193,628.7247521316666,445.5528281463889,1345.0742857142857,4851.302666666667,0,0
ACC_34bed7bf,1,14,1,6,74.08,8695.75,117.3832343412527,525.2012742263889,999999.0,74.08,621.125,0,0
ACC_34f72247,9,4,5,2,52365.060000000005,3635.61,0.0694281645051108,579.5187866586111,678.6629762138889,5818.34,908.9025,0,0
ACC_350a53d3,2,9,1,3,2243.5600000000004,84997.67000000001,37.88517802064576,171.51340746027776,149.77768287833334,1121.7800000000002,9444.185555555558,0,0
ACC_35491789,10,10,3,5,49097.59,5865.03,0.119456576178179,456.3962926866666,613.0399217977779,4909.759,586.5029999999999,0,0
ACC_35562064,12,9,5,2,56723.95,74102.02,1.3063621274611517,643.4799408158334,689.1612327244444,4726.995833333333,8233.557777777778,0,0
ACC_3560ba23,17,10,5,5,70732.69,6778.56,0.095833482368619,559.6388592405556,648.7199613394445,4160.746470588236,677.856,0,0
ACC_3567ae9b,16,15,4,5,66512.37,76235.85999999999,1.146190701068087,676.7010543458333,680.4294692841667,4157.023125,5082.390666666665,0,0
ACC_358ac58e,7,9,3,4,51642.77999999999,48489.060000000005,0.9389320249607014,593.0200600874999,488.43466676027776,7377.539999999999,5387.673333333334,0,0
ACC_3594470f,9,12,3,5,7037.320000000001,215610.76,30.63819181165557,585.2915231913888,619.4579023866667,781.9244444444445,17967.563333333335,0,0
ACC_35b148e6,1,11,1,2,35439.12,64802.43,1.828556408849881,330.0871898230555,999999.0,35439.12,5891.13,0,0
ACC_35b61bc8,3,9,2,2,40179.78,72815.01,1.8122301814494752,431.75585611583335,485.3822111697222,13393.26,8090.556666666666,0,0
ACC_35c25020,13,15,4,4,14891.270000000002,18114.5,1.2164509810110218,355.4914962855556,537.4848303866667,1145.4823076923078,1207.6333333333334,0,0
ACC_35f39ca5,0,8,0,3,0.0,6195.879999999999,0.0,999999.0,999999.0,0.0,774.4849999999999,0,0
ACC_361ca304,9,14,3,4,5716.179999999999,16590.899999999998,2.902445339369999,425.6913958786111,396.3222482255556,635.1311111111111,1185.0642857142857,0,0
ACC_3651d5b0,5,9,3,6,3091.71,59241.27999999999,19.161331431473197,532.7173161852778,489.8648522616666,618.342,6582.364444444444,0,0
ACC_36526939,2,5,1,2,1684.29,44664.72,26.518426161765493,311.4574434672222,268.67406182027776,842.145,8932.944,0,0
ACC_3677f399,9,7,5,2,39361.14,37238.56,0.946074224476222,645.7457748180556,597.0859885286112,4373.46,5319.794285714285,0,0
ACC_367b1816,6,13,2,2,8114.4,29149.31,3.592293946564133,412.1852320341667,437.40410578611113,1352.4,2242.254615384616,0,0
ACC_36b65bb2,6,8,4,4,9432.98,4609.4,0.4886472779545805,576.0057100747223,394.6972431236111,1572.1633333333336,576.175,0,0
ACC_371987e0,10,11,3,5,63588.91,7865.660000000001,0.1236954682821265,671.7430786919446,367.0375208211111,6358.8910000000005,715.0600000000001,0,0
ACC_37448a74,20,10,7,2,23064.96,147168.13,6.380593332917118,649.2354565977778,632.51377127,1153.248,14716.813,0,0
ACC_378f63f6,20,4,8,2,56050.34,68445.15,1.221137106394002,509.6750196991667,676.5011065924999,2802.5170000000003,17111.2875,0,0
ACC_37dfbbbd,18,3,6,3,88440.36,4235.9800000000005,0.0478964581329157,574.3960502297223,560.5470030438889,4913.3533333333335,1411.9933333333336,0,0
ACC_37fee389,11,9,5,3,6662.920000000001,16426.85,2.4654130621409225,532.692732035,439.0743424061111,605.7200000000001,1825.2055555555555,0,0
ACC_3829b3e3,2,3,2,2,3238.26,902.83,0.2788009610099251,495.3423867480556,187.06145380194445,1619.13,300.9433333333333,0,0
ACC_383cfb48,5,13,3,2,11511.01,196149.99,17.04020672382354,661.9725034097222,644.12049328,2302.202,15088.46076923077,0,0
ACC_383f8743,10,8,2,4,358246.99,149745.06,0.4179939097325005,588.5564821280556,547.8203727269445,35824.699,18718.1325,0,0
ACC_38762049,11,15,4,2,9251.36,194013.05,20.97130043582781,624.0223040863889,620.6816039036111,841.0327272727274,12934.203333333331,0,0
ACC_387c2c01,16,11,4,3,95697.37,8217.36,0.0858681905260301,666.1896289036112,694.3153110719445,5981.085625000001,747.0327272727274,0,0
ACC_38931bf1,16,9,6,3,15820.260000000002,8689.57,0.5492684696711684,664.2578803538889,648.9482530319445,988.76625,965.5077777777776,0,0
ACC_38afa69f,15,9,5,4,68994.76000000001,54665.59999999999,0.7923152424908788,600.8825583055556,602.571091155,4599.650666666667,6073.955555555554,0,0
ACC_38c6e168,16,11,4,4,519491.56,7160.309999999999,0.013783303813444,584.84492429,702.5312874141666,32468.2225,650.9372727272726,0,0
ACC_38c94695,13,10,4,5,13900.11,18754.66,1.3492454376260332,609.7351102816666,564.1354989533334,1069.2392307692307,1875.466,0,0
ACC_390314af,6,4,2,1,12288.89,6182.6900000000005,0.5031121606589366,353.1862370147222,581.6039833672222,2048.148333333333,1545.6725,0,0
ACC_3908b681,8,3,4,3,3948.02,1563.99,0.3961454095977224,405.1884907405556,325.6694426925,493.5025,521.33,0,0
ACC_3928c927,7,11,4,2,16581.219999999998,71315.59000000001,4.300985693453197,506.93824265055554,527.0261136077778,2368.745714285714,6483.235454545456,0,0
ACC_3943d0b0,7,13,3,5,14893.580000000002,40842.48,2.742287616543504,642.8053912986111,679.9450502516667,2127.654285714286,3141.729230769231,0,0
ACC_39446f41,7,8,2,3,54843.37,30087.520000000004,0.5486081544587796,676.9703755530555,661.5330425641666,7834.767142857143,3760.940000000001,0,0
ACC_395b20c9,6,3,3,3,27488.47,6178.9,0.22478151748715,709.5716216063889,711.1938534344445,4581.411666666666,2059.633333333333,0,0
ACC_3963660c,6,7,2,3,6734.530000000001,8444.91,1.2539716951294295,630.27800645,673.4270358425,1122.4216666666669,1206.4157142857143,0,0
ACC_39b5fd96,2,15,1,3,1993.52,111170.30999999995,55.76583630964323,515.8683940472222,75.42058838611112,996.76,7411.353999999997,0,0
ACC_39c32807,8,7,1,4,4786.02,21939.26,4.584030154491623,289.3683404080556,432.4495872969444,598.2524999999999,3134.18,0,0
ACC_39d6426d,9,10,6,5,8060.93,94195.11,11.685389899180366,690.9836056480556,664.0446794458334,895.6588888888889,9419.511,0,0
ACC_39df2e88,1,15,1,2,243.34,70829.70999999999,291.07302539656445,685.8540102941668,999999.0,243.34,4721.980666666666,0,0
ACC_39dff03c,11,14,3,3,102177.34,162888.78,1.594177143386195,526.3771694505556,590.0268819247223,9288.84909090909,11634.912857142856,0,0
ACC_39e35a59,7,3,3,2,23458.17,61466.03,2.620239771474075,415.4438603836111,611.9838075483333,3351.1671428571426,20488.676666666663,0,0
ACC_3a24dc40,17,3,8,1,16167.5,754.4,0.0466615122931807,563.6104749113889,557.3879822580556,951.029411764706,251.46666666666667,0,0
ACC_3a26ae19,11,9,6,5,15081.620000000004,65624.34,4.35127923923292,565.8881739527778,653.8238829324999,1371.0563636363638,7291.593333333333,0,0
ACC_3a2958d2,9,13,4,3,219106.77,75228.75999999998,0.3433429281988867,661.0223190208333,626.2892822747223,24345.196666666667,5786.827692307691,0,0
ACC_3a32120a,3,11,2,3,2956.7699999999995,12468.910000000002,4.217071331216159,626.0106918066666,314.54942110694446,985.5899999999998,1133.537272727273,0,0
ACC_3a3cb28a,5,7,3,4,12441.59,13479.5,1.083422617205679,548.8078236558333,684.5301265902777,2488.318,1925.642857142857,0,0
ACC_3a48b990,22,11,7,4,109100.13999999998,30257.04,0.2773327330285736,676.2680663677778,700.1231991186111,4959.097272727272,2750.64,0,0
ACC_3aa256b8,8,4,3,4,5912.02,45867.27,7.758307651191979,485.8884594602778,624.8684605491667,739.0025,11466.8175,0,0
ACC_3aab6b5d,4,10,4,4,1562.0600000000002,29734.1,19.0351843079011,604.011044786111,335.2138253991667,390.515,2973.41,0,0
ACC_3ae2598c,12,15,5,3,29411.53,110777.06,3.766450096271768,617.8619305411111,671.1374334680555,2450.960833333333,7385.137333333333,0,0
ACC_3af3f776,8,9,1,4,183190.33,36557.670000000006,0.1995611340402083,549.2792576161111,385.1667721930556,22898.79125,4061.963333333334,0,0
ACC_3b07fe01,0,7,0,3,0.0,102038.17,0.0,999999.0,999999.0,0.0,14576.881428571429,0,0
ACC_3b2344fd,3,7,1,2,48821.170000000006,62143.16999999999,1.2728734276544371,373.61423224,393.2440182319445,16273.723333333335,8877.595714285713,0,0
ACC_3b3d74c9,12,3,6,2,19639.17,3748.05,0.190845641643715,80.47808810972222,706.3335237266666,1636.5975,1249.35,0,0
ACC_3b3df3f5,4,12,1,4,2798.36,204661.56,73.13625123286498,464.52440037083335,476.2477721436111,699.5899999999999,17055.13,0,0
ACC_3b40628b,18,9,5,5,36111.58,14073.179999999998,0.3897137704858108,684.439824458611,654.5667334133334,2006.198888888889,1563.6866666666665,0,0
ACC_3b600f9b,9,7,3,5,64137.060000000005,46014.2,0.7174354421608972,694.0080496886111,617.3090950538889,7126.34,6573.457142857143,0,0
ACC_3b66de23,11,11,4,3,10511.93,11762.44,1.118961028089038,704.3034396886112,713.2290392033333,955.63,1069.3127272727272,0,0
ACC_3b885122,15,7,5,2,32438.779999999995,6127.52,0.1888948967871171,671.5716129158334,641.5162147197221,2162.585333333333,875.36,0,0
ACC_3b8d0d13,7,10,2,2,4044.1,37281.19,9.218661754160385,574.5205665538889,459.9764074863888,577.7285714285714,3728.119,0,0
ACC_3bf312a5,8,5,4,2,10924.3,31419.77,2.876135770712998,694.5720528544445,662.5021346191666,1365.5375,6283.954,0,0
ACC_3c02dbaa,3,13,1,6,89630.08,216731.52,2.4180667918627314,550.5621526252778,128.752987275,29876.693333333333,16671.65538461538,0,0
ACC_3c2d301d,5,6,2,4,69132.36000000002,87956.5,1.272291297447389,351.5312901175,532.1187398483333,13826.472000000003,14659.416666666666,0,0
ACC_3c700b46,15,5,3,4,26704.61,50620.09,1.8955562354215243,652.9888335522223,599.7754731505555,1780.3073333333334,10124.018,0,0
ACC_3ca33da3,18,9,5,3,33091.88999999999,15947.25,0.4819081049767784,514.4872489522222,669.1242475505557,1838.4383333333328,1771.9166666666667,0,0
ACC_3ccaa9a9,8,11,5,5,9476.52,164100.83,17.316570850903073,610.9434566933334,675.8700811619444,1184.565,14918.25727272727,0,0
ACC_3ccaef4c,22,10,8,5,82761.22000000002,8213.62,0.0992447912198491,608.4610337555556,603.7192003733334,3761.873636363637,821.3620000000001,0,0
ACC_3cf994b6,3,13,1,3,4006.42,16394.8,4.092132127934665,634.801665945,582.806405871389,1335.4733333333334,1261.1384615384616,0,0
ACC_3d86220c,5,7,3,6,2412.27,4870.91,2.01922255800553,389.0127141088889,545.9027673641667,482.454,695.8442857142857,0,0
ACC_3da40c73,3,14,2,4,3142.52,102960.71,32.76374056489696,614.1951109091667,610.3888953458332,1047.506666666667,7354.336428571428,0,0
ACC_3db8e7ab,14,9,4,3,15194.62,59972.01,3.946923977039242,377.4025829033333,606.7908680758333,1085.33,6663.556666666667,0,0
ACC_3dc282ac,4,5,2,3,4857.82,24055.16,4.951842596061608,606.5693200858333,500.7918156475,1214.455,4811.032,0,0
ACC_3dcbc94c,17,11,7,3,18201.33,38315.76,2.1051077036678087,686.9288984880556,708.0050568616667,1070.6664705882351,3483.2509090909084,0,0
ACC_3df579c6,13,9,5,4,48087.99999999999,60038.280000000006,1.2485085676260192,658.7837386266667,599.176066001111,3699.0769230769215,6670.920000000001,0,0
ACC_3e3a0b0c,2,11,2,4,5416.83,37286.420000000006,6.883439207063911,510.7252503338889,235.5649475761111,2708.415,3389.6745454545458,0,0
ACC_3e4ebf3d,22,4,7,2,154055.36999999997,7469.84,0.0484880208979408,488.0174616644444,694.5575215011111,7002.516818181816,1867.46,0,0
ACC_3e5ffaa8,23,15,7,5,127838.41,72795.03999999998,0.5694301110284458,573.6420279975,599.7653813730556,5558.191739130435,4853.002666666665,0,0
ACC_3e64e3a8,5,6,2,3,21673.57,62732.92,2.8944433242885226,433.5124323125,651.8017499030556,4334.714,10455.486666666666,0,0
ACC_3e7b3fac,9,10,4,4,14834.09,55786.4,3.760689061479335,594.7422043138888,683.7650706991667,1648.2322222222222,5578.639999999999,0,0
ACC_3ecdcfb2,10,4,3,3,8575.510000000002,4791.17,0.5587037972085624,626.8576107177778,648.0355797402779,857.5510000000002,1197.7925,0,0
ACC_3f2b2b94,8,14,3,4,9197.58,239836.23,26.076014560351744,627.1964809255555,573.0766191611111,1149.6975,17131.159285714286,0,0
ACC_3f60de83,1,4,1,2,449.33,85549.01999999999,190.3924064718581,0.0,999999.0,449.33,21387.255,0,0
ACC_3f611e73,10,6,6,3,8505.23,24113.95,2.835190817884995,569.3186411519445,543.5750410794444,850.5229999999999,4018.9916666666654,0,0
ACC_3f6b93ac,10,13,3,2,8759.310000000001,61487.11000000001,7.019629400032651,542.7757371136111,566.5974262727777,875.9310000000002,4729.777692307693,0,0
ACC_3f8a1f42,14,13,6,3,13226.87,19196.18,1.4513017819030505,449.25750426750005,634.9299913433334,944.7764285714284,1476.6292307692308,0,0
ACC_3fa8b06e,12,14,4,5,10126.37,57569.87,5.68514383732769,650.9572167080555,637.3668002527778,843.8641666666666,4112.133571428572,0,0
ACC_3fdfb9ff,0,11,0,3,0.0,35254.58000000001,0.0,999999.0,999999.0,0.0,3204.961818181819,0,0
ACC_401acdc0,8,8,3,2,3717.99,28318.439999999995,7.616599291552693,687.1202355097223,640.6296319727778,464.74875,3539.8049999999994,0,0
ACC_4037c5de,13,11,4,2,12027.87,250501.84,20.82678312951504,566.5971955425,555.8694400863889,925.2207692307692,22772.894545454543,0,0
ACC_4096f0a8,7,5,4,4,6109.97,5549.610000000001,0.908287602066786,665.4426136038888,665.8337931222222,872.8528571428571,1109.922,0,0
ACC_40ba19ce,7,5,2,4,18027.87,44562.87,2.4718876938872976,569.1098200811111,665.0587368802778,2575.41,8912.573999999999,0,0
ACC_40bbc56c,3,12,2,2,1417.81,192921.2,136.0698542117773,547.5693466552777,352.1557220383333,472.6033333333333,16076.766666666665,0,0
ACC_40ceb0e8,8,4,2,3,9165.42,3113.96,0.3397509333996696,428.7294075133333,376.1008083941667,1145.6775,778.49,0,0
ACC_40d0ffd9,1,3,1,2,1010.52,108766.71,107.63439615247594,560.0773011761111,999999.0,1010.52,36255.57,0,0
ACC_40ed6156,5,9,2,3,58081.72,11676.09,0.2010286541101055,651.5410299677778,536.95376953,11616.344,1297.3433333333332,0,0
ACC_4142691f,7,9,3,3,45595.82,49290.40999999999,1.081029138197317,474.3087862102778,497.4717258711111,6513.688571428572,5476.712222222221,0,0
ACC_41659bd0,7,7,3,3,5124.83,87972.75,17.165984042397504,492.4007781580556,637.0903612536111,732.1185714285714,12567.535714285714,0,0
ACC_41c8826b,0,6,0,3,0.0,12466.16,0.0,999999.0,999999.0,0.0,2077.693333333333,0,0
ACC_42262844,16,9,4,5,123605.09,26141.93,0.2114955783778807,627.4511746494445,514.4645758997223,7725.318125,2904.658888888889,0,0
ACC_422a18b3,4,10,2,2,5345.34,48818.62,9.132930739672313,470.5107220013889,461.7293964338888,1336.335,4881.861999999999,0,0
ACC_4238824a,8,6,5,4,44775.76,29917.25,0.6681572797424321,613.1240703002777,526.0334922011111,5596.969999999999,4986.208333333333,0,0
ACC_423feb86,4,14,3,6,23809.19,98737.21,4.147020961233877,612.6733766575,538.6394117380556,5952.2975,7052.657857142857,0,0
ACC_4254543a,16,12,5,6,10576.64,68501.90999999999,6.4767175586953885,661.5630013058334,649.5519961738889,661.04,5708.492499999999,0,0
ACC_426219a9,12,13,3,2,345580.09,48889.97,0.1414721837707721,498.5867689283333,651.7948339041667,28798.340833333332,3760.7669230769225,0,0
ACC_429f5f25,8,10,3,4,8853.439999999999,16056.75,1.8136170799147,623.2689049452778,440.97070801833337,1106.6799999999998,1605.675,0,0
ACC_42d31b36,5,15,3,2,230462.06,13471.42,0.0584539598405047,575.5964289483334,481.1377802636111,46092.412,898.0946666666666,0,0
ACC_42d4d1f3,4,5,2,3,3817.03,7828.24,2.050872013057272,480.33427337694445,603.2626917986112,954.2575,1565.648,0,0
ACC_43045ed7,2,6,2,3,2903.78,70297.43000000001,24.20893800494528,677.1155676977778,289.4706918341667,1451.89,11716.238333333336,0,0
ACC_4316af61,7,8,3,4,114135.91,34417.09,0.301544798652764,486.72378446833335,505.60659938888887,16305.13,4302.13625,0,0
ACC_431949ca,5,14,2,3,4084.37,48379.62,11.845063008493357,694.3197908416668,616.4583291558333,816.874,3455.687142857143,0,0
ACC_433a1e60,3,12,2,2,2936.4500000000003,11802.61,4.019346489809123,641.0976865499999,627.249506176389,978.8166666666668,983.5508333333332,0,0
ACC_4340fd51,2,10,2,6,3331.79,48093.12,14.434619228702893,531.0804920297222,385.6025765925,1665.895,4809.312,0,0
ACC_4397b408,6,5,2,3,43549.83999999999,4075.62,0.0935851888319222,541.4350352052778,448.3543633961111,7258.306666666665,815.124,0,0
ACC_44302f13,6,3,2,2,7971.0,44924.69,5.6360168109396565,693.2856928647221,689.3447239086111,1328.5,14974.896666666667,0,0
ACC_443711db,9,15,5,3,5658.01,139122.93000000002,24.588668100621952,677.8431414519445,590.4618483722223,628.6677777777778,9274.862,0,0
ACC_44539a0f,2,4,2,2,79124.39000000001,4958.870000000001,0.0626718259692112,0.0,43.80336438055555,39562.19500000001,1239.7175000000002,0,0
ACC_44e62128,3,5,2,4,661.24,12111.89,18.316934849676365,573.6775458986111,321.0612729636111,220.41333333333333,2422.378,0,0
ACC_44fd8d05,9,8,3,5,44828.52,8634.87,0.1926200106539319,607.7034650711112,544.5014616916667,4980.946666666667,1079.35875,0,0
ACC_452cd0c7,10,4,2,3,102796.37,71206.25,0.6926922614096197,438.30665586,484.9769142625,10279.637,17801.5625,0,0
ACC_4543f4e1,11,9,4,4,18119.93,48594.95,2.681850868077305,622.7017764349999,594.0992337099999,1647.2663636363636,5399.438888888889,0,0
ACC_45467e78,10,7,6,5,20476.06,83785.73999999999,4.091887794819902,406.63183709,613.5840231541667,2047.606,11969.391428571427,0,0
ACC_455323dd,12,5,4,3,14039.829999999998,5131.49,0.365495166252013,579.6235504752777,560.862395805,1169.9858333333332,1026.298,0,0
ACC_45ebf456,7,15,4,4,61142.7,275297.98,4.502548628045539,467.4004990080556,655.9706352697223,8734.671428571428,18353.198666666667,0,0
ACC_463b2168,8,4,3,3,5196.23,36292.84,6.98445603832009,362.7415617980556,344.4958457858333,649.52875,9073.21,0,0
ACC_464e6648,4,11,2,2,86476.76000000001,98418.0,1.138086117009934,462.5007447822222,301.31763108944443,21619.19,8947.09090909091,0,0
ACC_46617fbb,9,12,3,5,290640.14,254471.7,0.8755559366300882,609.5662031752778,605.4951307091667,32293.34888888889,21205.975,0,0
ACC_466ba438,5,9,2,3,152222.18,60216.73999999999,0.3955845330818412,588.8651888366667,509.6552261208333,30444.436,6690.748888888887,0,0
ACC_466cacb8,23,12,6,4,709368.39,130766.6,0.1843422992107105,604.8184051377777,678.7920295011111,30842.10391304348,10897.216666666664,0,0
ACC_46cf4a15,6,13,2,3,34641.91,49210.83,1.4205576424625548,508.9365109086111,453.2581818308333,5773.651666666666,3785.448461538461,0,0
ACC_46d7e5f9,10,5,3,2,66911.91,34047.38,0.5088388599279261,592.9908417583333,624.2603724794444,6691.191000000001,6809.476,0,0
ACC_47334c01,1,6,1,2,709.51,6511.5,9.177460500909078,0.0,999999.0,709.51,1085.25,0,0
ACC_4735fd72,9,13,3,4,16419.2,42842.63999999999,2.6093013057883447,621.7644634730555,346.1133394427778,1824.355555555556,3295.587692307692,0,0
ACC_4741856f,5,8,2,5,2054.55,15999.75,7.787471709133386,199.8989137725,324.3723597111112,410.91,1999.96875,0,0
ACC_474289e9,5,11,2,2,51411.66,13914.580000000002,0.2706502766104032,647.2031417108334,650.9156467916666,10282.332,1264.9618181818184,0,0
ACC_4751dbeb,7,12,4,5,208484.54,20634.06,0.0989716551644548,499.01673191472224,663.8070926733333,29783.50571428571,1719.505,0,0
ACC_4756b69f,9,10,5,3,32534.77,106767.71,3.2816494476524656,597.1454150550001,572.7011216927777,3614.974444444445,10676.771,0,0
ACC_478da1ba,4,4,2,2,66022.74,7253.04,0.1098566948296904,370.17172539055554,442.6204889361111,16505.685,1813.26,0,0
ACC_47d1bb9d,11,4,5,2,5532.7300000000005,7948.08,1.4365566365971227,597.4789759141668,650.9701041313889,502.97545454545457,1987.02,0,0
ACC_4813f1e3,2,9,1,5,1526.67,109182.87,71.51700760478688,368.0951495722222,495.1624969336111,763.335,12131.43,0,0
ACC_4839c88e,7,7,1,2,96300.28,24448.56,0.2538783895540075,296.0396361661111,596.2316602930556,13757.182857142858,3492.651428571429,0,0
ACC_4876ddd7,15,7,4,2,48965.16999999999,114482.36,2.3380366084708784,603.6208591366667,571.6652594277778,3264.344666666666,16354.622857142856,0,0
ACC_488a8f9d,12,9,4,4,54140.25,54954.39000000001,1.015037610650117,639.9105885716666,702.9641651405556,4511.6875,6106.043333333334,0,0
ACC_488b0c5d,10,5,5,3,57606.57,37932.96,0.6584832250904714,548.5298110819444,663.7889094291667,5760.657,7586.592,0,0
ACC_488b3275,6,14,3,2,18955.92,39665.28,2.092500917919045,714.3323632136112,648.7935050169444,3159.32,2833.2342857142858,0,0
ACC_488b37f7,7,7,4,5,82180.3,58546.04,0.712409665090052,595.0385872744445,506.76524482888885,11740.042857142858,8363.72,0,0
ACC_48a08343,13,8,6,2,295603.97,8388.49,0.0283774605598158,641.3001081344444,637.0224797188889,22738.76692307692,1048.56125,0,0
ACC_48a8aeb2,11,15,2,4,31748.220000000005,72064.87999999999,2.269887256671397,437.04840456500006,385.7082518280556,2886.2018181818185,4804.325333333332,0,0
ACC_48d2d73d,10,6,4,2,70547.76,51759.65,0.7336824018225384,635.7041106505557,613.5267796122222,7054.776,8626.608333333334,0,0
ACC_48fdb75a,2,6,1,3,1950.0,36154.12,18.54057435897436,302.0552429913889,346.28745921138886,975.0,6025.686666666666,0,0
ACC_4900a43a,11,15,5,2,89043.06,11163.66,0.1253737236793075,675.7931449341667,703.8552866927778,8094.823636363636,744.244,0,0
ACC_491ab58c,22,13,7,3,24435.300000000003,37328.5,1.5276464786599713,494.7798706763889,570.1577757822222,1110.6954545454546,2871.423076923077,0,0
ACC_49221cb1,10,14,2,5,47109.44,126758.26,2.6907188877643207,448.8117132969445,509.7643558477778,4710.944,9054.16142857143,0,0
ACC_49429210,14,6,6,2,457162.52,53537.420000000006,0.1171080691391761,602.4567892599999,613.7759883016666,32654.465714285718,8922.903333333334,0,0
ACC_49504094,4,6,1,3,18157.83,4061.4,0.2236721017874932,274.17791743361107,288.9084700491667,4539.4575,676.9,0,0
ACC_495ef8d9,9,15,4,4,8200.67,41072.73,5.008460284342621,657.1279837569444,634.3991878163888,911.1855555555557,2738.182,0,0
ACC_49646a61,6,8,2,3,20081.09,182014.7,9.063985072523456,224.48090844166663,374.0078791302777,3346.8483333333334,22751.8375,0,0
ACC_4964a8fb,23,14,6,6,62804.37000000001,14038.53,0.2235279169267998,699.0216411991667,709.3826633263889,2730.624782608696,1002.7521428571428,0,0
ACC_4995f6d6,6,7,2,2,7706.42,139836.66000000003,18.14547610952946,651.8780776274999,591.8856428541666,1284.4033333333334,19976.66571428572,0,0
ACC_49bac60d,8,10,3,5,246652.85,75596.16,0.3064880863934879,601.5606493813889,590.1070154161112,30831.60625,7559.616,0,0
ACC_49e9fd41,9,3,4,1,20028.09,89630.08,4.475218555538746,6.811578130555556,441.0230710752778,2225.343333333333,29876.693333333333,0,0
ACC_49ee074b,6,3,3,2,7071.16,88857.1,12.566127764044372,345.2741800358333,275.7631337788889,1178.5266666666666,29619.033333333336,0,0
ACC_4a24719d,10,7,4,3,72947.29000000001,91222.33,1.2505239056858726,463.7444131105556,587.5090603344444,7294.729000000001,13031.761428571428,0,0
ACC_4a3a6372,11,14,5,5,60987.24,55862.77,0.9159747186460644,646.8020996766667,676.085445738611,5544.294545454545,3990.1978571428576,0,0
ACC_4a3a8fe2,12,5,2,3,31181.86,96977.66,3.1100665579282314,548.3591743047223,337.0728064652777,2598.488333333333,19395.532,0,0
ACC_4a648db9,6,3,4,3,3867.73,61116.67,15.801689880110557,231.20483184638888,477.3267237625,644.6216666666667,20372.22333333333,0,0
ACC_4a6be284,13,3,5,3,54610.7,9958.09,0.1823468660903449,420.65489734444446,597.6427192194444,4200.823076923077,3319.363333333333,0,0
ACC_4a6cb5e4,19,5,7,4,631699.3,4800.97,0.0076000875733121,496.5326392719445,707.6751246222223,33247.33157894737,960.194,0,0
ACC_4a78f96b,12,11,4,5,10573.93,47635.44000000001,4.504989157295348,477.59613890583336,486.2672905505555,881.1608333333334,4330.494545454546,0,0
ACC_4a82f065,8,12,4,3,50088.740000000005,47623.68,0.9507861447502972,571.1361869866666,596.7498277144445,6261.092500000001,3968.64,0,0
ACC_4aa652bc,21,10,6,5,159533.19,4861.119999999999,0.0304709007573909,634.1076257047223,689.6624482622223,7596.818571428572,486.1119999999999,0,0
ACC_4b04b257,11,9,5,2,10634.57,23448.46,2.204927890831505,614.4953001355556,666.1150821883333,966.7790909090908,2605.3844444444444,0,0
ACC_4b31b192,3,12,1,5,1805.81,179435.47,99.36564201106428,434.5358867052777,539.9431062577778,601.9366666666667,14952.955833333332,0,0
ACC_4b65fe54,3,3,1,2,73576.3,1733.34,0.0235584012786726,92.70860146694444,414.20266335972224,24525.43333333333,577.78,0,0
ACC_4b733240,16,14,5,2,133823.71000000002,173182.14,1.2941065525683004,663.6374229652778,707.0727850249999,8363.981875000001,12370.15285714286,0,0
ACC_4b82fafd,15,12,5,4,102579.88,183105.18,1.7850009183087363,637.9313723797222,659.0374804083333,6838.658666666667,15258.765,0,0
ACC_4b9a4ce1,18,5,6,3,141323.58000000002,7649.82,0.0541298203739248,589.8253634655556,571.2723748302778,7851.310000000001,1529.964,0,0
ACC_4b9be868,8,10,5,3,77453.75,11723.829999999998,0.1513655568645804,673.2188061663888,682.3259760766666,9681.71875,1172.3829999999998,0,0
ACC_4bb3a323,3,10,1,4,7850.26,13214.490000000002,1.6833187690598783,156.38375842416664,157.47683405944443,2616.7533333333336,1321.449,0,0
ACC_4bb8e3a2,11,8,4,4,134586.74,75472.94,0.5607754523216775,429.5710299752777,530.8377421174999,12235.15818181818,9434.1175,0,0
ACC_4bc74f87,12,4,3,3,10899.57,92728.1,8.507500754616926,352.96668818361115,682.9046688097222,908.2975,23182.025,0,0
ACC_4bf31a16,4,10,3,5,3427.06,45321.56,13.224618185850264,593.1456586327778,502.2868929663889,856.765,4532.156,0,0
ACC_4bfbd202,10,8,5,2,7069.42,41481.06,5.867675141666501,666.8280778319444,488.4833568255555,706.942,5185.1325,0,0
ACC_4c685999,12,4,6,2,66381.18,44111.45,0.6645174129173359,665.9223118611111,689.3957612669444,5531.764999999999,11027.8625,0,0
ACC_4c70f9c5,5,9,2,3,66336.42,46089.86000000001,0.694789679636013,627.8135180905556,666.5211273908333,13267.284,5121.0955555555565,0,0
ACC_4ca45e96,8,15,4,5,10118.84,211462.38,20.897887504891862,669.4470228286111,647.1173726863889,1264.855,14097.492,0,0
ACC_4caac860,9,9,6,5,11176.59,129157.87,11.556107005804096,620.3536084391667,578.9180233380556,1241.8433333333332,14350.874444444446,0,0
ACC_4cbc07e7,6,9,2,2,6071.68,5286.66,0.8707079424475598,513.9567871297222,491.0482750952778,1011.9466666666668,587.4066666666666,0,0
ACC_4d079693,19,13,4,4,577680.6799999999,10155.58,0.0175799197577457,693.685170893611,717.3498602555555,30404.24631578947,781.1984615384615,0,0
ACC_4d4a68d7,7,15,4,3,5051.27,183442.05,36.31602547478159,517.4385638900001,475.9799243080556,721.61,12229.47,0,0
ACC_4d5b4a71,2,8,1,5,48260.100000000006,13049.670000000002,0.2704028793972661,569.7133856761111,344.28610735722225,24130.050000000003,1631.2087500000002,0,0
ACC_4d7b8a8a,9,15,3,3,48013.310000000005,31035.07,0.6463847212366737,532.8858918986111,641.7005352519445,5334.812222222223,2069.0046666666667,0,0
ACC_4d9f0ffa,11,3,5,2,8853.15,3136.9,0.3543258614165579,474.8305147358333,591.0676193030555,804.8318181818181,1045.6333333333332,0,0
ACC_4dce7e72,10,12,3,6,252083.17,64020.19000000001,0.253964554634885,555.1728808188889,602.4807340036111,25208.317,5335.015833333334,0,0
ACC_4dd250ea,2,13,1,4,37680.01,23399.10000000001,0.6209950581223308,429.31980152527774,100.11452693777778,18840.005,1799.9307692307698,0,0
ACC_4debd382,10,8,4,4,13153.4,135045.61,10.266973558167468,530.5507485305556,463.1801402447222,1315.34,16880.70125,0,0
ACC_4e0e065f,6,6,3,4,35390.14,15139.89,0.427799663974203,551.4986297463889,624.5510746472223,5898.356666666667,2523.315,0,0
ACC_4e12cd99,3,12,1,3,3017.7200000000003,356039.79000000004,117.983043489787,485.5885845986111,395.4820869047223,1005.9066666666668,29669.9825,0,0
ACC_4e31eb74,6,7,2,4,229924.47,65779.44,0.2860915151832252,581.4134924247222,512.4369127688889,38320.745,9397.062857142855,0,0
ACC_4e6d0171,1,15,1,4,314.23,169931.5,540.7870031505585,267.4091437572222,999999.0,314.23,11328.766666666666,0,0
ACC_4e82567c,3,3,2,3,100090.33,97511.0,0.9742299780608176,286.9844263488889,300.1805269691667,33363.443333333336,32503.666666666668,0,0
ACC_4e846242,13,7,5,4,90198.88,8411.689999999999,0.0932571446563416,546.1869658138888,659.6080203141667,6938.375384615384,1201.6699999999998,0,0
ACC_4eb633dd,11,6,5,4,35060.98,10288.26,0.293439031082417,521.8030066575,593.085988081111,3187.361818181818,1714.71,0,0
ACC_4eed91f4,14,11,7,3,95522.93000000002,111027.64,1.1623140119340976,616.2897198805556,690.7559261575,6823.06642857143,10093.421818181818,0,0
ACC_4f13590f,5,7,3,5,23444.52,7582.45,0.3234209956100615,580.1099495452778,491.9161360041667,4688.904,1083.2071428571428,0,0
ACC_4f172a1d,23,3,7,2,84849.79,2483.98,0.0292750282587617,560.4091611380555,676.3114289755555,3689.121304347826,827.9933333333333,0,0
ACC_4f66bc86,5,14,3,2,2858.7,52016.4,18.195823276314407,668.4524123008333,270.85560910805555,571.74,3715.457142857143,0,0
ACC_4f8d11fd,14,10,3,3,15532.36,9789.62,0.6302725406828068,690.1271232244445,651.4649990286111,1109.4542857142858,978.962,0,0
ACC_4f8d3d9f,5,10,2,4,47548.96,92440.07,1.9441028783805157,528.3438246883334,471.3288763197222,9509.792,9244.007,0,0
ACC_4f8f68cf,8,15,5,6,8433.789999999999,50067.72,5.9365623284430855,616.1585834430555,506.1571617252778,1054.22375,3337.848,0,0
ACC_4fab3467,14,11,4,4,97062.8,201320.87,2.074130047762892,631.25226704,652.5783641663888,6933.057142857142,18301.89727272727,0,0
ACC_4fdfa9fa,3,3,2,3,4497.049999999999,9478.09,2.1076238867702166,474.5584571955556,381.68656879,1499.0166666666664,3159.363333333333,0,0
ACC_4fe329e9,17,13,7,2,66476.8,135881.12,2.0440382208529893,665.4313909052778,607.52514273,3910.4,10452.393846153846,0,0
ACC_4ff26663,11,9,5,3,85330.47,17559.879999999997,0.2057867488600496,686.6720053016668,674.47132633,7757.3154545454545,1951.0977777777773,0,0
ACC_501a53cb,11,4,2,1,352392.12,14460.52,0.0410353103241922,214.63702966138888,680.0210804519444,32035.647272727278,3615.13,0,0
ACC_502764cf,11,14,3,2,345288.68,324887.42999999993,0.9409153812977592,462.0211701777778,567.9432458536111,31389.88,23206.244999999995,0,0
ACC_502d1b97,10,9,4,6,9099.45,98420.62,10.81610646797334,602.1582768041667,545.1823482608334,909.945,10935.624444444444,0,0
ACC_503b554d,5,14,3,3,21909.38,137928.41999999998,6.295404981793185,542.8667339072222,239.03526270972225,4381.876,9852.03,0,0
ACC_503fecd0,12,12,4,4,6021.0,10451.339999999998,1.7358146487294466,629.3874120669444,638.6244927838889,501.75,870.9449999999998,0,0
ACC_505408e7,8,6,3,3,37406.84,34898.35,0.9329403392534628,689.58436153,610.0861703666667,4675.855,5816.391666666666,0,0
ACC_5068d4b7,5,4,2,3,4848.24,2722.51,0.5615460455753016,495.30778552277775,689.499137928611,969.648,680.6275,0,0
ACC_5088dc34,11,15,4,3,404644.71,66905.72,0.1653443585114457,657.2741719736111,652.0894240225,36785.88272727273,4460.381333333334,0,0
ACC_5088e5e1,7,15,3,5,10734.86,36012.39,3.3547144536584548,618.4576862555556,613.6778141961111,1533.5514285714287,2400.826,0,0
ACC_50a58a26,0,6,0,3,0.0,4755.77,0.0,999999.0,999999.0,0.0,792.6283333333332,0,0
ACC_50bfb234,11,11,5,6,66189.01000000001,52131.71,0.7876188207075463,621.9889104341667,660.7121446116668,6017.182727272728,4739.246363636364,0,0
ACC_50c17f3a,8,15,6,3,42199.78,282929.9300000001,6.704535663456068,602.4631058205556,639.7901509136111,5274.9725,18861.99533333334,0,0
ACC_50df46c8,13,5,4,3,13828.220000000005,82767.24,5.9853864054809645,546.0159651875,422.51780443194446,1063.709230769231,16553.448,0,0
ACC_50e716dc,11,6,6,3,144876.61,90195.22,0.6225657820127073,657.2879700708334,707.3337618197222,13170.600909090908,15032.536666666669,0,0
ACC_50fa391a,7,9,4,3,229153.43,9922.79,0.0433019483932664,671.6790939538888,636.5424532113889,32736.204285714284,1102.532222222222,0,0
ACC_510caf95,5,11,2,3,214026.04,8389.24,0.0391972864610306,625.4129089208333,389.0722081552778,42805.208,762.6581818181818,0,0
ACC_5114aed4,5,3,2,2,5621.290000000001,35902.13,6.386813347114273,441.3909706625,451.7751410041666,1124.2580000000005,11967.376666666663,0,0
ACC_511714a1,6,7,3,2,188098.96,142853.24,0.7594578938660798,665.8956200822222,391.5990859658333,31349.82666666667,20407.605714285717,0,0
ACC_51192348,5,12,2,4,12793.31,38667.33,3.022464866402831,307.3411587597222,291.6269791394444,2558.662,3222.2775,0,0
ACC_5123982f,15,9,5,4,14727.13,56884.42,3.862559779128724,643.4120989252779,697.0588959413889,981.8086666666666,6320.491111111111,0,0
ACC_516e1a2e,9,12,4,5,30499.1,40892.05,1.3407625143037003,669.1858175733333,648.7952340602777,3388.788888888889,3407.670833333333,0,0
ACC_51b95336,10,9,4,3,8703.89,26142.03,3.0034880955526786,592.2957825555555,570.5340386202778,870.3889999999999,2904.67,0,0
ACC_51e194d6,19,14,5,6,83491.63,131224.96999999997,1.5717140748120495,676.6097674694444,684.5328668447222,4394.296315789474,9373.21214285714,0,0
ACC_52167f7e,17,12,6,2,523812.82,71607.03,0.1367034697623475,452.2331772288889,567.9518506597223,30812.518823529408,5967.2525,0,0
ACC_521a8355,5,12,3,6,61931.030000000006,9614.82,0.1552504455359453,704.0800361730555,497.2029185791667,12386.206000000002,801.235,0,0
ACC_522a430c,0,11,0,2,0.0,9554.02,0.0,999999.0,999999.0,0.0,868.5472727272728,0,0
ACC_5232a741,9,6,5,4,7488.619999999999,81667.47,10.905543344434625,669.7211063538889,625.8842214869444,832.0688888888888,13611.245,0,0
ACC_5240d6c7,8,14,4,4,30222.4,26292.85,0.8699788898300598,401.9972354369445,461.2241093072222,3777.8,1878.060714285714,0,0
ACC_52472318,9,10,3,4,32200.98,246404.65,7.6520854334246975,401.8969024330555,604.7845191666667,3577.8866666666663,24640.465,0,0
ACC_52ac805a,6,6,3,4,5704.889999999999,71838.34,12.592414577669333,514.9839198336111,676.5670640122222,950.815,11973.056666666664,0,0
ACC_52d237f2,9,11,4,4,10241.75,175774.40000000002,17.162535699465426,673.4992214577778,513.8811865630556,1137.9722222222222,15979.490909090911,0,0
ACC_531b8d5e,8,4,4,2,9210.81,2276.49,0.2471541590804717,609.7560432988889,559.6119087025,1151.3512500000002,569.1225,0,0
ACC_5329db53,9,5,4,4,8628.87,8985.73,1.041356515974861,490.4305364944444,701.8451898594445,958.7633333333334,1797.146,0,0
ACC_532b4372,2,5,1,3,17999.09,6611.4400000000005,0.3673207923289455,574.0253820419445,157.42708120916666,8999.545,1322.288,0,0
ACC_53429bc1,1,15,1,3,3210.27,324188.1,100.98468353129176,475.5281699797222,999999.0,3210.27,21612.54,0,0
ACC_537c8751,9,4,4,2,6648.209999999999,2215.75,0.3332852000764116,639.7865402969445,572.4502126572222,738.6899999999999,553.9375,0,0
ACC_53a70fb1,8,5,4,5,7725.139999999999,51084.21,6.61272287621972,420.3410721397222,298.1787837886111,965.6425,10216.842,0,0
ACC_53d967f0,4,13,2,3,45201.28,274572.49,6.074440591062908,578.1455627011111,422.4072681341667,11300.32,21120.96076923077,0,0
ACC_5427025f,16,9,5,2,120073.42,36540.880000000005,0.3043211395161393,577.1645475977778,670.0747114791667,7504.588750000001,4060.0977777777775,0,0
ACC_5433a893,1,13,1,6,1028.72,68547.2,66.63348627420483,672.9634416869444,999999.0,1028.72,5272.861538461539,0,0
ACC_54381b4a,10,3,4,3,58545.4,44309.47,0.7568394784218743,545.2207282411111,666.8667547966667,5854.54,14769.823333333334,0,0
ACC_544da407,11,12,5,6,80984.66,51020.28,0.6299993109806227,562.8777259130555,630.8702904505556,7362.241818181818,4251.69,0,0
ACC_545516c0,1,8,1,4,1014.23,64503.44,63.598434280192855,679.8426014580556,999999.0,1014.23,8062.93,0,0
ACC_5462ef81,20,9,5,4,26477.81,66879.41,2.5258663764110403,499.5469178583333,687.3402314444445,1323.8905,7431.045555555556,0,0
ACC_547d57f0,4,11,3,3,10236.75,5744.080000000001,0.5611234034239383,596.8133150780556,653.8101601175,2559.1875,522.189090909091,0,0
ACC_54beafbd,15,4,4,3,80748.21,3599.04,0.0445711428154258,607.6123576863889,656.5417921799999,5383.214000000001,899.76,0,0
ACC_55168600,17,4,7,2,20899.7,3934.55,0.1882586831389924,411.4582204994444,582.9806898166667,1229.3941176470587,983.6375,0,0
ACC_5517c4eb,4,9,1,2,14724.92,16389.33,1.1130335512858476,596.6062933791667,625.8151440072222,3681.23,1821.0366666666669,0,0
ACC_55288844,20,4,7,3,75424.31,4085.980000000001,0.0541732499773614,536.9862527319444,686.1711977536111,3771.2155,1021.495,0,0
ACC_5540bb1d,14,7,6,4,16106.74,6793.0,0.4217489076001723,589.4107454677777,591.9089700183333,1150.4814285714283,970.4285714285714,0,0
ACC_5578aa82,13,14,4,4,424539.46,19033.89,0.0448342069309646,651.6355516908334,646.9260211405555,32656.88153846154,1359.563571428571,0,0
ACC_5588eca3,11,6,5,3,410225.27,19139.9,0.0466570477240468,649.0723084644444,627.9544573125,37293.20636363637,3189.983333333333,0,0
ACC_558e5aec,4,5,3,3,3609.09,7683.799999999999,2.129013130733786,371.0432779280556,537.3688158822222,902.2725,1536.7599999999998,0,0
ACC_558e624c,6,4,2,2,10842.21,4363.860000000001,0.4024880536348217,420.8182492038889,450.0999892880556,1807.035,1090.965,0,0
ACC_55a2eb9d,9,6,5,5,7508.379999999999,117792.76,15.68817241535458,666.4659385211111,652.2616785025,834.2644444444444,19632.126666666667,0,0
ACC_55bf79a9,0,15,0,5,0.0,12620.009999999998,0.0,999999.0,999999.0,0.0,841.334,0,0
ACC_55de37c0,11,6,4,3,303631.74,80632.63,0.2655606097043741,630.266615276389,629.1633780508333,27602.88545454545,13438.771666666667,0,0
ACC_55dffc39,7,14,5,4,271260.34,22612.290000000005,0.0833601034342138,599.9995139169445,554.1460566772222,38751.47714285715,1615.1635714285717,0,0
ACC_55e86850,17,9,4,6,50889.43000000001,89507.26000000001,1.7588575859466298,485.7227464302778,589.2571595461112,2993.4958823529414,9945.251111111113,0,0
ACC_55fbc9d6,9,12,2,2,7245.23,48375.14000000001,6.676825994481887,620.1614396169444,522.7078068133334,805.0255555555556,4031.261666666667,0,0
ACC_562edf62,0,5,0,4,0.0,82487.43000000001,0.0,999999.0,999999.0,0.0,16497.486,0,0
ACC_562fddd4,22,3,7,2,53033.76,1165.37,0.0219741161101909,321.31705682722225,644.445766701389,2410.6254545454544,388.4566666666667,0,0
ACC_56a361eb,4,6,2,3,40597.47,82175.96,2.024164560008296,416.2565170722222,484.7313470713889,10149.3675,13695.993333333334,0,0
ACC_56d6394d,12,11,4,3,16906.289999999997,8934.119999999999,0.5284494705816593,652.4461774966667,613.528854946389,1408.8574999999998,812.1927272727272,0,0
ACC_5743301f,4,4,1,3,163287.03,17014.35,0.1041990291574291,707.6095836969445,592.0306999447223,40821.7575,4253.5875,0,0
ACC_574b45da,7,8,3,2,7923.82,226577.89,28.594527639446632,656.9861768747222,698.976008123889,1131.9742857142858,28322.23625,0,0
ACC_57562fac,11,15,4,6,78824.72000000002,139541.83000000002,1.7702800593519392,568.5530913622222,538.2630049677778,7165.883636363637,9302.788666666667,0,0
ACC_5783f958,15,5,7,4,59457.530000000006,2451.66,0.0412338016732279,235.1113240994445,594.4617405152777,3963.835333333334,490.332,0,0
ACC_57891bc2,8,5,3,4,4064.35,17845.98,4.390857086619016,610.2584338044445,642.1472313925001,508.0437500000001,3569.196,0,0
ACC_579353be,3,11,1,3,3903.8,153262.84,39.25991085608894,478.8760204783334,375.3275681463889,1301.2666666666669,13932.985454545456,0,0
ACC_57a4cf84,2,13,2,3,50308.36,42035.96999999999,0.8355662955421322,525.3807611613889,75.14643680305555,25154.18,3233.536153846153,0,0
ACC_57cced48,0,4,0,2,0.0,3852.73,0.0,999999.0,999999.0,0.0,963.1825,0,0
ACC_57d40d2a,14,10,6,4,18322.1,70934.34000000001,3.8715180028490175,680.6848034972223,663.87904358,1308.7214285714288,7093.434000000001,0,0
ACC_57db747a,5,11,2,2,15951.399999999998,99103.66,6.212850282733805,633.8774408377778,463.60301315583337,3190.28,9009.423636363636,0,0
ACC_58038fc3,8,11,2,4,8708.31,56651.99,6.505509105670331,530.1900506438889,641.34533733,1088.53875,5150.180909090909,0,0
ACC_5820867f,3,4,1,2,2045.25,35057.49,17.14093142647598,376.08779207777775,393.2168144950001,681.75,8764.3725,0,0
ACC_5826fb85,3,5,2,3,8733.4,146747.61,16.803033182952802,484.5873659933333,313.1089910275,2911.133333333333,29349.522,0,0
ACC_58515432,2,9,2,5,1098.9,19029.01,17.316416416416413,389.2386429208333,54.66705647666667,549.45,2114.334444444444,0,0
ACC_58576ee7,9,13,3,5,25177.430000000004,101858.15,4.045613472066052,615.8944761344444,542.9154260691666,2797.4922222222226,7835.242307692309,0,0
ACC_58577381,20,4,7,2,43428.24999999999,26168.85,0.6025766638075448,292.2946085430556,590.0370082072221,2171.4124999999995,6542.212500000001,0,0
ACC_586ed4da,2,10,1,4,685.6800000000001,12362.88,18.03010150507525,603.7858688716667,402.2126522819444,342.84000000000003,1236.288,0,0
ACC_587648bc,11,15,6,6,13345.98,32269.5,2.417919103730112,680.7295580113889,649.3952374291667,1213.270909090909,2151.3,0,0
ACC_5893f140,12,13,4,2,107481.65,105971.79000000002,0.9859523928037952,449.8834420205556,702.9763377397223,8956.804166666667,8151.676153846156,0,0
ACC_58ef28f4,14,10,6,4,18409.45,8327.57,0.4523530034846234,669.7366276144445,614.0475865905556,1314.9607142857144,832.757,0,0
ACC_591c0ccc,6,3,3,2,3396.96,5001.22,1.4722634355423674,381.5555279266667,360.2771651925,566.16,1667.0733333333335,0,0
ACC_59244a1a,9,4,4,2,22550.63,31656.04,1.4037763024802412,212.37816406416667,516.0499662375,2505.625555555556,7914.01,0,0
ACC_5932c446,5,9,2,3,113273.2,29408.57,0.2596251363958994,679.2097256127777,609.0683933380556,22654.640000000003,3267.6188888888887,0,0
ACC_594dbd22,7,5,4,2,60406.49,3117.84,0.0516143215737249,389.87296658527777,450.3051542930555,8629.49857142857,623.568,0,0
ACC_59ac67f4,4,8,3,2,3040.69,55927.98,18.393187072671008,449.1622702283333,226.9288521555556,760.1725,6990.9975,0,0
ACC_59c36ac0,17,8,6,4,111892.1,110839.99,0.9905971020295444,553.5437315561111,591.9614989238889,6581.888235294117,13854.99875,0,0
ACC_5a2570bd,7,9,2,2,10675.8,10495.0,0.9830645010210008,676.3178819772222,668.5810188052777,1525.1142857142856,1166.111111111111,0,0
ACC_5a4c95e1,4,4,2,3,2038.74,4337.31,2.127446363930663,620.2585758119444,497.3061346719445,509.685,1084.3275,0,0
ACC_5a606495,14,5,7,3,11124.96,4170.25,0.3748552803785362,377.4830549841666,546.4117398641666,794.64,834.05,0,0
ACC_5a9da9d3,12,11,5,2,65954.26,22844.9,0.3463748967845291,572.4453841027778,616.2433800883334,5496.188333333333,2076.80909090909,0,0
ACC_5ac09da2,9,13,3,3,290982.19,51463.38000000001,0.1768609274677602,512.9136252216667,495.1209839025,32331.354444444445,3958.7215384615392,0,0
ACC_5ac1d697,10,3,4,2,50882.52,29500.54,0.5797774952970096,474.3627316419445,613.9646109597222,5088.252,9833.513333333334,0,0
ACC_5acbdc75,5,13,3,3,5548.969999999999,14243.37,2.5668493432114428,468.1081782875,413.56577432555554,1109.794,1095.643846153846,0,0
ACC_5b581f5b,7,7,3,2,25204.59,215955.99,8.568121520723013,669.3412460388888,573.1099628816667,3600.6557142857137,30850.855714285717,0,0
ACC_5b7183c0,15,8,5,6,68528.03,4683.16,0.0683393350137162,263.75514257305554,587.6273227586111,4568.535333333333,585.395,0,0
ACC_5b7c2160,20,5,4,3,78361.31999999999,73848.61,0.9424115111894492,621.9900027288888,610.6043509813888,3918.066,14769.722,0,0
ACC_5b9539e5,3,7,2,3,2137.51,9234.24,4.320092069744702,555.8677119622222,238.84733349805555,712.5033333333334,1319.1771428571428,0,0
ACC_5b968423,7,4,3,2,10784.92,122626.06,11.37014090044247,538.3178445272222,382.2607895258333,1540.702857142857,30656.515,0,0
ACC_5c04803e,15,7,5,4,23764.93,74270.28000000001,3.125205081605543,494.1214077005556,584.4720774161111,1584.3286666666668,10610.040000000005,0,0
ACC_5c14ecb8,6,14,4,2,4749.219999999999,56757.130000000005,11.950831926084708,681.1225716238889,428.4489307838889,791.5366666666665,4054.0807142857143,0,0
ACC_5c1fc355,7,7,4,3,65377.95,58404.96,0.8933433978887377,492.0110687283333,378.04036526722217,9339.707142857142,8343.565714285714,0,0
ACC_5c366d6f,12,5,6,4,18806.35,27520.01,1.463336054045575,610.6031716083332,601.5865692663889,1567.1958333333332,5504.002,0,0
ACC_5c3fd964,9,14,5,5,35880.78,20370.1,0.5677161979198893,549.5461584097222,550.3868308822222,3986.753333333333,1455.007142857143,0,0
ACC_5c3ff491,24,8,6,2,150229.38999999998,7689.85,0.0511873875012073,505.8996203908333,629.7243234844445,6259.557916666666,961.23125,0,0
ACC_5c51ecb5,11,9,5,3,8669.63,82394.31000000001,9.503786205408998,558.3060503288889,394.41537904527775,788.1481818181818,9154.923333333334,0,0
ACC_5c54842e,10,7,4,4,48934.36,5984.04,0.1222870800803361,621.5564724622221,610.0398084875,4893.436,854.8628571428571,0,0
ACC_5c73a562,3,6,2,4,4441.29,36608.350000000006,8.242729026926863,475.1428821233333,337.2646639830556,1480.43,6101.391666666667,0,0
ACC_5c9b23ee,6,7,2,3,18865.7,36368.57,1.927761493080034,556.7818074786111,473.3625569705556,3144.2833333333333,5195.51,0,0
ACC_5ccfc7fc,1,10,1,2,52426.44,43689.69,0.8333522169348136,161.78897942305557,999999.0,52426.44,4368.968999999999,0,0
ACC_5cde4f4b,7,10,2,3,6563.03,64615.12000000001,9.845318397142783,665.2826195405555,635.1919484675001,937.5757142857144,6461.512000000001,0,0
ACC_5d8d1112,4,9,2,5,4695.01,6126.77,1.3049535570744255,461.1219368038889,374.4575567669445,1173.7525,680.7522222222221,0,0
ACC_5dd6d3c3,11,8,5,2,12499.61,9436.509999999998,0.7549443542638529,639.5709194213889,556.2203528044445,1136.328181818182,1179.5637499999998,0,0
ACC_5deecbf1,21,11,6,4,740254.02,96234.89,0.1300025226475636,527.0923371777778,655.7481054702778,35250.19142857143,8748.626363636364,0,0
ACC_5df02311,18,14,5,2,61614.23,76850.31,1.247281837328812,622.8794170111112,610.6376593627778,3423.012777777777,5489.307857142857,0,0
ACC_5df48848,6,4,3,4,38422.26,1457.16,0.0379248904150874,632.156863666389,435.2366351938888,6403.71,364.29,0,0
ACC_5dfbbd24,7,15,2,3,6221.950000000001,45125.17999999999,7.252578371732333,645.2489526358333,615.2367570983334,888.8500000000001,3008.3453333333327,0,0
ACC_5e1d521a,14,12,6,2,12027.88,190839.39,15.866419518651666,345.2318540161112,420.3780850455556,859.1342857142857,15903.2825,0,0
ACC_5e5b7836,9,13,3,3,233569.79000000004,162119.6,0.6940948998584106,533.6242375677778,623.1238998330555,25952.19888888889,12470.738461538462,0,0
ACC_5e66da2d,8,10,3,4,33321.24,136734.3,4.103517756241964,593.2305642613888,622.4477818697222,4165.155,13673.429999999998,0,0
ACC_5ec9a18c,16,3,6,1,55623.81,469.94,0.0084485402923676,156.50234956388888,513.5284779591667,3476.488125,156.64666666666668,0,0
ACC_5edf9e59,7,4,5,2,102277.36,40073.61000000001,0.3918131050703695,343.99879953833334,442.0698031955556,14611.051428571427,10018.402500000002,0,0
ACC_5ee2cbe6,10,5,3,2,11368.009999999998,5165.52,0.4543908740403993,623.9199660738889,587.9701594405556,1136.801,1033.1039999999998,0,0
ACC_5eedf270,13,10,7,3,85077.84,5803.83,0.0682178814130683,677.6735700391666,654.8478914777778,6544.449230769231,580.383,0,0
ACC_5f09c46f,5,6,2,3,51034.06999999999,57760.79999999999,1.1318086133439875,532.6987896727778,642.3282718466668,10206.813999999998,9626.799999999996,0,0
ACC_5f1bc6db,6,14,3,4,5839.640000000001,19859.55,3.400817516148255,634.8940313469444,585.7988007280555,973.2733333333337,1418.5392857142856,0,0
ACC_5f4292ae,9,14,6,4,7264.92,300877.93,41.415174564895416,607.001552295,651.5555518838888,807.2133333333334,21491.280714285716,0,0
ACC_5f633c88,11,5,4,3,9125.160000000002,28142.93,3.0841026349127025,508.90521138638894,648.7292889897222,829.5600000000002,5628.586,0,0
ACC_5f66a01d,0,3,0,3,0.0,1908.28,0.0,999999.0,999999.0,0.0,636.0933333333334,0,0
ACC_5f73fb5f,19,4,5,2,80674.90999999999,93948.19,1.1645279802605295,671.9188209808333,689.7944193102778,4246.047894736842,23487.0475,0,0
ACC_5fa01d2e,0,11,0,6,0.0,111610.05,0.0,999999.0,999999.0,0.0,10146.36818181818,0,0
ACC_5fa42588,5,9,3,4,1601.7299999999998,82493.33,51.50264401615754,661.2892282555555,316.1864037025,320.34599999999995,9165.925555555556,0,0
ACC_5fa914e4,22,6,5,2,44378.77,34430.05,0.775822538569681,454.25358719972223,697.3414981819445,2017.2168181818183,5738.341666666667,0,0
ACC_6001c6fa,17,14,4,3,551049.73,158091.78000000003,0.286892037856547,509.2330074202778,532.3736013813889,32414.69,11292.270000000002,0,0
ACC_600cb14d,12,13,5,5,65101.380000000005,25440.04,0.3907757408521908,638.1455939288888,701.2686392116667,5425.115000000001,1956.926153846154,0,0
ACC_6039280d,15,11,3,2,449982.72,9668.5,0.0214863806325718,572.9442519872223,597.8204769502778,29998.848,878.9545454545455,0,0
ACC_603ab41d,7,5,3,4,2743.71,65002.62,23.69150529757154,504.1280577925,639.7479293800001,391.9585714285714,13000.524,0,0
ACC_604046ab,4,14,2,5,33787.28999999999,123655.08,3.659810538223102,426.0300637186111,473.5299593102778,8446.822499999998,8832.505714285715,0,0
ACC_60464429,14,8,5,4,100367.53999999998,170065.15,1.69442381471141,685.4857170469445,655.3327300241667,7169.109999999999,21258.14375,0,0
ACC_6064603b,9,9,4,5,47827.37,109154.18,2.2822534460916417,547.6529321158333,619.9837112030555,5314.152222222223,12128.242222222225,0,0
ACC_6098447a,16,5,6,4,15028.77,6260.889999999999,0.4165936400650219,301.76635589694445,521.0146126822223,939.298125,1252.178,0,0
ACC_60a2fce5,6,4,3,2,4470.75,2771.89,0.6200055919029246,576.6909055733333,630.3291843952778,745.125,692.9725,0,0
ACC_60d46fa0,2,6,1,4,1095.34,10391.86,9.487337265141417,516.0308094263889,606.3985971449999,547.6700000000001,1731.9766666666667,0,0
ACC_6111597a,9,8,3,5,29822.54,28639.41,0.960327658207517,633.0539413052778,609.7076776502778,3313.615555555555,3579.92625,0,0
ACC_6111bb21,8,13,3,3,6529.85,58155.97,8.906172423562563,639.1580053302778,610.6165808477778,816.23125,4473.536153846154,0,0
ACC_61123237,13,11,5,3,19579.46,29347.78,1.4989065071253245,483.19086396055553,541.0287552391667,1506.1123076923077,2667.98,0,0
ACC_61b88fe4,6,9,2,3,64379.02,9859.38,0.153145854037542,556.6207432463889,571.2034470197223,10729.836666666666,1095.486666666667,0,0
ACC_61c1e27e,27,5,9,4,81427.75,55776.6,0.6849826993868797,707.4902375933334,710.3203952455556,3015.8425925925926,11155.32,0,0
ACC_61cf3e91,9,8,5,4,24395.33,58304.130000000005,2.389970949357931,616.5075205961111,507.52979708444445,2710.592222222222,7288.016250000001,0,0
ACC_61e11f15,11,12,4,3,11687.97,174911.38999999998,14.965078623576204,603.0583694986111,633.6198826563889,1062.5427272727277,14575.949166666664,0,0
ACC_623c2580,9,4,4,3,73327.98,45967.7,0.6268780348238149,616.1468062286111,632.0765848461111,8147.553333333333,11491.925,0,0
ACC_6261a3ad,13,4,6,2,42382.25,85389.55,2.014747919235057,672.0461785302778,602.2323366433333,3260.173076923077,21347.3875,0,0
ACC_62fcd064,7,5,2,3,86578.77,36783.82000000001,0.4248595816272281,561.2145401294445,612.1097136280555,12368.395714285714,7356.764000000001,0,0
ACC_630cf47f,1,15,1,4,279.26,105663.93,378.3711594929457,161.5614431163889,999999.0,279.26,7044.262,0,0
ACC_632a42c6,14,8,3,4,19639.24,34200.3,1.7414268576584433,532.9455558225001,667.3569194897223,1402.802857142857,4275.0375,0,0
ACC_633aeb01,14,12,5,2,44030.45,54421.0,1.2359855509085191,677.7006916805556,693.5467124552778,3145.032142857143,4535.083333333333,0,0
ACC_635b0fda,1,13,1,4,1085.94,49909.85000000001,45.96004383299263,572.8071612452778,999999.0,1085.94,3839.219230769232,0,0
ACC_636a489e,9,3,5,2,6754.63,3072.9300000000003,0.4549368359184737,566.3120861480555,507.7233451283333,750.5144444444445,1024.3100000000002,0,0
ACC_63e90edf,1,12,1,6,378.43,27705.680000000004,73.21216605448829,572.8157997955556,999999.0,378.43,2308.806666666667,0,0
ACC_64543f80,3,15,1,4,34534.88,37175.55,1.0764638533563748,583.4930339580555,566.3730791983334,11511.626666666663,2478.3700000000003,0,0
ACC_646693c1,4,4,2,2,2987.12,2742.64,0.9181552800021424,567.4363442372222,568.1526368813888,746.78,685.66,0,0
ACC_646a0988,1,5,1,3,1602.1,38078.82000000001,23.768066912177773,65.97528654333334,999999.0,1602.1,7615.764000000001,0,0
ACC_647b3b25,12,13,5,4,92011.39,205904.44000000003,2.2378146879424383,659.4249029547221,678.4171898130555,7667.615833333334,15838.80307692308,0,0
ACC_648bf516,11,7,3,4,71927.05000000002,6475.330000000001,0.0900263530896929,573.2595938247223,632.7555614036111,6538.822727272729,925.047142857143,0,0
ACC_64a24ea9,10,11,4,5,9459.13,52424.51000000001,5.542212655920789,467.3892795980556,343.8417746780555,945.913,4765.864545454547,0,0
ACC_64b8436b,1,4,1,3,418.86,49030.01999999999,117.05586592178769,572.3057116322221,999999.0,418.86,12257.504999999996,0,0
ACC_650c7820,6,12,2,4,44111.49,331207.33,7.508414020927428,353.69517500111107,346.76741325027774,7351.915,27600.610833333336,0,0
ACC_650ceb41,7,5,3,3,33294.5,38409.19,1.1536196669119525,641.2099185427778,419.7675725547222,4756.357142857143,7681.837999999999,0,0
ACC_653c61c5,11,10,3,4,85371.59,23957.1,0.2806214573255576,671.2411792127778,690.7404989725,7761.053636363636,2395.71,0,0
ACC_65dc84ab,9,3,4,2,10704.5,14535.07,1.3578466999859873,710.7921087777778,532.746782375,1189.388888888889,4845.0233333333335,0,0
ACC_660bf5d9,3,5,2,4,4207.33,60677.66,14.42189226896868,413.2008919605556,135.92596296222223,1402.4433333333334,12135.532,0,0
ACC_6614cf17,0,15,0,2,0.0,13506.05,0.0,999999.0,999999.0,0.0,900.4033333333334,0,0
ACC_661808f0,4,6,2,2,166843.99,4746.719999999999,0.0284500508528955,175.14464006416668,470.1060471586111,41710.9975,791.1199999999999,0,0
ACC_66a77594,13,15,5,2,169276.19999999998,90210.36,0.5329181538810537,602.735694441111,664.7458060241667,13021.246153846152,6014.024,0,0
ACC_6700fd90,18,14,6,4,53835.03,232199.05,4.313159108483826,650.8113545905555,610.6726676674999,2990.835,16585.64642857143,0,0
ACC_6705b946,0,7,0,3,0.0,26060.919999999995,0.0,999999.0,999999.0,0.0,3722.9885714285706,0,0
ACC_674014d0,19,14,6,3,63459.88,16415.09,0.2586687841199825,624.3668144922223,649.8170354797223,3339.993684210526,1172.5064285714286,0,0
ACC_67612987,6,4,2,4,62528.72,13617.100000000002,0.217773528708088,406.5303379777778,455.6459293216667,10421.453333333331,3404.2750000000005,0,0
ACC_67ca7e9c,5,10,4,4,5708.77,79849.81,13.987217912089646,473.4731598594445,353.5617973661111,1141.754,7984.981,0,0
ACC_67d1b7e3,16,4,5,3,54745.12,8097.88,0.1479196684562934,529.1859568116666,695.3740714847223,3421.57,2024.47,0,0
ACC_67e157a3,11,3,3,3,350983.33,27966.22,0.0796796246704936,435.24390808388887,534.8136601744445,31907.57545454545,9322.073333333334,0,0
ACC_68648774,14,4,8,3,34053.42,39731.15,1.1667300964190968,599.5695441133333,690.7391751297222,2432.387142857143,9932.7875,0,0
ACC_68722258,2,4,1,3,1755.37,94654.63999999998,53.9228994457009,180.2804833036111,142.16380614583335,877.685,23663.66,0,0
ACC_68a938fa,23,10,7,3,54499.65,147009.64,2.697441910177405,648.7904345111111,663.736872435,2369.55,14700.964000000002,0,0
ACC_68ad1f21,3,4,1,4,4615.31,7061.51,1.530018568633526,564.0432837097222,205.61448997361111,1538.4366666666667,1765.3775,0,0
ACC_68dd02cc,2,11,2,4,1419.94,31334.49,22.06747468202882,562.9843906994445,448.4514098552778,709.97,2848.59,0,0
ACC_69057f75,10,4,4,3,12858.5,9003.49,0.70019753470467,671.4001382283334,504.0072990875,1285.85,2250.8725,0,0
ACC_6906b0c9,1,8,1,2,956.22,4131.450000000001,4.320606136663112,369.3501400025,999999.0,956.22,516.4312500000001,0,0
ACC_6913e57c,7,14,3,6,203131.65,64233.28,0.3162150260680696,536.2887722822222,484.0409505325,29018.80714285714,4588.091428571429,0,0
ACC_694e54eb,7,4,3,2,5366.179999999999,3481.75,0.648832130118632,124.03859599638888,451.4448271180556,766.5971428571428,870.4375,0,0
ACC_69736778,12,3,4,3,8524.17,17480.41,2.050687632930831,54.40604303361111,617.0553362486111,710.3475,5826.803333333333,0,0
ACC_69916734,8,13,3,2,42746.82,114914.83,2.6882661681032647,682.2100386075,554.5768490425,5343.3525,8839.602307692308,0,0
ACC_69bfa5d3,13,8,3,3,283518.77,88591.35,0.3124708462864733,602.1338542383334,587.3363820619444,21809.13615384616,11073.91875,0,0
ACC_69c6ff69,6,3,4,2,9828.15,25226.54,2.566763836530781,356.443344285,640.1392331341667,1638.025,8408.846666666666,0,0
ACC_69e547fd,7,5,2,5,18898.22,7812.48,0.4133976639069711,552.149601855,454.1630693697222,2699.7457142857143,1562.496,0,0
ACC_6a024864,3,12,2,4,998.0800000000002,259365.01,259.8639487816607,498.2621492244445,218.37686126944445,332.6933333333334,21613.75083333333,0,0
ACC_6a0c0f0c,15,15,6,5,60566.15999999999,37254.6,0.6151058610947104,663.7743702633334,656.0707221927778,4037.7439999999992,2483.64,0,0
ACC_6a0fe705,12,7,3,4,19452.92,5620.89,0.2889483943798669,533.6777867536111,590.3567760411111,1621.0766666666666,802.9842857142858,0,0
ACC_6a133cb0,9,9,3,2,36860.03,8573.720000000001,0.2326020895805022,633.0062954825,568.3736458819444,4095.5588888888888,952.6355555555556,0,0
ACC_6a208b34,6,10,3,4,7597.719999999999,96235.31,12.66634069168119,389.9687160216666,402.242403375,1266.2866666666666,9623.531,0,0
ACC_6a2c12d7,8,10,5,4,49758.88,40870.26,0.8213661561514246,425.37647492972224,645.3495293286112,6219.86,4087.026,0,0
ACC_6ad98bbc,6,10,3,4,10942.84,156169.44999999998,14.271382017830836,666.0998166766667,645.0316449108333,1823.8066666666664,15616.944999999998,0,0
ACC_6adcd4c1,9,8,3,3,38623.65000000001,96162.32,2.489726372313336,665.322460296389,573.5805131902778,4291.516666666667,12020.29,0,0
ACC_6ae37224,8,7,4,5,36697.09,4268.76,0.116324209903292,485.6130373694445,591.0496882413889,4587.13625,609.8228571428572,0,0
ACC_6af0975a,13,14,4,3,37761.3,470176.01,12.451266508303474,679.0652448447222,519.6411480922222,2904.7153846153847,33584.000714285714,0,0
ACC_6b098764,2,11,1,4,628.38,60858.24999999999,96.84943823800884,652.5429320333333,694.8213406205555,314.19,5532.568181818181,0,0
ACC_6b60b945,11,7,2,3,71649.01,6805.049999999999,0.0949775858731334,418.74430436277777,500.1442218877778,6513.546363636363,972.15,0,0
ACC_6b913afd,5,12,2,2,17727.37,15879.480000000003,0.8957606232622213,547.1145925583334,518.0870287333333,3545.474,1323.2900000000002,0,0
ACC_6bcea24f,11,7,6,3,71502.93000000001,77084.56,1.0780615563585991,676.1206293880555,582.2547171455556,6500.266363636364,11012.08,0,0
ACC_6c360518,4,5,2,3,11133.12,58794.66,5.281058678968699,345.64451184194445,179.51583132472223,2783.28,11758.932,0,0
ACC_6c39c24c,2,6,2,2,1809.73,29528.67,16.316616290827913,655.9434087347222,189.6922254602778,904.865,4921.445,0,0
ACC_6c4c1c69,11,7,4,5,53770.4,51777.32000000001,0.9629335098864804,567.8566541905556,675.3526705849999,4888.218181818182,7396.760000000001,0,0
ACC_6c700716,5,11,3,5,3629.92,82904.44,22.83919204830961,644.9196690997222,642.9448245319445,725.984,7536.767272727273,0,0
ACC_6caf6086,8,14,5,3,48673.060000000005,26725.22,0.5490762240960398,607.0009624244444,441.39610974583337,6084.132500000001,1908.9442857142856,0,0
ACC_6cd6bf72,1,10,1,4,34785.66,67378.37999999999,1.9369585053151208,0.0,999999.0,34785.66,6737.837999999999,0,0
ACC_6cda1618,5,9,2,2,2320.86,14060.49,6.058310281533569,656.8336134344444,692.9139298844444,464.172,1562.2766666666666,0,0
ACC_6cfbfb9b,3,12,1,4,57269.22,128284.2,2.240020031702894,310.082528125,238.08581287777776,19089.74,10690.35,0,0
ACC_6d0e45e6,15,14,5,5,16029.31,28410.84,1.7724306286421565,639.4254616769445,715.2039523761111,1068.6206666666667,2029.3457142857144,0,0
ACC_6d491bb0,15,8,5,2,19056.67,29307.88,1.5379329127281944,535.242281985,638.1251644986111,1270.4446666666663,3663.485,0,0
ACC_6dca0143,1,6,1,5,1538.72,50489.13,32.812422013101795,148.37619541444442,999999.0,1538.72,8414.855,0,0
ACC_6dd2f63f,7,4,2,3,6679.5,2234.61,0.3345474960700651,280.90045702583336,655.6010689227778,954.2142857142856,558.6525,0,0
ACC_6e543a57,17,13,5,5,177435.37000000002,110241.71,0.6213062818309562,660.6170677725,700.5331813858334,10437.374705882354,8480.131538461537,0,0
ACC_6e703607,8,7,2,4,9003.28,54487.39000000001,6.05194884530971,415.8795033711111,572.8729669158333,1125.41,7783.912857142858,0,0
ACC_6ece5457,8,5,4,2,51931.57000000001,20713.23,0.3988562256061196,399.3332030055556,526.5938225577778,6491.446250000001,4142.646,0,0
ACC_6f26d0c0,7,15,3,3,17234.829999999998,17411.89,1.0102733824470564,663.8802006697223,647.337062275,2462.118571428571,1160.7926666666667,0,0
ACC_6f5b3688,13,10,3,4,82345.97,234102.8,2.842917510110088,521.7402132430556,616.9125940105556,6334.305384615384,23410.28,0,0
ACC_6f72416f,6,15,4,2,194083.23,177324.67999999996,0.9136527663930571,558.8476444777777,451.5826546502777,32347.205,11821.64533333333,0,0
ACC_6f89da8c,10,11,3,3,17105.19,47468.64,2.775101591972963,673.5353703555555,452.2365767119445,1710.5189999999998,4315.330909090909,0,0
ACC_6fb63317,8,3,4,1,63471.95999999999,28695.74,0.452101053756651,609.34372033,616.0704629897223,7933.994999999999,9565.246666666666,0,0
ACC_6fcac796,14,7,5,4,25037.58,5383.73,0.2150259729574503,586.4472777838888,672.7054437933333,1788.3985714285716,769.1042857142857,0,0
ACC_6fdf85c2,3,13,3,5,104818.33,14592.05,0.1392127693696322,533.735996755,290.42095737722224,34939.443333333336,1122.465384615385,0,0
ACC_6ff5e153,0,9,0,2,0.0,4417.46,0.0,999999.0,999999.0,0.0,490.8288888888889,0,0
ACC_7001eaa5,8,9,3,5,29182.500000000004,81668.66,2.798549130472029,669.1026660666666,534.8623920580555,3647.812500000001,9074.295555555556,0,0
ACC_7025dcd0,12,10,3,5,430012.41,74657.06,0.1736160591272237,657.8581458430556,693.1519539272223,35834.3675,7465.706,0,0
ACC_703a8575,20,12,7,4,67348.20999999999,101951.48,1.5137964320061368,688.5142079233333,679.4525072169445,3367.4104999999995,8495.956666666667,0,0
ACC_704f1dd3,11,3,3,2,330914.63000000006,7838.69,0.0236879523882035,622.4083189388889,618.8068992977778,30083.14818181819,2612.8966666666665,0,0
ACC_706526d0,11,13,4,4,8468.19,100238.31,11.837040737158707,653.8612591633334,614.7565644808334,769.8354545454546,7710.63923076923,0,0
ACC_706526f1,7,5,3,2,17371.43,11436.66,0.6583603077006326,598.4351336141667,463.6527522538889,2481.632857142857,2287.332,0,0
ACC_706b0f0f,7,9,3,2,52911.97,298502.35,5.64149000689258,673.4467702963889,586.4454932647221,7558.852857142857,33166.927777777775,0,0
ACC_7078b8f5,10,9,3,3,63553.87,56261.26,0.8852530931633275,585.3006908402779,636.32594404,6355.387000000001,6251.251111111112,0,0
ACC_709bda38,10,13,5,5,11640.31,114050.03,9.797851603608496,587.2367828447221,450.3614151622222,1164.031,8773.07923076923,0,0
ACC_70c4710d,5,4,2,2,4571.49,119363.75,26.110469453066727,387.6015903247222,520.5505489580555,914.298,29840.9375,0,0
ACC_712e039e,14,14,6,4,83624.75,12027.9,0.1438318201250228,666.2719380991666,610.2212813136111,5973.196428571428,859.1357142857142,0,0
ACC_712e5c2c,2,9,1,3,493.05,16053.32,32.559213061555624,359.70144994916666,111.3018766425,246.525,1783.7022222222222,0,0
ACC_714e9161,11,13,3,5,41990.22,20169.66,0.4803418510310258,515.1876895052778,481.5396028355556,3817.292727272728,1551.5123076923078,0,0
ACC_71c94bd1,7,15,4,6,5419.43,50634.69,9.343176311899958,645.7630237077778,666.4444149677778,774.2042857142858,3375.646,0,0
ACC_72023713,7,8,3,5,6894.17,61744.48,8.956042569301308,507.1510365486112,444.51143246361113,984.8814285714286,7718.06,0,0
ACC_72350a6c,17,14,5,4,139430.49,23947.06,0.1717490916082988,658.5185530797223,661.0780363011111,8201.793529411763,1710.5042857142855,0,0
ACC_72353ce0,11,8,5,6,153424.4,22116.27,0.1441509303604902,585.2227334386112,571.6687069530556,13947.672727272728,2764.53375,0,0
ACC_723a77b7,13,14,7,3,61661.26000000001,39595.31999999999,0.6421425705540235,654.4382102908334,541.5959963266666,4743.173846153847,2828.2371428571423,0,0
ACC_724ab04d,1,4,1,3,3487.77,4199.85,1.204164838851186,140.24505386583334,999999.0,3487.77,1049.9625,0,0
ACC_725121c2,13,9,5,5,148359.8,77532.26,0.522596148013141,524.4091530625,557.1243638144445,11412.292307692309,8614.695555555554,0,0
ACC_726d00a2,1,8,1,5,78.36,28723.21,366.5544920877999,147.2613832361111,999999.0,78.36,3590.40125,0,0
ACC_7273486a,6,5,3,3,140682.94,42903.69,0.3049672547360753,685.351848505,692.6675214027778,23447.156666666662,8580.738000000001,0,0
ACC_72838b99,2,9,1,4,685.41,39054.06,56.97912198538101,628.5233304213889,399.4180705377778,342.705,4339.34,0,0
ACC_729ccd72,8,12,4,4,6080.679999999999,59941.11,9.857632698974458,631.9331194297222,695.1002315044444,760.0849999999999,4995.0925,0,0
ACC_72abdec6,3,4,2,3,2697.3,1073.68,0.3980573165758351,540.5249225408334,486.5650916925,899.1,268.42,0,0
ACC_72f1adf2,1,8,1,5,785.58,36220.86,46.10715649583747,608.1531389324999,999999.0,785.58,4527.6075,0,0
ACC_73025617,5,15,3,2,7930.880000000001,6716.120000000001,0.8468316252420917,253.90329503916664,199.2284043455556,1586.1760000000002,447.7413333333334,0,0
ACC_730f0850,13,13,4,2,52361.56,78686.22,1.502747817291922,537.5408442405555,625.8284713680556,4027.812307692308,6052.786153846154,0,0
ACC_73165974,6,10,3,3,67876.20000000001,118601.11,1.747315111924356,551.1328430047223,486.4021391666666,11312.700000000004,11860.111,0,0
ACC_73371720,4,15,2,5,51414.98,91130.33,1.77244705725841,510.3638385861111,487.432778125,12853.745,6075.355333333332,0,0
ACC_7337901a,5,4,3,4,3203.36,3489.8499999999995,1.0894342190699764,618.4468321941666,608.6035732480555,640.6719999999999,872.4624999999999,0,0
ACC_73400dc7,4,3,3,2,4746.969999999999,50819.14,10.705595358723563,0.0,346.0207797505556,1186.7424999999998,16939.713333333333,0,0
ACC_7368623a,17,12,5,3,19982.94,15388.6,0.7700868841121478,540.2069640725,608.5149393744445,1175.4670588235294,1282.3833333333334,0,0
ACC_7371ee6d,23,7,5,5,73865.85000000002,34757.200000000004,0.4705449135155148,638.6837038313888,689.7892716563889,3211.5586956521747,4965.314285714287,0,0
ACC_738c8699,9,14,3,5,32930.84,77648.48000000001,2.357925883457574,545.0979647563889,612.6430502527778,3658.982222222222,5546.320000000001,0,0
ACC_73ad29af,1,13,1,3,46149.73,51592.71,1.1179417517718957,284.2684527641667,999999.0,46149.73,3968.67,0,0
ACC_74090adf,26,7,10,2,77269.65000000001,188982.01,2.445746939451647,595.4120070094444,672.7217503913889,2971.909615384616,26997.43,0,0
ACC_74597620,14,14,3,3,16130.14,392703.39,24.345938100971225,563.7251532419444,615.3833301450001,1152.152857142857,28050.242142857143,0,0
ACC_747fa91c,6,11,2,4,8353.73,9637.56,1.153683444401483,508.1011600619445,432.22687832083335,1392.2883333333332,876.1418181818182,0,0
ACC_749d315b,2,4,2,2,427.24,12809.46,29.98188371875293,593.2772714016667,226.4392122030556,213.62,3202.365,0,0
ACC_74a0edfb,17,5,6,3,19903.02,40253.05,2.0224594056580365,526.5065519772222,593.1110667661111,1170.765882352941,8050.610000000001,0,0
ACC_74b42634,18,3,6,3,116526.53,53036.85,0.4551482825413233,517.8421100811112,566.3847444319445,6473.696111111112,17678.95,0,0
ACC_74ceffe7,4,5,3,3,2855.73,74437.97,26.066179225627074,459.5340322791666,557.6817467766666,713.9325,14887.594,0,0
ACC_74f0582a,6,9,3,5,3756.86,79045.07999999999,21.040198463610565,562.9149079975,637.0145994202778,626.1433333333333,8782.786666666665,0,0
ACC_7516ed28,9,12,3,3,10633.6,39233.35999999999,3.6895651519711103,494.8457884275,485.3370966869445,1181.511111111111,3269.4466666666663,0,0
ACC_75264871,1,9,1,2,3430.87,62187.53,18.125877692830095,162.74146683722225,999999.0,3430.87,6909.725555555556,0,0
ACC_7546ccdd,19,6,7,4,672281.27,68956.19,0.102570446444239,344.9832799002778,516.4601295794445,35383.22473684211,11492.698333333334,0,0
ACC_75623484,2,4,1,2,45313.32,7286.48,0.1608021658973564,105.35194720194444,89.13010869694445,22656.66,1821.62,0,0
ACC_757c8cae,7,11,2,3,9165.65,60447.95,6.595053269544441,475.1492419827778,425.3681267025,1309.3785714285714,5495.268181818182,0,0
ACC_75b823a9,11,7,6,2,253497.76,3896.06,0.015369208785119,672.8944909574999,689.1950676569445,23045.25090909091,556.58,0,0
ACC_75d519f2,15,3,4,3,53474.95,5281.799999999999,0.0987714808522494,672.3100318341667,659.0365265325,3564.996666666667,1760.5999999999997,0,0
ACC_763616bd,7,9,2,5,9611.05,50312.58,5.234868198583922,662.7115319263888,699.2134443716666,1373.0071428571428,5590.286666666667,0,0
ACC_763ae42f,15,9,5,3,28547.81,7023.45,0.2460241258436286,636.9717762672223,665.1351832683334,1903.187333333333,780.3833333333333,0,0
ACC_763e8413,10,15,4,3,32058.74,13847.580000000002,0.4319439878173628,640.5271044052778,550.2589392155555,3205.874,923.172,0,0
ACC_765c7855,11,4,3,4,56089.33,5248.1,0.0935668156492509,489.4736851411111,577.9879530361111,5099.03,1312.025,0,0
ACC_768aade7,6,4,2,3,4478.76,6152.06,1.3736078736078734,93.45553327583332,374.96991394777774,746.46,1538.015,0,0
ACC_76bd124b,12,10,4,4,81181.27,239430.39,2.949330430529111,414.8127397366667,419.2601963922222,6765.105833333334,23943.039,0,0
ACC_76c2a380,7,4,4,1,4950.070000000001,8117.330000000001,1.6398414567874795,569.3087831777777,563.9469059258333,707.1528571428572,2029.3325,0,0
ACC_76e0c276,3,15,2,5,1841.24,129448.45,70.30503899545958,653.7266264694445,448.9785459336112,613.7466666666667,8629.896666666667,0,0
ACC_76e6fd13,8,9,2,3,7258.2,36035.33,4.964775013088645,597.7437910472223,610.0695785886111,907.275,4003.925555555556,0,0
ACC_76ebe3c3,3,10,2,2,2399.4700000000003,56798.69,23.671348256073216,466.76612780333335,178.42699051555556,799.8233333333334,5679.869000000001,0,0
ACC_76ec4830,15,14,6,4,86749.51999999999,22183.99,0.2557246426262647,630.3631018902778,705.9488297966667,5783.301333333333,1584.5707142857143,0,0
ACC_770303b4,21,15,7,2,66357.85,411222.28,6.19704044058088,544.4703095586111,647.8581426483333,3159.897619047619,27414.818666666662,0,0
ACC_770ea6b8,7,3,4,2,7701.509999999999,20647.92,2.681022293030847,664.7018770180556,603.6424261675,1100.2157142857145,6882.639999999999,0,0
ACC_772ce567,0,13,0,5,0.0,180284.49000000005,0.0,999999.0,999999.0,0.0,13868.037692307696,0,0
ACC_7742329c,24,8,6,2,72910.28,42145.49999999999,0.5780460587999386,607.528558346389,669.0654352997223,3037.9283333333333,5268.187499999999,0,0
ACC_77550d1e,7,4,3,2,9244.06,1622.57,0.1755256889288905,421.5932071605556,403.25745884916665,1320.58,405.6425,0,0
ACC_777e9fc5,3,6,2,3,52467.51,6985.849999999999,0.1331462080056782,297.6466776763889,305.2070368011111,17489.17,1164.3083333333332,0,0
ACC_778e7f6a,16,13,6,3,13006.33,110918.18,8.528015204904072,627.4485192066667,711.560989985,812.895625,8532.167692307692,0,0
ACC_77a6c724,6,3,2,2,6016.84,3442.06,0.5720710539086963,476.4761405813889,403.0317150672223,1002.8066666666668,1147.3533333333332,0,0
ACC_77ed1435,2,6,1,2,9321.14,104398.07,11.20013968248519,77.87140930666668,30.428862640555558,4660.57,17399.678333333333,0,0
ACC_77fbae57,8,3,2,2,83160.53,44400.95,0.5339185548721251,641.8844700683334,633.7274184116667,10395.06625,14800.316666666668,0,0
ACC_77fdf54c,7,5,4,3,44798.84,5786.77,0.1291723178546587,524.2654298708333,623.1942040352778,6399.834285714285,1157.354,0,0
ACC_78274867,17,15,5,4,53952.64,76908.66,1.4254846472758331,689.0233716472222,690.1705873055556,3173.684705882353,5127.244000000001,0,0
ACC_7848f4e3,4,13,1,4,127661.1,58874.68,0.4611794822385205,504.32492325444446,404.20332778666665,31915.275,4528.821538461539,0,0
ACC_7864675f,4,14,3,5,7420.219999999999,13656.39,1.8404292595098264,553.4789039055555,245.1469348677778,1855.055,975.4564285714288,0,0
ACC_7897b85d,6,5,4,4,5256.09,60490.61,11.508670894143746,708.3617150622222,634.11590784,876.015,12098.122,0,0
ACC_78acab7a,19,8,6,3,61863.89,50487.4,0.8161045158977233,612.5201542430556,586.7745165936111,3255.994210526316,6310.925,0,0
ACC_78d261c9,17,12,5,3,650290.4999999999,51449.14,0.0791171637906443,701.5895541130556,683.7620082469444,38252.38235294117,4287.428333333333,0,0
ACC_78f370c7,7,9,3,3,26543.78,10092.509999999998,0.3802212797122338,582.8686887455556,496.0107186925,3791.968571428572,1121.39,0,0
ACC_78f76015,8,3,4,2,7877.12,2026.11,0.2572145657296067,371.0731868169444,549.8574162038889,984.64,675.37,0,0
ACC_78f9ca1c,5,13,2,2,4049.46,69115.28000000001,17.06777693815966,374.49848423027777,392.7298812525,809.892,5316.560000000001,0,0
ACC_795ffea6,4,13,3,3,2858.7,12920.42,4.519683772344073,216.04282525638888,208.0019314955556,714.675,993.8784615384616,0,0
ACC_796fc0d6,25,9,8,2,17574.400000000005,40805.61,2.3218778450473407,573.8223160047222,485.3521348116666,702.9760000000002,4533.956666666667,0,0
ACC_7971656e,6,5,3,3,47467.7,95953.58,2.0214499543900377,454.77959360333335,469.38800413694446,7911.283333333334,19190.716,0,0
ACC_798c3b4d,11,13,4,4,13850.77,105153.28,7.591872509614989,694.1448948861112,690.5859066166666,1259.1609090909092,8088.713846153846,0,0
ACC_79a6c7ca,1,15,1,2,57788.88,67485.99,1.167802352286461,539.4991998127778,999999.0,57788.88,4499.066000000001,0,0
ACC_79ae3669,3,6,2,4,103981.58,12708.55,0.1222192430620884,180.96452799694444,80.56716253472221,34660.526666666665,2118.0916666666667,0,0
ACC_79b24710,2,12,1,6,1459.5300000000002,116691.67,79.95153919412412,253.0361760836111,57.80741961388889,729.7650000000001,9724.305833333334,0,0
ACC_79b38f89,10,4,5,2,14824.48,3522.98,0.237646109678046,602.5293284261112,635.6341820158333,1482.448,880.745,0,0
ACC_79c73458,6,4,3,2,25010.120000000003,29855.110000000004,1.193721181665662,26.794634081944444,305.49468634805555,4168.3533333333335,7463.777500000001,0,0
ACC_79d28572,9,9,2,6,105692.55,11911.909999999998,0.1127034024630875,689.1652160863889,674.5767899455556,11743.616666666669,1323.5455555555554,0,0
ACC_79d68b38,6,10,4,4,11122.82,10131.56,0.9108805141142264,547.2304958416667,401.30285592055554,1853.8033333333333,1013.156,0,0
ACC_7a220bda,12,15,5,4,320498.3,15903.219999999998,0.0496202943978173,516.9966096327778,476.1664155702778,26708.191666666666,1060.2146666666663,0,0
ACC_7aca34ec,7,7,4,5,97710.82,57027.380000000005,0.5836342382552926,642.3485950525001,592.7482702494445,13958.68857142857,8146.768571428572,0,0
ACC_7acee10e,17,5,6,2,13586.54,3269.8600000000006,0.2406690739511311,569.6734946019444,694.6950984941666,799.2082352941176,653.9720000000001,0,0
ACC_7adbe712,9,15,5,5,61028.79,109097.13,1.7876338364237598,675.61006879,581.2377491902778,6780.9766666666665,7273.141999999999,0,0
ACC_7af7a232,5,4,3,3,10635.1,12963.79,1.2189626801816629,528.9825872266666,648.6212881988888,2127.0199999999995,3240.9475,0,0
ACC_7b026490,15,7,4,3,60378.3,16606.47,0.2750403704642231,598.3274275866667,612.0331611002778,4025.22,2372.3528571428574,0,0
ACC_7b63bad9,15,11,6,5,56337.48999999999,153733.22,2.72879072177337,539.1573329513889,649.8884925111112,3755.832666666666,13975.747272727273,0,0
ACC_7b969fe1,0,9,0,3,0.0,25972.19,0.0,999999.0,999999.0,0.0,2885.798888888889,0,0
ACC_7c117489,13,10,4,4,49080.88000000001,152677.52999999997,3.110733344634406,634.4763878883333,628.614856045,3775.4523076923088,15267.752999999995,0,0
ACC_7c3afeb1,1,7,1,4,511.69,52778.29000000001,103.1450487599914,501.7260794525,999999.0,511.69,7539.755714285716,0,0
ACC_7c7d48b4,0,13,0,2,0.0,45766.08,0.0,999999.0,999999.0,0.0,3520.467692307692,0,0
ACC_7ca22d73,4,9,3,3,1679.0700000000002,10202.22,6.0761135628651575,340.5317872113889,458.7623575961112,419.7675,1133.5800000000002,0,0
ACC_7cb71484,6,3,2,3,12367.0,34166.71,2.7627322713673483,488.3044557019445,674.0425942580556,2061.1666666666665,11388.903333333334,0,0
ACC_7cb85e56,2,3,1,2,2752.48,60087.52,21.83032029297216,509.2888879347222,172.79926870166668,1376.24,20029.173333333336,0,0
ACC_7cd26970,15,12,6,4,98010.88,182171.47,1.8586861989199568,699.657678435,677.0294240283333,6534.058666666666,15180.955833333332,0,0
ACC_7ce5418e,10,13,4,5,28337.41,57139.45,2.0163963467374044,713.4854531686111,699.9100085052778,2833.741,4395.342307692307,0,0
ACC_7d0b9996,5,5,4,3,202168.62,3809.98,0.0188455557543994,433.5383948894445,305.8776322525,40433.724,761.996,0,0
ACC_7d6e23a0,11,12,5,3,51711.03,10557.44,0.2041622454629119,674.3169931547222,627.36735045,4701.002727272728,879.7866666666667,0,0
ACC_7d782071,5,7,2,3,54789.84,72431.16,1.3219815936677313,661.4670736705556,627.0503864208333,10957.968,10347.308571428572,0,0
ACC_7d9efcbc,3,12,1,2,4326.7,21901.89,5.062031109159404,390.6655046288889,278.6111338322222,1442.2333333333331,1825.1575,0,0
ACC_7dd16e80,19,15,5,3,82005.23,22531.02,0.2747510128317426,708.347250035,699.3199213508333,4316.064736842105,1502.068,0,0
ACC_7dfb6ec5,8,6,4,2,13846.55,7844.42,0.5665252355279835,521.0558699830556,329.71081325055553,1730.81875,1307.4033333333334,0,0
ACC_7e24cb8e,13,11,5,5,17325.29,78088.84999999999,4.507217483805465,606.1450116183333,622.1799279033334,1332.7146153846154,7098.9863636363625,0,0
ACC_7e2594ac,7,10,4,3,65094.350000000006,107764.13,1.6555066607163291,694.8691252019444,609.5805958130557,9299.192857142858,10776.413,0,0
ACC_7e37d4ea,11,4,3,3,404999.06,5853.04,0.0144519841601607,632.5111040794444,622.79264109,36818.09636363636,1463.26,0,0
ACC_7e600b19,6,6,3,3,4433.51,8629.080000000002,1.946331461979335,576.7155512211111,560.9226410936111,738.9183333333334,1438.1800000000003,0,0
ACC_7e67f81c,17,6,8,4,97675.34,7525.73,0.0770484136528216,628.5740004052778,591.3641396547223,5745.608235294118,1254.2883333333332,0,0
ACC_7e7c005e,17,8,5,4,47492.19,37140.13,0.7820260552313969,696.6865741877778,691.98536663,2793.6582352941177,4642.51625,0,0
ACC_7e8c40b3,3,8,1,3,45074.77,31559.3,0.7001544322910578,425.7743959138889,384.8606821316667,15024.923333333332,3944.9125,0,0
ACC_7eaaa72d,5,9,2,4,4516.52,6414.029999999999,1.4201265576151547,630.1077512480555,676.7219254061112,903.304,712.6699999999998,0,0
ACC_7ec8cd9f,9,4,2,3,9356.8,22715.94,2.4277466655266764,617.8380947444444,619.8051455047222,1039.6444444444444,5678.985000000001,0,0
ACC_7ee303cb,6,6,3,3,4757.58,141805.15,29.80615144674393,0.0,571.0060082961111,792.93,23634.191666666666,0,0
ACC_7f73d18c,7,6,3,2,49148.01,35062.37,0.7134036556108783,545.0358016863889,571.7180723166667,7021.144285714286,5843.7283333333335,0,0
ACC_7fbbd2b3,0,12,0,5,0.0,67377.11,0.0,999999.0,999999.0,0.0,5614.759166666667,0,0
ACC_808d3b05,13,5,4,3,9192.64,34424.91,3.7448339106067463,562.7080327394444,571.5214584644444,707.1261538461538,6884.982000000001,0,0
ACC_811af400,10,5,4,3,354092.18999999994,4319.4,0.0121985181316763,573.5268812069444,663.7755526599999,35409.219,863.8799999999999,0,0
ACC_812468af,18,7,6,4,104331.64,4710.679999999999,0.0451510203424387,610.30309698,657.9794442327777,5796.202222222222,672.9542857142857,0,0
ACC_8160f4ef,1,7,1,4,655.08,105691.56,161.34145447884225,83.51452901694445,999999.0,655.08,15098.794285714286,0,0
ACC_816ceeb1,9,5,4,4,271566.55,28474.79,0.1048538194413118,685.2342162652778,629.6322375005556,30174.06111111111,5694.958,0,0
ACC_81703a75,15,5,6,2,25410.300000000007,89347.85,3.5162060266899635,694.8356798075,703.6333451163889,1694.0200000000004,17869.57,0,0
ACC_81ac227a,10,6,5,3,278762.44,126328.93,0.4531777308305953,689.0544966894444,668.1602682088889,27876.244,21054.821666666667,0,0
ACC_81bfbcbc,7,4,3,2,34955.83,5575.66,0.1595058678337776,508.1048665422222,578.0711289966666,4993.6900000000005,1393.915,0,0
ACC_81c5569e,15,11,5,5,15383.39,58194.27,3.782928860283722,639.5230525936112,633.3906733316667,1025.5593333333334,5290.388181818183,0,0
ACC_81e0c2b5,11,7,5,4,11243.52,9384.659999999998,0.8346727715163934,468.7491021322222,592.3277176150001,1022.1381818181816,1340.665714285714,0,0
ACC_81e1df11,10,10,3,4,59332.46,121408.67,2.046243658193172,601.2352759961111,583.450736458889,5933.246,12140.867000000002,0,0
ACC_8202dbcf,17,6,5,3,65520.04,28561.81,0.4359247949177076,609.9127891552778,612.6371833455556,3854.12,4760.301666666667,0,0
ACC_82281b60,0,14,0,2,0.0,37458.64000000001,0.0,999999.0,999999.0,0.0,2675.617142857144,0,0
ACC_8248303a,8,15,5,6,66542.19,56871.39,0.854666640818404,555.056750343611,479.1058562897222,8317.77375,3791.426,0,0
ACC_828c88dd,15,9,4,3,19459.19,17725.800000000003,0.9109217804029872,236.6536745919444,479.3713336638889,1297.2793333333332,1969.5333333333335,0,0
ACC_82a5bdf1,21,15,7,3,30235.160000000003,157536.86000000002,5.210386186148841,705.426484668889,713.4239811525,1439.769523809524,10502.457333333334,0,0
ACC_82a90b89,6,6,2,4,194793.8,19283.38,0.0989938078111315,472.9086068163889,610.3142590461111,32465.63333333333,3213.896666666667,0,0
ACC_82bd3203,5,9,2,4,4043.61,152746.72,37.77483980898257,391.1735794588889,272.3046641977777,808.722,16971.85777777778,0,0
ACC_82fd4581,8,8,5,2,45696.41,10537.09,0.230589011259309,429.7863422441667,422.1303088916667,5712.05125,1317.13625,0,0
ACC_83130caa,11,4,4,2,18144.41,3019.93,0.1664385890750925,511.310907925,622.8133535527778,1649.4918181818182,754.9825,0,0
ACC_8329df96,3,15,2,3,1634.73,296642.96,181.46296942002652,610.2132304016666,472.5929969158333,544.91,19776.197333333334,0,0
ACC_83471695,4,4,2,3,4859.5,4678.83,0.96282127790925,694.5283992875,313.63562177166665,1214.875,1169.7075,0,0
ACC_8351f99d,5,9,2,4,11824.38,127264.76,10.762911882060624,520.2996121097223,569.0018182258333,2364.876,14140.528888888888,0,0
ACC_837a5636,8,8,2,2,8546.14,9016.88,1.0550821774508723,251.40731215916668,321.8765493397222,1068.2675,1127.11,0,0
ACC_83c7fc16,13,10,3,5,23362.15,51830.17999999999,2.218553514980427,694.4287242825,695.3579081263889,1797.0884615384616,5183.017999999999,0,0
ACC_83dd94fd,0,9,0,4,0.0,21274.48,0.0,999999.0,999999.0,0.0,2363.831111111111,0,0
ACC_841ea1b0,0,9,0,6,0.0,10748.839999999998,0.0,999999.0,999999.0,0.0,1194.3155555555554,0,0
ACC_8434c8ca,6,13,2,4,3342.13,101503.03,30.37076056287457,521.7702748469444,649.0819483005556,557.0216666666666,7807.925384615384,0,0
ACC_844a78ae,6,5,3,2,2502.93,19548.53,7.810258377181943,532.0254823855556,611.2960088272222,417.155,3909.706,0,0
ACC_84908c40,4,8,2,3,5777.039999999999,25664.300000000003,4.442465345574898,710.7864697711111,650.7909953633334,1444.2599999999998,3208.0375000000004,0,0
ACC_84a4897e,0,3,0,2,0.0,69416.70999999999,0.0,999999.0,999999.0,0.0,23138.90333333333,0,0
ACC_84ad890b,5,9,2,5,9885.89,8453.98,0.8551561872527409,389.45851411,514.1744886416666,1977.1780000000003,939.3311111111112,0,0
ACC_84c83d3e,2,12,1,5,712.38,39022.43,54.77754849939639,411.5553956705556,394.27513166500006,356.19,3251.869166666667,0,0
ACC_84cd585b,13,7,5,4,18679.830000000005,7777.6,0.4163635322162995,382.87277760055554,670.8137948652777,1436.9100000000003,1111.0857142857144,0,0
ACC_84d7a464,10,3,3,2,305921.86999999994,28895.7,0.0944545089241249,477.2486129811112,673.8396246052778,30592.186999999994,9631.9,0,0
ACC_84e25e37,7,11,3,2,12019.82,10269.59,0.8543880024825663,386.0505284577778,516.5728280397221,1717.1171428571429,933.5990909090908,0,0
ACC_8502d12f,10,7,4,5,12573.35,176957.42,14.074007325016805,690.8455462052777,661.938354016111,1257.3349999999998,25279.63142857143,0,0
ACC_851fc46e,0,4,0,2,0.0,3937.25,0.0,999999.0,999999.0,0.0,984.3125,0,0
ACC_85455180,6,10,1,3,4796.0,13675.41,2.8514199332777315,565.30327714,686.6306762930556,799.3333333333334,1367.541,0,0
ACC_85524f9f,0,7,0,3,0.0,17600.1,0.0,999999.0,999999.0,0.0,2514.3,0,0
ACC_8552ac52,3,10,3,4,92479.44,35383.88,0.3826134760331593,632.1001985375,317.31382601,30826.48,3538.388,0,0
ACC_856f37f9,12,6,4,3,9507.95,5521.17,0.5806898437623252,686.952965196389,670.5988834799999,792.3291666666665,920.195,0,0
ACC_858855f4,2,8,2,3,429.88,54014.82,125.65092583976924,580.1956558636111,336.7851876063889,214.94,6751.8525,0,0
ACC_85963ccd,8,15,4,5,59250.62,138448.77,2.336663650101889,664.6203692302778,506.9234762163889,7406.3275,9229.918,0,0
ACC_85a09b66,8,7,3,4,10852.44,9459.21,0.871620575649347,662.6121993894444,657.4530252683334,1356.5549999999998,1351.3157142857142,0,0
ACC_85bc9d2f,14,14,6,4,20840.13,74923.62,3.595160874716232,560.313338045,681.5239215511111,1488.5807142857143,5351.687142857142,0,0
ACC_85cc57ba,5,10,1,2,59739.21,162987.73,2.7283208130807224,322.77724443444447,380.78075848277774,11947.842,16298.773,0,0
ACC_85e88681,10,11,5,4,67637.03,171838.12,2.540592335293256,587.6475181930556,587.3955643608333,6763.703,15621.647272727272,0,0
ACC_861084e7,21,4,4,3,100654.35,4121.09,0.0409429895478933,455.9169414483334,629.1973068002778,4793.064285714286,1030.2725,0,0
ACC_863299b8,12,5,3,2,15578.100000000002,61018.16,3.91691926486542,595.7604999369445,659.2122301491667,1298.1750000000002,12203.632,0,0
ACC_864d1c4b,6,6,2,2,24931.81,4260.01,0.1708664553435951,611.5715344625,635.2620147466668,4155.301666666667,710.0016666666667,0,0
ACC_8650827d,2,8,1,2,68380.54000000001,30221.28,0.4419573170963551,385.3564403997222,284.5901806569444,34190.270000000004,3777.66,0,0
ACC_8671da4b,20,6,8,1,128296.37,5469.91,0.0426349552992029,391.8954175930556,667.4594462397223,6414.818499999999,911.6516666666666,0,0
ACC_867511f8,5,10,2,3,6026.78,6474.23,1.074243625949512,474.3582464394444,575.1092590636111,1205.356,647.423,0,0
ACC_868f516b,1,10,1,4,578.45,33065.079999999994,57.16151784942517,371.7286941491667,999999.0,578.45,3306.508,0,0
ACC_86951d77,2,15,2,4,3152.26,54416.15,17.2625830356633,676.0466369208334,66.30969034555555,1576.13,3627.743333333333,0,0
ACC_86968985,4,8,3,2,2002.4200000000003,5623.51,2.80835688816532,619.3028034888888,458.2275382341667,500.6050000000001,702.93875,0,0
ACC_86bc3d8b,19,9,8,3,476694.2200000001,10332.81,0.0216759708141625,651.7673925227778,657.5473590825001,25089.16947368421,1148.09,0,0
ACC_86d7c2c9,8,14,4,5,6088.96,13111.460000000005,2.153316822577255,685.8466847477778,654.7029299597223,761.12,936.5328571428572,0,0
ACC_872454c8,12,9,5,4,95151.04,86530.76000000001,0.909404248235227,571.3662650516667,574.8840997175,7929.253333333333,9614.52888888889,0,0
ACC_875407e7,11,5,5,3,348980.06000000006,114324.25,0.3275953646176804,451.9649122352778,659.461504778611,31725.460000000006,22864.85,0,0
ACC_87872ee3,15,6,6,5,515349.6,55919.97,0.108508806449059,678.1182714880555,696.2466126436111,34356.64,9319.995,0,0
ACC_87a0003a,4,9,2,3,8016.49,121147.0,15.11222492637052,675.5372620677778,301.1272055838889,2004.1225,13460.777777777776,0,0
ACC_87fb13dd,1,6,1,2,3620.05,47060.71,13.000016574356708,0.0,999999.0,3620.05,7843.451666666667,0,0
ACC_87fe3c56,7,3,2,3,13095.23,3622.7,0.2766427164700429,354.3842032652778,613.650935655,1870.7471428571428,1207.5666666666668,0,0
ACC_88164ab0,17,14,4,3,55986.78,279042.8499999999,4.984084635694353,610.7250182319444,642.3849380147221,3293.34,19931.632142857132,0,0
ACC_886ead96,16,13,6,5,42885.74,65600.09,1.529648083488824,682.0351365291666,641.8702522305556,2680.35875,5046.160769230769,0,0
ACC_88755300,22,15,5,3,67482.40999999999,194799.03,2.8866637987588177,567.4298755102778,631.8314005983334,3067.3822727272723,12986.602,0,0
ACC_8897f442,10,6,5,5,368419.82,8151.35,0.0221251668816297,647.8549525805555,566.9697744916666,36841.982,1358.5583333333334,0,0
ACC_88e1bbfe,14,6,6,4,21735.84,38783.71,1.7843207347864176,677.9985528980556,707.4685386569445,1552.5599999999995,6463.951666666667,0,0
ACC_88e36f12,9,4,4,3,10145.93,15868.43,1.5640192668390185,557.4741918111112,581.5641391199999,1127.3255555555556,3967.1075,0,0
ACC_88f1c40e,11,9,3,3,15512.95,12676.35,0.8171463196877448,619.4943956688888,392.0831209661111,1410.2681818181818,1408.4833333333331,0,0
ACC_890781b6,1,14,1,2,3007.03,92218.26,30.66755569448924,217.4442117488889,999999.0,3007.03,6587.018571428571,0,0
ACC_8914fd8f,12,4,5,3,32103.09,1832.82,0.0570917005185482,660.4224810308333,673.1374901947222,2675.2575,458.205,0,0
ACC_8916057d,12,4,6,4,409109.66,5781.43,0.0141317367084414,513.1217665561111,512.4366477705556,34092.471666666665,1445.3575,0,0
ACC_894d104c,10,15,6,4,38311.40999999999,20217.39,0.5277119792771918,644.5057557252778,649.3148744672222,3831.140999999999,1347.8259999999998,0,0
ACC_89838152,5,10,4,4,42843.45,13319.79,0.3108944307706313,454.0701105944444,396.1699049333334,8568.689999999999,1331.979,0,0
ACC_89aadadb,13,3,7,3,10337.04,868.54,0.0840221185174866,382.36939748805554,603.6113071347222,795.1569230769231,289.5133333333333,0,0
ACC_89b2adef,5,5,2,2,4622.88,108255.13,23.417248555013327,565.8888074172222,474.3417525466666,924.576,21651.026,0,0
ACC_89bc392c,15,15,5,3,9576.35,18749.0,1.957844063761245,473.5969920727778,703.9221821430556,638.4233333333334,1249.9333333333334,0,0
ACC_89bf9f1d,9,12,4,5,13885.72,65666.56,4.729071304908928,317.5795696305555,277.5574103677778,1542.8577777777778,5472.213333333333,0,0
ACC_89ecf4a9,12,5,4,3,51095.25,2823.69,0.055263258326361,552.1167219022223,648.6654541908334,4257.9375,564.738,0,0
ACC_8a06e2f6,8,9,4,2,57159.19,12904.01,0.2257556483917984,664.7019264558332,639.6060061819444,7144.89875,1433.778888888889,0,0
ACC_8a165d71,9,6,4,2,5382.02,21164.22,3.932393413625368,550.2611774813889,635.979191026389,598.0022222222223,3527.3700000000003,0,0
ACC_8a1dc384,3,12,2,2,1387.03,38405.37,27.688925257564723,566.5705174027778,205.8452522575,462.3433333333333,3200.4475,0,0
ACC_8a2b503b,6,11,4,2,21469.94,210188.77,9.789909520007972,572.8254923863889,598.7682239369444,3578.3233333333337,19108.07,0,0
ACC_8a371a5c,4,13,2,3,2844.83,81207.7,28.54571274909221,580.2423355433333,537.003002835,711.2075,6246.746153846154,0,0
ACC_8a3f76d7,10,14,4,5,238773.85,64810.41,0.2714301000716786,674.586576781111,548.9592865269444,23877.385,4629.315,0,0
ACC_8a5240be,18,12,7,5,81345.56,65797.4,0.8088628316038392,647.1042435547222,656.29950322,4519.197777777777,5483.116666666666,0,0
ACC_8a67ad12,14,10,6,2,21149.35000000001,24498.14,1.1583400908302142,642.3729586222222,689.0556026736111,1510.6678571428577,2449.8139999999994,0,0
ACC_8a9699bf,3,4,1,2,4751.75,3672.84,0.7729447045825223,345.8383955575,371.8501034744445,1583.9166666666667,918.21,0,0
ACC_8acdf8b0,22,10,5,2,65350.91,17017.21,0.2603974451159134,623.5011233880556,688.2040206191667,2970.4959090909088,1701.721,0,0
ACC_8ad88ce5,20,15,8,4,605627.1200000001,106514.88,0.175875347193831,667.5316195769445,698.6176461177777,30281.356000000007,7100.992,0,0
ACC_8ae49ce0,9,11,3,5,97131.21,57036.22999999999,0.5872080662847707,623.6198498116667,632.29779319,10792.356666666668,5185.111818181817,0,0
ACC_8b2d07bd,14,11,5,4,483531.52,101415.86,0.2097399151972554,651.0061610902777,607.0714098905556,34537.96571428571,9219.623636363636,0,0
ACC_8b315415,6,4,3,3,249945.33,12185.98,0.0487545816519156,232.9044789333333,365.9679183775,41657.555,3046.495,0,0
ACC_8b38fe9d,3,13,3,6,1255.78,163646.08000000002,130.31429071971206,480.0909939938889,288.9849809763889,418.5933333333333,12588.160000000002,0,0
ACC_8b81694a,9,10,4,2,236481.93,11586.02,0.0489932571169391,604.9958624347222,603.4797595652777,26275.77,1158.602,0,0
ACC_8ba9fc40,9,15,4,2,9949.82,41692.83,4.190309975456842,440.5226425611111,437.7779435086112,1105.5355555555554,2779.5219999999995,0,0
ACC_8bc953de,7,7,4,2,11384.37,26768.88,2.351371222122963,366.7538338194445,507.26712212666666,1626.3385714285716,3824.125714285714,0,0
ACC_8bea49a1,10,10,3,2,9761.15,60969.1,6.246098051971334,585.5029910591667,529.7815765227778,976.115,6096.91,0,0
ACC_8c15bd6a,18,3,7,2,67287.01999999999,47408.35,0.7045690238622546,646.3644872741667,689.6419020183334,3738.167777777777,15802.783333333333,0,0
ACC_8c1b051e,1,10,1,4,1232.85,104502.23,84.76475645861217,252.2604555519445,999999.0,1232.85,10450.223000000002,0,0
ACC_8c2086ab,11,10,5,4,77335.06999999999,114277.97,1.477699186151897,584.8359784066666,570.7267397080556,7030.460909090908,11427.797,0,0
ACC_8c336a84,14,4,4,2,162815.97,2153.17,0.0132245626764991,611.9508073188888,625.5165391122223,11629.712142857144,538.2925,0,0
ACC_8c75fd18,8,4,3,3,7699.7,69212.56,8.988994376404275,450.41150553027774,453.1860177047222,962.4625,17303.14,0,0
ACC_8c87fbe0,14,6,7,2,11392.979999999998,13991.780000000002,1.2281053771708548,566.8960911597222,663.1855074908333,813.7842857142856,2331.9633333333336,0,0
ACC_8caa6b7d,7,12,3,3,13332.53,196943.1,14.771622490255035,499.3736006358333,541.9804527944444,1904.6471428571424,16411.925,0,0
ACC_8ceb34ff,8,10,3,3,241028.16,79226.60999999999,0.3287027125793101,637.0612740941666,575.5988465388889,30128.52,7922.660999999998,0,0
ACC_8d19eec7,3,15,1,2,39418.55,340153.61,8.629277586314059,583.4291615386111,208.96536906916668,13139.516666666665,22676.907333333333,0,0
ACC_8d6bbacd,6,12,2,3,5696.3,33858.27999999999,5.943907448694765,577.9304706811112,607.4763885694445,949.3833333333332,2821.5233333333326,0,0
ACC_8db2384e,3,9,2,4,4475.76,13359.15,2.98477800418253,327.3120497505556,450.0104713366666,1491.92,1484.35,0,0
ACC_8dba9744,16,15,6,3,89038.19,295291.99,3.3164644294768344,694.0446323266667,710.8406794133333,5564.886875,19686.132666666665,0,0
ACC_8dcba7fa,1,11,1,5,1104.99,12259.04,11.094254246644766,72.81640439361111,999999.0,1104.99,1114.458181818182,0,0
ACC_8e58b4cf,6,9,2,4,249880.27,9522.83,0.0381095714359521,615.5103068288889,546.2797755949999,41646.71166666667,1058.0922222222223,0,0
ACC_8e648a72,8,12,2,5,10599.96,32587.05,3.0742616009871733,634.3663799411112,667.6648427516667,1324.995,2715.5875,0,0
ACC_8e96cf2f,9,14,3,3,55094.16,33118.07,0.6011176139177002,685.0471878472223,620.9928820963889,6121.573333333333,2365.576428571429,0,0
ACC_8ec4766f,1,15,1,6,2137.54,8901.579999999998,4.164403940978882,614.4999470552777,999999.0,2137.54,593.4386666666666,0,0
ACC_8eddc077,8,4,3,3,52190.91,3880.35,0.0743491539043868,469.9255443661111,378.8268704025,6523.86375,970.0875,0,0
ACC_8ee0401a,3,10,2,4,4686.02,158082.22999999998,33.734860286554465,586.4378659630555,138.31437532388887,1562.006666666667,15808.222999999998,0,0
ACC_8ef84da4,3,4,2,2,1808.42,41898.58,23.168611273929727,500.6891374225,309.5931233311111,602.8066666666667,10474.645,0,0
ACC_8f3132ca,12,3,4,2,13867.36,1607.79,0.1159405972009092,662.7865148594444,381.4009215769445,1155.6133333333332,535.93,0,0
ACC_8f5a9da0,12,13,3,4,377638.77,38272.060000000005,0.1013456854549124,661.1476714822222,606.7949875655555,31469.897499999995,2944.004615384616,0,0
ACC_8f62e65e,15,9,4,5,485101.13,164511.88,0.3391290389284395,499.3093831505555,458.5268579952778,32340.07533333333,18279.097777777777,0,0
ACC_8f664050,14,7,4,2,12806.46,16768.48,1.309376673959861,684.0999764772223,660.2334311850001,914.7471428571428,2395.497142857143,0,0
ACC_8f6fa3a8,2,5,1,3,3296.99,82199.64,24.931722571193728,492.4829264161111,168.70415349833334,1648.495,16439.928,0,0
ACC_8f94cefb,4,6,1,2,4624.130000000001,25036.91,5.414404439321558,436.0124896372223,674.2495612524999,1156.0325000000005,4172.818333333334,0,0
ACC_8fcaaa27,13,3,5,1,70153.56000000001,3423.2300000000005,0.0487962407039642,624.8128692455556,516.6836351533333,5396.427692307693,1141.0766666666668,0,0
ACC_8fe01596,1,3,1,3,9194.86,2216.03,0.241007475915892,131.23009394138887,999999.0,9194.86,738.6766666666666,0,0
ACC_9000df8c,2,3,1,1,659.51,2646.76,4.013221937499052,411.8269477469444,262.24594684472225,329.755,882.2533333333334,0,0
ACC_9014f528,9,6,2,4,9258.09,34152.14000000001,3.68889695390734,542.3888793138889,632.5730744544444,1028.6766666666667,5692.023333333334,0,0
ACC_90210cc4,1,7,1,3,309.05,120480.96,389.84293803591646,87.93934694027777,999999.0,309.05,17211.565714285713,0,0
ACC_9025db4b,11,15,3,5,34923.8,198567.19,5.685726925477754,617.9280858633333,581.8575728941667,3174.890909090909,13237.812666666669,0,0
ACC_903eb07f,11,11,4,2,10699.61,7507.0,0.7016143579065031,638.1557631925,703.8808096886111,972.6918181818182,682.4545454545455,0,0
ACC_9061f8f7,10,14,4,4,13168.72,167699.37,12.73467504814439,663.2276189069445,486.6680398177778,1316.8719999999998,11978.526428571427,0,0
ACC_9075bb8e,13,13,4,2,16996.14,207232.36,12.19290733072333,706.7998920883333,686.2924635933333,1307.3953846153845,15940.95076923077,0,0
ACC_90dd481d,7,7,3,5,59059.66,72712.92,1.2311774229651848,697.1026652525001,408.4778532325,8437.094285714285,10387.56,0,0
ACC_90e82f1d,10,5,2,4,132131.13,49019.69,0.3709927403178948,184.3995765163889,642.3768348997222,13213.113,9803.938,0,0
ACC_9108a88f,7,5,5,3,7395.129999999999,35928.67,4.858423043273073,638.8856675102778,576.1441324652778,1056.4471428571428,7185.734,0,0
ACC_914852ea,7,11,2,2,7349.400000000001,37291.02,5.074022369172994,539.1506311530555,447.3406244086111,1049.9142857142858,3390.092727272728,0,0
ACC_9157e639,3,8,2,3,4175.43,18265.99,4.374636863748165,389.7146939669445,507.6904375566667,1391.8100000000002,2283.24875,0,0
ACC_915a37ef,4,7,3,3,3313.37,3654.41,1.1029284384176836,460.0948388622222,579.9565375825,828.3425,522.0585714285714,0,0
ACC_915df10b,11,13,2,2,362961.89,155446.37999999998,0.4282719047997022,543.7159906747222,654.0099119458333,32996.535454545454,11957.413846153844,0,0
ACC_9160512a,2,8,1,5,486.06,105318.54,216.6780644364893,150.85250760694444,269.5146949775,243.03,13164.8175,0,0
ACC_9165fa5e,3,10,2,4,34385.9,98162.78,2.8547392972119385,515.9390613505556,525.0506931519444,11461.966666666667,9816.278,0,0
ACC_919fbf70,14,12,6,5,46149.87000000001,222788.63,4.827502872705816,594.0601774775,658.0421621116667,3296.4192857142866,18565.719166666662,0,0
ACC_91a870a9,13,3,5,2,13476.43,53933.810000000005,4.002084379913672,491.6913289725,657.5602020794445,1036.6484615384616,17977.93666666667,0,0
ACC_91bee6b7,2,12,1,5,3411.83,55658.76,16.313462276842635,523.8064778177778,122.11558762333333,1705.915,4638.2300000000005,0,0
ACC_91ee7d8b,24,3,7,3,179944.25,2732.09,0.0151829802841713,497.7201666236112,669.716342506111,7497.677083333333,910.6966666666668,0,0
ACC_92192538,9,4,2,3,72049.17,1992.16,0.0276500062387949,672.5745843683334,654.271025618889,8005.463333333333,498.04,0,0
ACC_9280c4d2,8,11,3,5,50707.24,177380.84,3.498136360803704,579.0731278119445,605.9047169577777,6338.405,16125.530909090909,0,0
ACC_929bd76b,13,5,5,2,392929.81000000006,4867.39,0.0123874286860546,620.4082586055556,543.341452443611,30225.370000000003,973.478,0,0
ACC_92a3449c,4,3,4,2,3092.94,19198.74,6.207278511707307,473.3393552944444,477.8066991322223,773.235,6399.579999999999,0,0
ACC_92d9f05c,1,6,1,2,586.54,29495.86,50.28789170389061,540.5646835652777,999999.0,586.54,4915.9766666666665,0,0
ACC_93103a09,18,7,5,4,19291.79,56452.02,2.9262199101275725,534.2381252983333,697.5283929311112,1071.766111111111,8064.574285714286,0,0
ACC_934f516b,12,7,4,5,8277.81,165197.09,19.956617752763112,560.9218668152778,681.8898027055556,689.8175,23599.584285714285,0,0
ACC_93866ef6,17,8,5,3,80320.98999999999,6899.58,0.0859000866398683,655.3960995019445,649.3603069991666,4724.764117647058,862.4475,0,0
ACC_938dc662,4,6,3,4,2145.05,6710.06,3.1281601827463223,115.3625249,360.4958864030556,536.2625,1118.3433333333332,0,0
ACC_93c2a51d,8,3,3,3,9448.35,11483.05,1.2153497700656728,533.2316675163889,683.3502864377778,1181.04375,3827.683333333333,0,0
ACC_9424bdf5,7,13,3,4,4835.21,183529.49,37.9568808800445,563.2916252016666,700.2123244327778,690.7442857142858,14117.653076923076,0,0
ACC_9442b294,13,3,5,2,116115.91,3083.79,0.0265578592976621,635.4304724088889,666.4668846466667,8931.993076923078,1027.93,0,0
ACC_944feddb,15,6,5,3,64802.59999999999,2545.83,0.0392859237129374,391.0119420936112,605.6792832852777,4320.173333333333,424.305,0,0
ACC_948f9419,7,15,2,3,4212.29,78536.65000000002,18.644644599493397,687.6218912788889,631.8363416000001,601.7557142857142,5235.7766666666685,0,0
ACC_949e0179,14,5,5,3,31858.30999999999,32257.35,1.0125254603900835,646.2751995152778,673.8031868616666,2275.5935714285706,6451.47,0,0
ACC_94a19671,3,12,2,4,5504.219999999999,34023.53,6.181353579617094,524.7047973544444,481.0925436533334,1834.74,2835.2941666666666,0,0
ACC_94c0fb9f,14,11,4,5,469581.53,6669.39,0.014202837151623,500.89050372083335,680.8819057527778,33541.53785714286,606.3081818181819,0,0
ACC_9504bb96,12,3,4,2,16594.160000000003,4673.08,0.2816099157775988,361.0675750722222,694.4392598375,1382.846666666667,1557.6933333333334,0,0
ACC_95160dca,9,8,2,4,12972.670000000002,11742.73,0.9051899107893748,675.4478324258334,645.7805550433333,1441.407777777778,1467.84125,0,0
ACC_95210208,22,14,7,5,29282.379999999997,110289.76,3.766420625645867,687.8822326947222,676.277305285,1331.0172727272725,7877.840000000001,0,0
ACC_953bfe71,4,15,2,6,3920.51,55497.32,14.155637914455006,539.1279839477778,240.3727761461111,980.1275,3699.821333333333,0,0
ACC_9564b9c1,32,9,10,2,90562.56,16289.8,0.1798734488071008,697.5754722152778,698.1697196261111,2830.08,1809.9777777777776,0,0
ACC_95748705,3,12,2,6,1868.89,33972.810000000005,18.17806826511994,391.3047252141667,450.5630563955556,622.9633333333334,2831.067500000001,0,0
ACC_957c0315,11,4,4,4,18153.570000000003,44278.27999999999,2.4390948997910598,565.2535830213889,629.3630288725,1650.3245454545458,11069.569999999998,0,0
ACC_959598f6,19,6,7,3,624924.8499999999,3867.52,0.0061887761384428,672.7333798527778,649.4892380305555,32890.78157894736,644.5866666666667,0,0
ACC_9597e7d1,9,4,4,3,57116.600000000006,3832.4,0.0670978314535529,552.3698425880556,545.0648768822222,6346.288888888889,958.1,0,0
ACC_95ae4dc3,12,13,6,6,64419.84,7431.280000000002,0.1153570080273406,667.1006082375,707.7824792588889,5368.320000000001,571.6369230769232,0,0
ACC_95dd2cf9,5,14,2,4,8186.700000000001,63299.33,7.7319713681947535,675.6355155363889,655.9815264941667,1637.34,4521.380714285714,0,0
ACC_95fe8abb,14,3,7,2,36970.21,4751.29,0.1285167165672037,552.9582005219444,654.9865139358333,2640.7292857142857,1583.763333333333,0,0
ACC_9631b066,9,12,3,3,11001.330000000002,16582.06,1.507277756416724,643.3988469716667,603.4169486124999,1222.37,1381.8383333333334,0,0
ACC_96437119,4,5,3,3,11390.44,14040.77,1.2326802125291034,436.8943598538889,409.47229709916667,2847.61,2808.154,0,0
ACC_9647bb20,5,6,3,3,8483.47,141020.83000000002,16.623012753036203,445.6011198375001,473.1235145997222,1696.694,23503.471666666668,0,0
ACC_965d2fc5,0,8,0,4,0.0,22922.84,0.0,999999.0,999999.0,0.0,2865.355,0,0
ACC_967c4ec2,16,6,7,5,552408.8400000001,44461.16,0.08048596760327,561.3689493247223,639.1205755227778,34525.552500000005,7410.193333333334,0,0
ACC_96fc8c2d,6,5,2,2,33500.73,66667.59,1.990033948513957,611.7333325166667,474.9278816180556,5583.455000000001,13333.518,0,0
ACC_971be79b,8,7,3,3,4796.84,6493.289999999999,1.3536599094403814,542.5716283705556,361.7577298238889,599.605,927.612857142857,0,0
ACC_973802d6,1,15,1,2,4221.52,50151.74,11.880019519035796,128.0249190813889,999999.0,4221.52,3343.449333333333,0,0
ACC_9754754c,5,7,2,5,3919.61,43256.3,11.035868364454627,538.0043822772222,422.0508112108334,783.922,6179.471428571429,0,0
ACC_97a54e5f,6,8,1,4,212169.94,16557.58,0.0780392359068395,387.8043403008333,340.8750123147222,35361.65666666667,2069.6975,0,0
ACC_97c006e6,8,15,4,6,215600.88,16095.34,0.07465340586736,644.5507521469444,653.1843020347222,26950.11,1073.0226666666667,0,0
ACC_97c28deb,4,11,3,2,4735.69,240584.83,50.80248707157775,292.7731481711112,465.98429924,1183.9225,21871.348181818183,0,0
ACC_97dbe9bd,0,12,0,6,0.0,19360.13,0.0,999999.0,999999.0,0.0,1613.3441666666668,0,0
ACC_97f3041e,5,6,2,3,3516.2,5819.969999999999,1.6551874182355952,375.5582564094445,537.7077424436111,703.24,969.995,0,0
ACC_98095ad5,10,8,3,3,15783.3,7503.59,0.4754132532486869,337.0175693705556,469.4658904033333,1578.3300000000002,937.94875,0,0
ACC_9826e5ef,12,11,4,3,11905.100000000002,10491.22,0.8812374528563387,630.5368351225,662.8754735327777,992.0916666666668,953.7472727272726,0,0
ACC_9835e601,0,10,0,3,0.0,146093.51,0.0,999999.0,999999.0,0.0,14609.351,0,0
ACC_98419463,6,5,3,2,5173.219999999999,3914.86,0.7567549804570463,318.4005975411111,144.89147407,862.2033333333333,782.972,0,0
ACC_985fb375,8,5,2,2,4412.11,130710.88,29.62548077903769,545.2843979294444,617.8436768861111,551.51375,26142.176,0,0
ACC_988226bf,9,12,3,6,21307.69,195984.64,9.197836086408238,597.8430674191667,428.8741535713889,2367.521111111111,16332.05333333333,0,0
ACC_988b202b,13,14,6,4,9749.98,162646.85,16.68176242412805,661.2162611030556,644.9711264955555,749.9984615384615,11617.632142857145,0,0
ACC_98ca8c53,4,14,2,3,10668.48,58712.16,5.503329433996221,486.2926953472222,442.7057920063889,2667.12,4193.725714285714,0,0
ACC_98ce9ee8,16,15,5,4,44480.73,93823.3,2.109302162981588,620.9113618108333,578.0096291463889,2780.045625,6254.886666666667,0,0
ACC_98dbd3ca,3,12,2,4,2622.9300000000003,137494.99000000002,52.420381024274384,476.3774134272222,191.8913801752778,874.3100000000001,11457.915833333334,0,0
ACC_98f31ad8,18,11,7,6,110522.91,107429.06,0.972007161230192,613.3543062425,661.7904974500001,6140.161666666667,9766.27818181818,0,0
ACC_990a7b6f,7,5,3,4,6087.320000000001,12037.94,1.977543483831965,543.5994699416667,617.2154900741666,869.617142857143,2407.588,0,0
ACC_992f0e24,16,14,5,5,72214.4,157739.19,2.1843176707138743,700.0049497780556,637.0904745777777,4513.4,11267.085,0,0
ACC_9941c714,2,12,1,4,1976.38,53419.91,27.02916949169694,540.5155205783333,381.55765043583335,988.19,4451.659166666667,0,0
ACC_994d5d61,11,14,4,4,22476.89,462739.69,20.587353944429147,661.8814486772221,611.6515879858333,2043.3536363636365,33052.835,0,0
ACC_99501f58,7,9,4,4,14811.13,112153.95,7.572275039109102,599.6686330930555,412.35241397277775,2115.8757142857144,12461.55,0,0
ACC_998b7d0a,5,15,4,5,2526.65,33404.43000000001,13.220837868323672,590.2271038616667,485.0085824222222,505.33,2226.9620000000004,0,0
ACC_99ca43bb,4,7,2,5,2829.32,55618.95,19.658062714715903,493.4566734958333,590.2176431475,707.33,7945.564285714287,0,0
ACC_99cfd5a1,14,15,3,4,7864.950000000001,274695.36999999994,34.926524644149026,472.9849471366667,660.1719828166666,561.782142857143,18313.02466666666,0,0
ACC_99d09eff,1,12,1,6,434.4,63278.54,145.6688305709024,610.0650085022222,999999.0,434.4,5273.211666666667,0,0
ACC_9a28d5f6,1,4,1,3,1663.26,3383.44,2.0342219496651155,0.0,999999.0,1663.26,845.86,0,0
ACC_9a645466,3,5,2,4,1472.36,51144.39,34.73633486375615,650.6307778411111,569.9703944494445,490.7866666666666,10228.878,0,0
ACC_9a66b75c,9,4,5,2,5230.99,3572.0,0.6828535325053193,449.3059402408333,535.9118004505556,581.2211111111111,893.0,0,0
ACC_9a7815ff,18,13,6,4,54598.07,137323.41999999998,2.5151698585682603,639.0397605741667,643.8190030616666,3033.226111111111,10563.339999999998,0,0
ACC_9a79e2c7,8,9,3,2,5378.75,4730.2,0.8794236579130839,666.4819999725,608.2877142769445,672.34375,525.5777777777778,0,0
ACC_9a9a4907,6,6,2,4,9052.57,4625.64,0.5109753362857178,528.6861954119445,561.7952097038889,1508.7616666666663,770.94,0,0
ACC_9ace64ca,6,12,2,3,6757.41,17330.120000000003,2.564609813523229,571.4904277313889,392.1441910925,1126.235,1444.176666666667,0,0
ACC_9ae25557,3,8,1,5,2613.66,9414.02,3.6018533397611017,442.35801642972217,199.59620186777775,871.2199999999999,1176.7525,0,0
ACC_9ae403ac,6,4,4,3,4207.61,32115.06,7.632613288779141,372.6051641863889,242.2122098263889,701.2683333333333,8028.764999999999,0,0
ACC_9ae7f912,7,3,4,2,5644.449999999999,3965.23,0.7025006865150725,626.6692704575,691.7558035394445,806.3499999999998,1321.743333333333,0,0
ACC_9af67048,16,4,6,2,47500.55,1223.62,0.0257601227775257,475.1619814586111,658.1217658247222,2968.784375,305.905,0,0
ACC_9b58f481,6,14,4,4,4313.36,82952.31,19.231483112932843,458.8241787833333,668.7691938255555,718.8933333333333,5925.165,0,0
ACC_9b6b339d,7,13,3,2,4251.0,213743.9,50.280851564337794,604.7363589877777,697.2074682136112,607.2857142857143,16441.83846153846,0,0
ACC_9bbc14df,0,15,0,4,0.0,15000.9,0.0,999999.0,999999.0,0.0,1000.06,0,0
ACC_9bd14c8a,10,13,4,5,13374.9,7376.09,0.5514874877569178,586.6811398525001,618.4880747591667,1337.49,567.3915384615385,0,0
ACC_9bdc4eed,7,12,3,5,5694.48,283327.95,49.75484153074557,653.0308553355555,485.8717395511111,813.4971428571428,23610.6625,0,0
ACC_9c1c4712,7,6,5,4,23452.02,3949.06,0.1683889063713914,608.2729066961111,613.9898012405555,3350.288571428572,658.1766666666667,0,0
ACC_9c6abf1d,13,11,7,4,10219.910000000002,19042.810000000005,1.863305058459419,588.6570183591666,700.5036048644445,786.1469230769233,1731.164545454546,0,0
ACC_9c7bfbbf,6,14,3,4,7866.01,72287.26999999999,9.189826862666076,634.3905644730556,635.7272771852778,1311.0016666666668,5163.376428571428,0,0
ACC_9c97f318,17,4,7,3,71064.04,2037.45,0.0286706187827204,132.13516330694446,513.3171277233333,4180.237647058823,509.3625,0,0
ACC_9cc4d8d7,13,11,4,2,326828.29,107042.48,0.3275190161781894,691.9043949644445,666.6032461933333,25140.63769230769,9731.134545454544,0,0
ACC_9ce569b5,0,5,0,3,0.0,168652.0,0.0,999999.0,999999.0,0.0,33730.4,0,0
ACC_9cf9fe8a,12,13,4,3,28081.54,69149.12,2.4624404502032298,693.1437582936111,696.4820152152777,2340.128333333333,5319.163076923077,0,0
ACC_9d252837,17,10,7,4,48062.66,8799.97,0.1830936947726155,615.2589629188889,611.6408037730556,2827.215294117647,879.997,0,0
ACC_9d271f2d,5,15,2,3,200072.58,33652.67,0.1682023093819252,473.9359109238889,342.2657564247222,40014.516,2243.5113333333334,0,0
ACC_9d28799a,3,4,2,3,127846.58,13312.42,0.1041280885261068,423.8309464741666,524.9992162722223,42615.526666666665,3328.105,0,0
ACC_9d33db8f,6,3,2,2,3791.58,3143.08,0.8289631235527142,559.8905009472222,436.6156001711111,631.93,1047.6933333333334,0,0
ACC_9d5ea3cd,1,6,1,4,91.36,20979.29,229.63320928196143,544.6826143727777,999999.0,91.36,3496.5483333333327,0,0
ACC_9d6fdaed,0,7,0,2,0.0,40520.6,0.0,999999.0,999999.0,0.0,5788.657142857142,0,0
ACC_9db18889,14,6,4,3,12713.55,6469.34,0.5088539393009821,458.6282981977778,692.0529939816668,908.1107142857144,1078.2233333333334,0,0
ACC_9db3054d,12,6,3,3,71762.84,66117.06,0.9213272495904564,671.913713015,513.8528936330556,5980.236666666667,11019.51,0,0
ACC_9db909c7,15,3,4,3,477090.5200000001,11241.58,0.0235627821739153,312.5340075036111,590.9993192347222,31806.03466666667,3747.193333333333,0,0
ACC_9df4b3f6,3,8,2,4,4876.47,109322.74,22.41841742079824,634.7804280205556,135.00134100527777,1625.49,13665.3425,0,0
ACC_9e02f7a4,9,15,3,6,5217.39,22333.5,4.280588570147143,607.9764308263889,555.0031687602777,579.71,1488.9,0,0
ACC_9e0d7226,12,3,5,1,72873.40999999999,106416.6,1.4602939535833444,687.8214572833333,609.5379989969445,6072.784166666665,35472.200000000004,0,0
ACC_9e2003b6,10,13,4,3,40636.88999999999,89392.27,2.199781282475111,513.8560197633334,586.52505134,4063.689,6876.328461538462,0,0
ACC_9e2aa9f6,8,13,3,5,5169.32,15481.34,2.9948503865111853,610.9099488861111,591.8871834061111,646.165,1190.8723076923077,0,0
ACC_9e52d0c6,6,12,2,4,3358.62,54799.22,16.315992878027284,683.981948033611,643.1175032444445,559.77,4566.6016666666665,0,0
ACC_9e67bff1,10,9,3,3,9870.74,50213.72,5.087128219363493,641.1098924849999,654.7571801452777,987.074,5579.302222222223,0,0
ACC_9e7a71b8,12,10,4,5,31081.29,11144.62,0.3585636246114623,637.3506274775001,376.4950204291667,2590.1075,1114.462,0,0
ACC_9eb6c3dd,3,12,2,5,43922.2,7864.14,0.1790470422701959,503.9294461552778,467.4590334705556,14640.733333333335,655.345,0,0
ACC_9eb96302,22,10,6,2,629762.53,8962.24,0.0142311420147527,641.0345287466666,636.4408067583333,28625.569545454546,896.2239999999999,0,0
ACC_9ebfdf9f,8,12,3,4,7395.81,165641.9,22.39672192768608,511.66563977916667,481.3304572163889,924.47625,13803.491666666669,0,0
ACC_9f3a023c,7,5,4,1,11576.79,11257.69,0.9724362280044814,299.47363268166663,427.7325580875,1653.827142857143,2251.538,0,0
ACC_9f64309d,10,9,6,2,38484.90000000001,10010.96,0.2601269588851731,542.3325260891667,464.8173011152778,3848.4900000000007,1112.328888888889,0,0
ACC_9f75e9c0,8,11,3,5,6798.81,88330.39,12.992036841741422,599.1142217811112,625.1177559255555,849.85125,8030.035454545455,0,0
ACC_9f8f287c,4,8,2,2,2288.96,85949.23999999999,37.54947224940584,431.48437538,552.7411804363888,572.24,10743.655,0,0
ACC_9fa77899,20,5,5,2,65979.02,48229.2,0.7309778168878531,519.9418226316667,682.6731169933333,3298.951,9645.84,0,0
ACC_9fb916f5,19,13,5,4,118222.55,39325.87999999999,0.3326427995335915,638.7354366124999,619.4764317,6222.23947368421,3025.067692307692,0,0
ACC_9ff91135,8,3,4,2,7401.070000000001,2351.9,0.3177783752889784,226.6362680455556,576.7554264130556,925.13375,783.9666666666667,0,0
ACC_a00d34a2,4,8,2,4,3354.61,80083.37,23.872631990007783,498.56250641305553,423.6797631522222,838.6524999999999,10010.42125,0,0
ACC_a03ab3a6,1,12,1,5,33350.72,86258.37,2.5864020326997434,615.4724641694444,999999.0,33350.72,7188.197499999999,0,0
ACC_a0620a4c,10,9,4,2,36144.92999999999,90804.14,2.512223429399366,629.5978069530555,676.7230648944444,3614.493,10089.34888888889,0,0
ACC_a0640f7a,4,10,2,4,1195.22,19887.44,16.639145931292983,480.2987436172222,321.0429641955556,298.805,1988.744,0,0
ACC_a07373d4,7,12,3,6,5771.06,38157.1,6.611800951644931,365.47959166305554,487.6285273863889,824.4371428571429,3179.758333333333,0,0
ACC_a091eaac,6,4,4,3,30325.0,73449.11,2.4220646331409728,232.32666626,286.1717069847222,5054.166666666667,18362.2775,0,0
ACC_a0c40d41,3,11,3,2,1885.67,239778.23,127.15810825860302,636.7083127269445,591.7164155852778,628.5566666666667,21798.02090909091,0,0
ACC_a0eb8583,1,11,1,5,332.53,28804.05,86.62090638438637,0.0,999999.0,332.53,2618.55,0,0
ACC_a11b6ba5,3,8,1,5,5109.51,109726.51,21.47495748124576,232.62954462083331,316.3429148936111,1703.17,13715.81375,0,0
ACC_a14bf21a,0,6,0,4,0.0,99787.64,0.0,999999.0,999999.0,0.0,16631.273333333334,0,0
ACC_a19a9bf2,12,7,5,2,16175.35,59113.11,3.654518140256626,582.4756784441666,446.0016459952778,1347.9458333333332,8444.73,0,0
ACC_a1b32ff4,6,4,2,3,4773.040000000001,61661.42,12.918689137321286,324.46624200138893,511.38899174833335,795.5066666666668,15415.355,0,0
ACC_a1b52564,0,7,0,2,0.0,52888.74,0.0,999999.0,999999.0,0.0,7555.534285714285,0,0
ACC_a1b9e8db,0,7,0,5,0.0,4632.99,0.0,999999.0,999999.0,0.0,661.8557142857143,0,0
ACC_a1dfcb9a,8,7,3,2,10634.86,99811.44000000002,9.385308316235475,699.0697270244444,616.2775185194445,1329.3575,14258.777142857143,0,0
ACC_a20aee20,7,4,2,2,6249.499999999999,1576.69,0.2522905832466597,496.3978608455556,619.0891028369444,892.7857142857141,394.1725,0,0
ACC_a22015ff,11,13,4,5,19297.86,10491.67,0.5436701271539953,676.8179523163889,696.6658500580555,1754.3509090909092,807.0515384615385,0,0
ACC_a225d971,14,7,7,4,9030.26,6804.18,0.753486610573782,603.7643785983333,598.4852707108334,645.0185714285715,972.0257142857143,0,0
ACC_a240a571,12,4,3,2,78037.28,116430.94,1.4919912636627006,541.1973156672223,681.3670436416668,6503.106666666667,29107.735,0,0
ACC_a2597d8a,30,8,9,3,885079.8899999998,115627.97,0.1306412803029566,663.2898610925,671.5522329886112,29502.662999999997,14453.49625,0,0
ACC_a2718eb2,24,10,5,6,22201.57,86458.73000000001,3.8942619823733193,616.1141517763889,682.4149525816666,925.0654166666668,8645.873000000001,0,0
ACC_a283f56c,6,15,2,4,18992.76,200099.8,10.535583032692456,576.3453201583333,563.6433812727778,3165.4600000000005,13339.986666666666,0,0
ACC_a2e5f7fa,12,5,2,3,32621.47,29615.69,0.9078588426579184,658.6805927777777,509.04287982777777,2718.455833333333,5923.138,0,0
ACC_a30c095f,15,15,6,4,24076.88,114101.31,4.739040523522982,649.6698207341666,640.9898206080555,1605.1253333333332,7606.754000000001,0,0
ACC_a37d95c6,6,14,2,5,254351.23000000004,18534.81,0.072870927339333,406.8477742169444,413.3411171966667,42391.87166666667,1323.9149999999995,0,0
ACC_a3b535c8,3,8,2,4,4850.860000000001,58397.66,12.038619956049027,272.7438764127778,248.50268966055555,1616.9533333333336,7299.707499999999,0,0
ACC_a3bf5b2c,6,8,3,4,7360.610000000001,73338.62,9.963660620519224,501.7086535152778,501.4722073088889,1226.7683333333334,9167.3275,0,0
ACC_a3dc0db7,6,13,2,6,46825.60999999999,65507.13,1.3989594582964324,591.8189784225,550.0547052677778,7804.268333333332,5039.01,0,0
ACC_a405faf7,2,12,1,6,2263.78,56203.99999999999,24.827500905565024,662.9384722241666,453.0489695172222,1131.89,4683.666666666665,0,0
ACC_a416056b,20,10,7,6,69513.52999999998,199989.9,2.876992435861048,691.14754535,703.3316215447222,3475.676499999999,19998.99,0,0
ACC_a41750eb,6,3,3,2,5842.67,1588.95,0.2719561433385764,414.7310007244444,474.4952660722222,973.7783333333332,529.65,0,0
ACC_a42b2c18,6,13,3,4,5002.22,18232.83,3.644947643246398,623.5177904808334,604.3878276630555,833.7033333333334,1402.5253846153844,0,0
ACC_a439b616,11,7,2,2,344991.61,7707.009999999999,0.0223397026959583,528.3277706855556,518.7186205297222,31362.873636363634,1101.0014285714285,0,0
ACC_a4606690,16,10,7,4,16805.46,43527.05,2.590054065761961,642.7641137669445,640.2545502016666,1050.34125,4352.705,0,0
ACC_a46bec95,8,9,3,4,246850.26,4736.039999999999,0.0191858821619227,624.4494653022222,674.1514497283334,30856.2825,526.2266666666666,0,0
ACC_a46c8eba,13,11,6,4,421703.57,6891.23,0.0163414077808257,572.2557591061111,553.2166337147222,32438.73615384616,626.4754545454545,0,0
ACC_a46e6923,8,6,4,4,5485.98,50876.97,9.273998446950229,645.516394596389,624.6738836438889,685.7475,8479.495,0,0
ACC_a4d383e5,0,10,0,5,0.0,57485.7,0.0,999999.0,999999.0,0.0,5748.57,0,0
ACC_a5226494,13,8,6,4,13266.920000000002,83443.70999999999,6.289606781378042,546.5019969577778,572.2037254286112,1020.532307692308,10430.46375,0,0
ACC_a578dc01,10,4,4,4,71675.53,54884.02,0.76572883381539,635.6353881752779,614.8432375236112,7167.553,13721.005,0,0
ACC_a599f940,7,10,3,5,243854.64,20828.45,0.0854133839733375,654.3448786658333,494.3086058955556,34836.37714285714,2082.8450000000003,0,0
ACC_a63cb68b,10,5,4,5,11066.559999999998,36939.350000000006,3.337925245062604,499.5013914430555,569.2684385094444,1106.6559999999995,7387.870000000001,0,0
ACC_a65141ac,2,7,1,5,2771.74,109577.97,39.53400030305873,467.0809454386111,429.61162940583336,1385.87,15653.995714285717,0,0
ACC_a667b643,10,15,4,4,34162.53,244166.45,7.147200456172304,571.6200573097223,665.1241664375,3416.253,16277.763333333334,0,0
ACC_a67e1f0c,11,4,5,3,85449.34999999999,82435.43,0.9647285789769028,456.6579273594445,610.3491862183333,7768.1227272727265,20608.8575,0,0
ACC_a69e9add,11,3,5,2,50345.030000000006,84896.70999999999,1.686297733857741,496.1329890475,635.3542057530556,4576.8209090909095,28298.90333333333,0,0
ACC_a6a9b3bc,12,14,3,3,9365.34,74377.63000000002,7.941797094392731,686.2231578647222,584.7217901844444,780.445,5312.687857142859,0,0
ACC_a6b041c2,22,4,4,3,26560.620000000003,100799.09,3.79505787139005,570.9152560591666,589.9953302027778,1207.3009090909093,25199.7725,0,0
ACC_a6d1c7c0,14,15,5,5,467192.98,35211.35,0.0753678918720054,678.0451932858333,608.2220812933333,33370.927142857145,2347.423333333333,0,0
ACC_a6ecb927,5,15,3,2,2706.13,197959.11,73.15210651372993,646.2975255366667,586.1453756641666,541.226,13197.274,0,0
ACC_a719208d,8,8,3,5,49786.45000000001,12119.96,0.2434389276600359,513.4179154097222,624.3417430619444,6223.3062500000015,1514.995,0,0
ACC_a72e41f7,16,13,6,6,81678.34999999999,25880.29,0.3168561803709306,683.612111836389,670.4789350238889,5104.896874999999,1990.7915384615385,0,0
ACC_a7326930,13,14,4,6,35894.3,12971.61,0.3613835622926202,685.7022376938888,673.5605840552778,2761.1000000000004,926.5435714285712,0,0
ACC_a777b26e,4,8,2,4,1774.9199999999998,116399.82,65.58031911297411,459.74936374,577.0020804166667,443.73,14549.9775,0,0
ACC_a77e270c,10,4,3,2,71176.73999999999,8629.0,0.1212334254139765,459.5565125775,518.4473484105555,7117.673999999999,2157.25,0,0
ACC_a77f12c0,18,10,5,4,23122.62,85747.78,3.708393771986047,666.9088192252777,668.4919974725,1284.59,8574.778,0,0
ACC_a797acb4,12,15,5,2,98196.58,184985.21,1.883825383735361,692.1492241466666,669.1683337655556,8183.048333333332,12332.347333333337,0,0
ACC_a7c5594d,6,7,3,3,206715.91,87020.73000000001,0.4209677426377099,459.1864157522222,645.3837006255557,34452.651666666665,12431.532857142858,0,0
ACC_a868a1f3,0,10,0,6,0.0,22749.55,0.0,999999.0,999999.0,0.0,2274.955,0,0
ACC_a88cf169,11,6,4,4,9697.41,23649.85,2.438780045393564,622.6685669036111,628.1729548211111,881.5827272727273,3941.641666666667,0,0
ACC_a8ae7660,3,11,3,5,5694.429999999999,176416.41999999998,30.98052307254633,191.0242231075,148.4052850561111,1898.1433333333327,16037.85636363636,0,0
ACC_a8e8fe35,7,4,4,2,6476.0,3040.82,0.4695521927115503,589.5590912841667,677.1165065527778,925.1428571428572,760.2049999999999,0,0
ACC_a8fc0b2a,1,10,1,5,1207.38,36251.12,30.024615282678194,488.2194594688889,999999.0,1207.38,3625.112,0,0
ACC_a91685e7,11,14,6,4,393883.13,58503.97,0.1485312915026343,468.90812628416666,526.0537826180556,35807.55727272727,4178.8550000000005,0,0
ACC_a943a678,14,3,4,2,62041.99,1929.36,0.0310976485441553,497.8387301880556,652.6224801638889,4431.5707142857145,643.12,0,0
ACC_a950063a,6,12,2,4,144996.63999999998,18229.53,0.1257238098758702,598.7681359555555,466.9176590066666,24166.106666666663,1519.1274999999998,0,0
ACC_a970ee31,5,15,3,6,12199.52,124943.14,10.241643933531812,598.1600297680556,429.0526273294445,2439.904,8329.542666666668,0,0
ACC_a98871fb,10,9,4,3,9347.19,16085.62,1.7209043573523166,583.4488562583333,567.8021807230556,934.719,1787.2911111111111,0,0
ACC_a9a7af74,9,10,3,5,16371.66,140673.41999999998,8.592495812886414,619.5852988447222,590.6974461366667,1819.0733333333333,14067.342,0,0
ACC_a9bac2b8,3,6,2,3,3663.64,61547.31,16.799497221342705,537.8850817800001,545.926673665,1221.2133333333334,10257.885,0,0
ACC_a9c1e011,8,8,4,4,47443.86,47649.51,1.0043345967212616,704.9216901080556,627.0105260711111,5930.4825,5956.188749999999,0,0
ACC_a9c44b3c,9,6,4,3,14159.64,4789.46,0.3382473000726007,500.5599485988889,500.5963827244445,1573.2933333333333,798.2433333333333,0,0
ACC_a9f7c88e,3,12,2,5,3659.33,16562.7,4.526156427542747,586.3205698383333,163.74231763194445,1219.7766666666666,1380.225,0,0
ACC_aa2efd79,1,11,1,3,608.46,12611.02,20.726128258225685,75.21817708333333,999999.0,608.46,1146.4563636363637,0,0
ACC_aa5f61f5,13,9,6,3,100758.84999999998,100697.21,0.9993882423231312,687.6265706977778,666.1932722586112,7750.680769230767,11188.57888888889,0,0
ACC_aa63459d,10,5,2,2,9847.18,29092.120000000003,2.954360537737708,500.82428197111113,440.4479822363889,984.718,5818.424000000001,0,0
ACC_aaac05eb,7,7,3,4,9809.08,91471.00999999998,9.325136506175909,506.2134697569445,424.722618635,1401.297142857143,13067.28714285714,0,0
ACC_aab6c7ea,6,3,1,3,12527.45,10184.32,0.8129603390953466,594.6271357325,664.0066793338889,2087.9083333333333,3394.773333333333,0,0
ACC_aac30ff8,4,8,2,2,1746.99,5863.74,3.3564817199869488,569.3310732722222,556.777681755,436.7475,732.9675,0,0
ACC_aae2d1b7,8,14,4,4,305580.5,10430.419999999996,0.0341331334951019,511.2709166691667,452.1496166941666,38197.5625,745.0299999999997,0,0
ACC_ab0e4268,11,11,3,2,9675.02,48157.84,4.977544232466703,487.6647723425,664.6978845113888,879.5472727272728,4377.985454545455,0,0
ACC_ab1916c2,0,12,0,2,0.0,43632.44,0.0,999999.0,999999.0,0.0,3636.036666666667,0,0
ACC_ab225c09,6,10,2,3,196511.87,153204.41999999998,0.7796191649898806,532.238933128611,564.9605687636111,32751.978333333336,15320.442,0,0
ACC_ab42dde4,21,4,5,1,57673.92999999999,145900.51,2.529748016131379,590.7869590441667,669.2891427105556,2746.3776190476187,36475.1275,0,0
ACC_ab8b4fa9,12,15,4,2,27864.06,90992.17,3.265574722420208,656.5374783883333,666.2232428755556,2322.005,6066.144666666666,0,0
ACC_abfd009f,14,6,5,1,16392.34,4165.76,0.2541284526797272,546.4440929877778,575.0115755797223,1170.8814285714286,694.2933333333334,0,0
ACC_ac546a4f,7,9,3,3,31212.83,8590.529999999999,0.2752243228185332,579.73918488,701.9012910977779,4458.975714285714,954.5033333333332,0,0
ACC_ac907012,22,4,7,2,115118.46,2171.1400000000003,0.0188600507685735,660.3571520975,715.4073493088889,5232.657272727273,542.7850000000001,0,0
ACC_aca29356,10,5,2,4,37550.35,6454.15,0.1718798892686752,597.8547596841667,651.0510800183333,3755.035,1290.83,0,0
ACC_ace144df,8,10,3,5,33505.42999999999,229048.5,6.83616058650792,562.4587226386111,680.5934496444444,4188.178749999999,22904.85,0,0
ACC_ad0ef041,14,9,3,4,78069.15000000001,8153.35,0.1044375403088159,599.6214653486112,645.9763592491666,5576.367857142858,905.9277777777778,0,0
ACC_adc0b847,17,7,4,3,74104.15999999999,122219.98,1.649299850372773,660.6565880125,696.7366488897222,4359.068235294117,17459.997142857144,0,0
ACC_add2be6e,1,5,1,2,70.0,27329.800000000003,390.4257142857143,0.0,999999.0,70.0,5465.960000000001,0,0
ACC_ae01489b,0,6,0,3,0.0,16450.84,0.0,999999.0,999999.0,0.0,2741.806666666667,0,0
ACC_ae0d0c00,7,7,2,3,34849.08,8634.95,0.2477812900656201,473.1693439261111,409.7952015222222,4978.4400000000005,1233.564285714286,0,0
ACC_ae360429,20,4,9,4,527174.1900000001,7563.219999999999,0.0143467190607339,108.49802508805556,648.2217493477779,26358.709500000004,1890.805,0,0
ACC_ae47d72f,27,6,7,4,180906.95,27208.460000000003,0.1504003024759413,680.1610339127777,699.6946749861112,6700.257407407406,4534.743333333334,0,0
ACC_ae788f4a,7,9,3,4,7315.670000000002,10507.15,1.436252592038733,674.8403499511111,627.4561714338889,1045.0957142857146,1167.4611111111112,0,0
ACC_ae7e46f1,12,8,5,3,51883.73999999999,4495.73,0.0866500757270004,537.2554473844444,612.0542101630556,4323.645,561.96625,0,0
ACC_aeac8e07,10,4,3,2,6105.6900000000005,3336.69,0.5464886032536863,590.0091801247222,629.6778234075,610.5690000000001,834.1725,0,0
ACC_aec41f2b,11,8,5,4,313484.25000000006,14625.17,0.0466536038094417,625.4531737844444,692.7913229077777,28498.568181818187,1828.14625,0,0
ACC_af059c26,5,6,2,3,205865.52,10225.98,0.049673106987513,663.5939923761111,558.7164820386112,41173.10400000001,1704.33,0,0
ACC_af06b5bd,19,7,6,3,78513.53,84874.92,1.0810228504564754,382.1197762247222,516.6800099480556,4132.291052631579,12124.988571428572,0,0
ACC_af2bb63d,6,5,3,3,5299.04,11587.3,2.1866790965910807,102.28594048277778,571.7325946622223,883.1733333333333,2317.46,0,0
ACC_af34ed12,18,6,5,5,16710.6,49884.02999999999,2.9851728842770453,691.4853668127778,681.1186055366667,928.3666666666666,8314.005,0,0
ACC_af4956e9,6,15,4,3,6659.95,65882.55,9.892349041659472,703.725648655,681.2632467988889,1109.9916666666666,4392.17,0,0
ACC_af71a886,25,3,8,2,77703.78,3727.35,0.0479687088581791,640.0644030480555,592.2003614455556,3108.1512,1242.45,0,0
ACC_af7f1753,23,5,9,4,604921.66,49410.29,0.0816804774357063,507.0713370644445,659.8920914541666,26300.94173913044,9882.058,0,0
ACC_af91a4e9,16,5,4,4,92461.78,4364.65,0.0472049099638791,535.1585934366667,630.2519323577778,5778.86125,872.93,0,0
ACC_af9db192,16,8,8,4,41558.3,41413.85,0.99652416003542,385.1456025527778,577.8609150027778,2597.39375,5176.73125,0,0
ACC_afb41f53,14,13,6,5,10058.64,70844.69,7.043167863647572,666.6593823783334,637.8925013669444,718.4742857142857,5449.591538461538,0,0
ACC_afb43f2f,1,8,1,4,107.81,5492.15,50.94286244318708,580.8695748713889,999999.0,107.81,686.51875,0,0
ACC_afc4bd15,23,3,8,3,143132.13,35662.59,0.2491585222688993,463.5265942586111,630.0982359249999,6223.136086956522,11887.53,0,0
ACC_afd8215e,14,15,5,6,333236.36999999994,42892.780000000006,0.1287157821338649,578.9961495541667,586.1863654952779,23802.597857142853,2859.5186666666677,0,0
ACC_affef6bb,5,6,3,2,160648.44999999998,66148.46,0.411759092602512,319.4991617897222,458.9993432091667,32129.689999999995,11024.743333333334,0,0
ACC_b000a29d,9,7,3,2,54930.630000000005,22955.94,0.4179078230124067,603.8034788691666,568.4228030125,6103.403333333334,3279.42,0,0
ACC_b025aecf,19,7,6,4,66052.76999999999,53159.01,0.8047960744114139,659.8633993666667,598.8685043755555,3476.461578947368,7594.144285714285,0,0
ACC_b05bb31b,10,12,3,6,5323.64,154321.84999999995,28.988032624294643,624.0946636705556,591.3695426,532.364,12860.154166666662,0,0
ACC_b098462d,4,12,2,5,2503.36,102632.6,40.997938770292734,570.2461482933334,551.6438479236111,625.8399999999999,8552.716666666667,0,0
ACC_b0c36824,9,3,4,1,42804.32,1005.74,0.0234962265490959,335.15389184277774,693.0369656905555,4756.035555555555,335.24666666666667,0,0
ACC_b12dac07,12,9,4,2,9640.34,33130.96,3.4367003653398114,550.2794301055555,663.8367773613888,803.3616666666667,3681.217777777778,0,0
ACC_b132626e,3,4,1,2,107788.19,17667.68,0.1639110926716554,297.5769828861111,333.97323439555555,35929.39666666666,4416.92,0,0
ACC_b148dc25,13,9,6,5,54911.41,12424.79,0.2262697315548808,514.3021126686111,648.4528022158333,4223.954615384616,1380.5322222222223,0,0
ACC_b1573934,5,13,2,6,60766.21,68706.35999999999,1.1306671915197606,536.3567933147223,588.5299719155555,12153.242,5285.104615384615,0,0
ACC_b1fcaec5,2,4,2,3,81809.95,5284.05,0.0645893317377654,52.69295084888889,189.04692291277777,40904.975,1321.0125,0,0
ACC_b242dd6c,8,5,4,2,213517.57,25519.45,0.119519203969959,474.1059560522222,585.6651640819443,26689.69625,5103.89,0,0
ACC_b26d2246,15,8,4,3,46541.740000000005,16276.419999999998,0.3497166199630696,702.481510596389,665.9624245830555,3102.782666666667,2034.5525,0,0
ACC_b2938398,2,6,1,3,106925.79,100303.41,0.9380656434710468,124.81409861888888,126.44322134805556,53462.895,16717.235,0,0
ACC_b2c8228b,11,11,6,3,7557.15,7429.42,0.9830981256161384,642.4960860038889,621.1468746191666,687.0136363636364,675.4018181818182,0,0
ACC_b2f0e100,18,3,9,2,662055.21,10690.82,0.0161479282067729,637.0125835008333,667.2317395277778,36780.845,3563.6066666666666,0,0
ACC_b3356fdf,8,7,4,3,60434.31,4668.48,0.0772488343128266,617.0395080113889,600.8028454694444,7554.28875,666.9257142857142,0,0
ACC_b3534c82,7,12,3,3,13399.2,19637.39,1.4655643620514658,703.5716214463888,706.3684857677779,1914.1714285714284,1636.4491666666663,0,0
ACC_b3697b6c,7,5,2,2,11663.55,43525.530000000006,3.731756626413056,281.22170995777776,511.5749391394445,1666.2214285714288,8705.106000000002,0,0
ACC_b3709917,1,12,1,3,827.38,8025.539999999999,9.6999444028137,147.66616449055556,999999.0,827.38,668.795,0,0
ACC_b37dddb6,1,3,1,2,290.77,1583.6799999999998,5.446504109777488,705.4573861647223,999999.0,290.77,527.8933333333333,0,0
ACC_b39650ba,12,10,4,3,65340.8,192976.15,2.9533790525980703,480.5580611419445,521.6568491866667,5445.066666666667,19297.615,0,0
ACC_b3b82f72,5,5,3,3,4109.27,48557.93,11.816680334950004,626.8803264055555,625.9448188247222,821.8539999999999,9711.586,0,0
ACC_b3dbe4a1,18,4,6,3,94361.58,1474.32,0.0156241555090535,473.0293471797222,533.0795449055555,5242.31,368.58,0,0
ACC_b4010379,3,5,1,4,3457.34,25768.78,7.453354312853233,633.4979083875,347.6625698972222,1152.4466666666667,5153.755999999999,0,0
ACC_b454d725,4,11,2,5,5976.88,158765.71,26.563308950489212,541.3927638119444,576.7531175555555,1494.22,14433.246363636365,0,0
ACC_b45d253d,0,9,0,4,0.0,28273.18,0.0,999999.0,999999.0,0.0,3141.4644444444443,0,0
ACC_b4787b35,3,13,2,4,818.31,88133.19000000002,107.7014701030172,624.0582957608333,513.7483768327778,272.77,6779.476153846155,0,0
ACC_b4922b32,5,8,3,5,4762.25,144612.71,30.366467531103996,532.5730104191666,555.3333579908333,952.45,18076.58875,0,0
ACC_b49b535f,6,5,3,5,7547.01,45408.06,6.016695353524111,649.6844759572223,566.4177139894445,1257.835,9081.612,0,0
ACC_b4c56028,10,12,3,2,29417.41,202617.85,6.8876848777645625,609.8490353011111,527.4969515325,2941.741,16884.820833333335,0,0
ACC_b4ce7c0d,14,6,4,3,67579.21,10532.94,0.1558606559620924,630.8068628627777,668.9449039791667,4827.086428571429,1755.4899999999998,0,0
ACC_b4fdc6e3,5,4,2,2,33945.26,126659.42,3.731284426750598,357.9254457011112,409.0381377291666,6789.052000000001,31664.855000000003,0,0
ACC_b50631cc,9,15,4,4,14460.03,60413.05,4.177933932363903,650.8038376605556,656.3310997188889,1606.67,4027.536666666667,0,0
ACC_b5132f1e,18,4,6,4,89375.27,58099.92,0.6500670711260508,678.1282407900001,591.70631999,4965.292777777778,14524.98,0,0
ACC_b514394a,16,4,4,2,84716.23000000001,28744.09,0.3392985027780391,580.6339964502778,674.6432418975,5294.764375000001,7186.0225,0,0
ACC_b546beea,3,3,2,2,38225.16,22530.47,0.5894146682446849,187.54513702472224,251.60449075194444,12741.72,7510.156666666666,0,0
ACC_b576e80b,9,9,2,3,39226.55,6056.869999999999,0.1544074102871651,449.3489220811111,619.4633311158333,4358.505555555556,672.9855555555555,0,0
ACC_b57aa59b,9,4,3,3,22208.08,1968.88,0.0886560206915681,515.3475130922222,554.4760784136112,2467.5644444444447,492.22,0,0
ACC_b5c0380f,7,12,4,2,8748.68,328343.34,37.53061490419125,651.0393371252777,543.6814522547222,1249.811428571429,27361.945,0,0
ACC_b5c57d0f,5,10,2,2,4040.46,66953.97,16.570878068338754,599.1666621769444,623.9015973463888,808.092,6695.397,0,0
ACC_b621b6f1,12,14,4,3,95070.86,61833.92,0.6503982397971365,592.7539046241667,535.2796283972222,7922.571666666667,4416.708571428571,0,0
ACC_b622c30a,14,6,4,4,81070.89,40938.880000000005,0.5049763238074727,636.9735938372222,652.0002914988888,5790.777857142857,6823.146666666667,0,0
ACC_b6383259,3,3,2,2,9273.38,9945.7,1.0724999946082228,410.3154242375,363.4609094005555,3091.1266666666666,3315.233333333333,0,0
ACC_b65e2d8d,8,7,5,6,9353.94,4904.490000000001,0.5243234401760114,665.1144194566667,579.2171574530556,1169.2425,700.6414285714287,0,0
ACC_b6826d6a,11,11,3,2,67012.06,46297.81,0.6908877297608819,550.5611161422222,596.6640390338888,6092.005454545454,4208.891818181818,0,0
ACC_b69a0b5d,23,7,5,2,32017.060000000005,5301.61,0.1655870339125453,542.9126567077777,622.5635162416667,1392.046086956522,757.3728571428571,0,0
ACC_b70eaebf,8,4,3,3,49028.8,5413.219999999999,0.1104089841073002,562.9577902397223,606.7571289344445,6128.599999999999,1353.3049999999998,0,0
ACC_b74e3303,37,11,8,5,160101.79000000004,189244.19,1.182024198480229,652.4413953291667,708.9648045738888,4327.075405405407,17204.017272727273,0,0
ACC_b7e39dd5,6,8,4,2,14187.79,51799.42,3.650985812448592,246.3043728733333,456.4207096008333,2364.6316666666667,6474.9275,0,0
ACC_b7f9fd4f,5,5,2,4,11284.76,6270.22,0.5556360968243897,585.0417200819444,403.4230762477778,2256.952,1254.044,0,0
ACC_b81a2a8c,26,12,5,4,816389.52,151190.52,0.1851940970530831,671.4484676488888,650.1222212475,31399.59692307692,12599.21,0,0
ACC_b83f0afd,11,8,4,3,75372.06,3430.16,0.0455097021363088,251.9074556608333,623.4646768769445,6852.005454545454,428.77,0,0
ACC_b844df00,3,5,2,2,5080.8,2312.78,0.4551999685088961,510.54436032,415.4448966311111,1693.6,462.5559999999999,0,0
ACC_b859ad42,16,13,5,5,529336.03,9895.129999999996,0.0186934752958342,605.9917695780555,609.4306455902778,33083.501875,761.163846153846,0,0
ACC_b8b00e0c,21,3,5,3,64555.17,1782.2400000000002,0.0276080134247961,677.7959464677778,657.4070780772222,3074.055714285714,594.08,0,0
ACC_b8ba5ca6,9,15,3,3,16222.14,68893.07,4.246854607345271,645.0732118966667,651.5506460575,1802.46,4592.8713333333335,0,0
ACC_b928cae2,24,14,5,5,65253.12000000001,88168.78000000001,1.3511810623001628,599.2116348169444,623.6783992488889,2718.880000000001,6297.770000000001,0,0
ACC_b97e748d,20,13,6,4,68501.95,43645.26,0.6371389427600236,701.4498889241667,645.2768934033334,3425.0975,3357.327692307692,0,0
ACC_b98b6889,1,7,1,5,599.12,129046.19999999998,215.3929096007477,360.6945866975,999999.0,599.12,18435.171428571422,0,0
ACC_b98ff4c4,7,14,2,3,273128.60000000003,7904.68,0.0289412386692568,695.9420389130555,592.2224375955556,39018.37142857143,564.62,0,0
ACC_b9a520e4,15,12,6,4,15693.590000000002,129227.1,8.234387415498938,681.1064172041667,682.1535611622222,1046.2393333333334,10768.925,0,0
ACC_b9dc27dd,10,15,3,3,23264.53,103531.21,4.450174149230609,701.5008231391668,602.0663305763889,2326.4530000000004,6902.080666666666,0,0
ACC_ba025ca4,19,10,7,3,593099.76,43093.01,0.0726572710128899,688.3073853830556,616.5704990408333,31215.776842105264,4309.301,0,0
ACC_ba163362,16,15,6,3,103253.19,39053.33,0.3782287985485,567.7833489602777,591.4867825077778,6453.324375,2603.555333333333,0,0
ACC_ba767f0d,9,11,4,2,50543.54,26828.7,0.5308037387171536,666.6329518652777,617.9670594213889,5615.948888888889,2438.9727272727278,0,0
ACC_ba769458,8,13,3,4,5926.450000000001,30662.97,5.173918619072126,557.911373816389,582.8499633622223,740.8062500000001,2358.69,0,0
ACC_baad613c,13,11,6,3,97661.09,195969.07,2.0066238253126194,518.5152884319444,555.5629056158333,7512.391538461539,17815.37,0,0
ACC_badd5f03,18,3,7,2,46561.81999999999,39283.75,0.8436901736229384,565.8509018577778,568.4829912913889,2586.767777777777,13094.583333333334,0,0
ACC_baf1bda9,13,8,4,4,34506.43,4961.26,0.1437778408256084,522.7605278972222,555.6838501813888,2654.340769230769,620.1575,0,0
ACC_bb1fa5e1,16,10,7,5,24542.47,7414.920000000001,0.3021260696254289,537.84707519,640.3914997122222,1533.904375,741.4920000000001,0,0
ACC_bb30b70e,1,8,1,3,208.7,28412.43,136.14005749880212,0.0,999999.0,208.7,3551.55375,0,0
ACC_bb39aae2,14,14,3,2,513830.23,65706.95,0.127876769726063,642.4028866225,666.6965268611111,36702.15928571429,4693.353571428571,0,0
ACC_bb45195e,1,4,1,3,649.79,5347.92,8.23022822758122,370.3784029044445,999999.0,649.79,1336.98,0,0
ACC_bb4883ed,9,13,3,4,8777.26,16056.37,1.8293146152671789,497.8921885811112,353.8405159852778,975.2511111111112,1235.1053846153843,0,0
ACC_bb49ba6a,7,15,3,4,11204.98,72708.92999999998,6.488983469850012,680.0952614897221,652.6858528180555,1600.7114285714283,4847.261999999999,0,0
ACC_bb4d9872,13,12,4,4,143670.44999999998,113078.57,0.7870690876237947,557.6251938386112,493.0999594991666,11051.573076923076,9423.214166666668,0,0
ACC_bb9ff2a6,7,7,2,2,88674.27,6531.66,0.0736590219462759,571.6661483858333,464.1006158436112,12667.752857142856,933.0942857142855,0,0
ACC_bbae61ab,13,6,3,3,59574.990000000005,38010.75000000001,0.6380319996696601,585.3444684661112,651.6123021516667,4582.691538461539,6335.125000000001,0,0
ACC_bbc76c82,9,12,4,6,37496.75,51094.560000000005,1.3626396954402715,652.7834309116666,704.1423723330556,4166.305555555556,4257.88,0,0
ACC_bbd8b255,1,12,1,4,801.57,109182.2,136.21043701735346,286.33394265,999999.0,801.57,9098.516666666668,0,0
ACC_bc560e16,3,10,2,3,1416.01,57128.35,40.34459502404644,487.0588857775,490.4217425572222,472.0033333333333,5712.835,0,0
ACC_bc5efc9c,8,10,4,2,4854.799999999999,142675.76,29.38859685259949,648.8443960719444,673.4995350975,606.8499999999999,14267.576,0,0
ACC_bcad0954,21,12,8,2,24283.04,46228.5,1.903736105528797,534.7456188280556,603.9369074619445,1156.335238095238,3852.375,0,0
ACC_bcc00263,14,6,5,2,31215.03,126106.97999999998,4.039944219179029,624.8171009786112,690.5417155036112,2229.645,21017.83,0,0
ACC_bcd9b4bf,16,9,5,3,59319.26,12739.19,0.2147563877229756,696.1327567183333,671.5749889855555,3707.45375,1415.4655555555555,0,0
ACC_bd2f1ef3,25,9,7,2,98899.32,58680.15,0.5933321887349681,643.4438083905555,647.8203358088889,3955.972800000001,6520.016666666666,0,0
ACC_bd532c00,0,11,0,3,0.0,10533.98,0.0,999999.0,999999.0,0.0,957.6345454545456,0,0
ACC_bd86f77f,3,6,2,3,90648.68,5575.609999999999,0.0615079006114595,592.0834442583333,563.2621669261111,30216.226666666666,929.2683333333332,0,0
ACC_be114fdb,18,8,5,4,126236.28,131272.99,1.0398990686354193,558.8744005352778,550.3471096961111,7013.126666666667,16409.12375,0,0
ACC_be3a45ea,7,3,3,2,26354.4,6444.540000000001,0.2445337400965304,588.9673643794445,603.1887503991667,3764.914285714286,2148.1800000000003,0,0
ACC_be51664f,11,15,4,2,7479.999999999999,296950.26,39.69923262032086,613.9979697647223,675.4238479469445,679.9999999999999,19796.684,0,0
ACC_be8a8257,3,12,2,3,5910.1,136490.85,23.094507707145397,275.0858055430556,118.37414956055557,1970.0333333333333,11374.2375,0,0
ACC_be8d50f3,11,6,3,2,38203.280000000006,5170.150000000001,0.1353326206545616,483.2926294680556,391.8284371111111,3473.025454545455,861.6916666666667,0,0
ACC_be92aa63,9,15,4,2,33593.719999999994,96929.02,2.8853315441100302,650.5718305777777,568.5405793522222,3732.635555555554,6461.934666666666,0,0
ACC_bea2b370,0,5,0,3,0.0,89614.66,0.0,999999.0,999999.0,0.0,17922.932,0,0
ACC_beb8212d,16,10,4,2,19476.0,23382.22,1.2005658246046416,604.2968377141666,607.5250844327778,1217.25,2338.222,0,0
ACC_bf07b700,4,11,2,5,4061.3,189823.38,46.739561224238535,117.66892904472222,132.0920949111111,1015.325,17256.670909090906,0,0
ACC_bf14de78,5,7,2,3,5377.85,7386.92,1.373582379575481,583.9480003769445,534.0151548222223,1075.5700000000002,1055.2742857142855,0,0
ACC_bf5b2290,0,6,0,3,0.0,6856.2300000000005,0.0,999999.0,999999.0,0.0,1142.7050000000002,0,0
ACC_bf6516f5,3,9,2,5,6243.719999999999,188696.71,30.22184050533977,366.6122910402778,281.3322036227778,2081.24,20966.301111111112,0,0
ACC_bfb8e550,9,13,5,4,8393.7,34165.49999999999,4.070374209228349,632.8803636077777,668.5958879466666,932.6333333333334,2628.115384615384,0,0
ACC_bfde9020,9,14,5,3,8335.160000000002,242871.13000000003,29.138148517844886,581.6760160616667,578.4192293744444,926.128888888889,17347.93785714286,0,0
ACC_bfde9149,13,15,4,2,16193.749999999998,63828.70000000001,3.941563874951757,619.7327777452778,626.1813502274999,1245.673076923077,4255.246666666668,0,0
ACC_c004fad0,4,3,2,3,10895.06,3319.27,0.3046582579627831,539.9039941736111,628.5550282936111,2723.765,1106.4233333333334,0,0
ACC_c01b9a3a,4,9,1,3,2829.49,52922.35,18.70384768986637,290.5263845933333,332.74707742638884,707.3725,5880.261111111111,0,0
ACC_c0630c66,8,6,3,4,29937.66,8190.120000000001,0.2735724836209644,484.7155823605556,611.5125696725,3742.2075,1365.0200000000002,0,0
ACC_c07e2d9f,17,12,6,5,14209.85,28797.300000000003,2.0265731165353613,671.3053597316667,698.1574209422222,835.8735294117646,2399.775,0,0
ACC_c084655b,11,10,2,4,8449.98,12094.169999999998,1.4312661095055843,638.6781190558332,663.3648569269444,768.18,1209.417,0,0
ACC_c0911231,10,14,4,4,6856.63,69190.92,10.091097229980326,553.5865655916666,475.3816671602778,685.663,4942.208571428571,0,0
ACC_c0b1decd,13,10,4,3,564655.2300000001,200715.37,0.355465351839564,481.4635882513888,528.2821824488889,43435.0176923077,20071.537,0,0
ACC_c10a9c40,3,6,1,5,6128.09,10063.38,1.64217235712922,392.1894256041667,624.7729437838889,2042.6966666666667,1677.2300000000002,0,0
ACC_c13b9e2a,3,11,2,3,4271.26,105370.02,24.669540135697662,392.7962259838889,216.0751465497222,1423.753333333333,9579.092727272728,0,0
ACC_c14be57b,3,4,1,3,5569.620000000001,92555.47,16.617914687177937,131.35584241722222,203.03284206166663,1856.54,23138.8675,0,0
ACC_c14c0495,18,6,7,3,70865.76000000001,52985.22,0.7476843541930545,645.5134310375,696.7870434380555,3936.986666666667,8830.87,0,0
ACC_c16d4c24,3,13,3,3,57201.43,10374.96,0.1813758851832899,325.29219081916665,219.97765020555556,19067.143333333333,798.073846153846,0,0
ACC_c18c44c8,1,12,1,5,149.11,6567.09,44.041915364496006,125.46819651972224,999999.0,149.11,547.2575,0,0
ACC_c18f1942,12,3,3,2,52207.85,1651.9499999999998,0.0316417933318456,574.8226502527777,693.9469597555556,4350.654166666666,550.65,0,0
ACC_c1963683,5,14,3,5,5399.009999999999,186199.64,34.48773756670205,554.2992152086111,568.5184060888889,1079.802,13299.974285714286,0,0
ACC_c1dcb8d6,8,9,3,3,5913.02,8283.150000000001,1.4008324003639427,551.6501025161111,485.1879841758333,739.1275,920.35,0,0
ACC_c1efcd15,10,9,2,2,13731.64,5245.68,0.3820140929998165,635.8682177200001,656.0035032358334,1373.164,582.8533333333334,0,0
ACC_c23d6c0f,13,6,6,2,49363.94,77797.54000000001,1.575999403613245,545.2442140886111,619.1452034486111,3797.226153846154,12966.256666666668,0,0
ACC_c25632f4,1,12,1,5,3035.54,35597.89,11.72703703459681,0.0,999999.0,3035.54,2966.4908333333333,0,0
ACC_c269422d,8,14,6,5,7451.97,30055.09,4.033173778208983,508.9710459380556,596.2739614019445,931.49625,2146.792142857143,0,0
ACC_c28e07b8,20,3,5,3,70336.2,2513.94,0.0357417659754152,320.1232860525,627.7765697288888,3516.81,837.98,0,0
ACC_c2ab1fb0,9,13,3,4,77080.88,101191.13,1.3127915768475915,715.814900815,692.5665828316667,8564.542222222222,7783.933076923077,0,0
ACC_c2ae424b,13,8,5,5,13059.580000000002,117854.07,9.024338454988598,706.4875236872223,647.3964136586111,1004.5830769230772,14731.75875,0,0
ACC_c2b62cac,11,10,4,5,42923.12,10670.73,0.2486009870671097,591.1262773480556,596.8659085130556,3902.1018181818176,1067.073,0,0
ACC_c2e893b7,6,7,3,2,8727.41,3400.49,0.3896333505587568,370.8000032158333,481.1720585702777,1454.5683333333334,485.78428571428566,0,0
ACC_c2ec8c98,5,12,4,5,117357.31,33402.08,0.2846186573294838,680.8190622316667,548.2578392577778,23471.462,2783.5066666666667,0,0
ACC_c2fdf1be,2,12,1,2,661.85,125034.03,188.91596283145728,280.9911613513889,351.90267966,330.925,10419.5025,0,0
ACC_c3259fe4,6,7,3,3,32589.88,7089.61,0.2175402302800747,598.8763704777778,623.544365115,5431.6466666666665,1012.8014285714286,0,0
ACC_c3311633,3,15,2,2,91044.51,316778.09,3.479376076602532,500.6132882288889,113.02677642611113,30348.17,21118.53933333333,0,0
ACC_c35e2553,8,6,3,2,8892.08,7106.379999999999,0.7991808440769763,698.5835229588888,695.057763783889,1111.51,1184.3966666666663,0,0
ACC_c364d171,0,4,0,3,0.0,60028.05,0.0,999999.0,999999.0,0.0,15007.0125,0,0
ACC_c377e241,10,13,3,6,7867.369999999999,67816.49,8.619969570517213,570.7782621433333,515.5723422925,786.7369999999999,5216.653076923078,0,0
ACC_c3832f36,15,11,4,6,67632.99,15140.87,0.2238681152496732,572.5756493833334,487.1020388325,4508.866,1376.442727272727,0,0
ACC_c38551a9,4,12,2,4,3293.57,15552.44,4.722061471291031,548.7192274952778,430.55428927805553,823.3924999999999,1296.0366666666666,0,0
ACC_c38e3b84,7,12,4,3,7024.31,37172.75,5.292014446970592,530.6025321091666,574.1028283836112,1003.472857142857,3097.7291666666665,0,0
ACC_c3ab6eb3,12,12,6,4,467263.85,110692.35,0.2368947437299076,601.9588114058333,628.0647788227777,38938.65416666667,9224.3625,0,0
ACC_c3db1f1a,7,4,4,2,5901.9,67279.11,11.399567935749506,13.223360384722222,279.44898195416664,843.1285714285714,16819.7775,0,0
ACC_c3efc333,6,3,3,3,56860.36000000001,2688.2000000000003,0.0472772244143371,633.6509749341667,539.3637165036112,9476.726666666667,896.0666666666667,0,0
ACC_c4424529,6,6,3,4,233835.34,23580.11,0.1008406599276225,576.0616601072222,493.9364850922223,38972.55666666666,3930.018333333333,0,0
ACC_c44eaf47,7,9,3,4,42241.130000000005,8527.29,0.2018717302307016,634.009698208889,531.2885561627778,6034.447142857143,947.4766666666668,0,0
ACC_c45a3095,6,10,1,5,6133.99,87431.57,14.25362121555464,649.0832870677779,661.6824701636111,1022.3316666666666,8743.157000000001,0,0
ACC_c45eabf4,4,4,2,3,8279.619999999999,5926.23,0.7157611098093875,493.0193681263889,625.3901473002777,2069.905,1481.5575,0,0
ACC_c479fb0e,12,6,4,2,69339.73000000001,144299.17,2.0810460323396125,585.6270983072222,638.4428167444444,5778.310833333334,24049.861666666668,0,0
ACC_c47c0e05,6,11,3,6,15563.3,58688.01999999999,3.770923904313352,699.104002396389,701.8299626166668,2593.883333333333,5335.274545454545,0,0
ACC_c4a309ce,6,5,2,3,29743.43,40119.82000000001,1.3488632615673446,462.56276177166666,546.6737407561111,4957.238333333334,8023.964000000002,0,0
ACC_c4b1531c,10,10,4,5,13994.63,147162.88,10.515667795432964,676.0744997902777,712.7734670838888,1399.463,14716.288,0,0
ACC_c4b64620,2,5,1,3,3041.44,5344.57,1.757249855331685,465.26281401666665,579.5370991169444,1520.7199999999998,1068.914,0,0
ACC_c5319867,5,7,2,3,2660.45,8448.539999999999,3.175605630626398,642.2741355697223,472.8885348744445,532.0899999999999,1206.9342857142856,0,0
ACC_c53d24c6,12,5,4,4,14084.11,2333.74,0.1657002110889506,316.3432370380555,409.7131509961111,1173.6758333333337,466.7480000000001,0,0
ACC_c550b4c4,3,3,2,2,21625.65,5232.72,0.2419682182963287,513.9665160566667,394.3697532527778,7208.549999999999,1744.24,0,0
ACC_c55beba6,12,3,5,3,14518.690000000002,17584.65,1.2111733221110168,619.4652539325,542.6852686988889,1209.8908333333336,5861.55,0,0
ACC_c55cb830,2,11,2,5,1678.27,158138.27,94.2269539466236,174.51527562,47.65952060888889,839.135,14376.206363636362,0,0
ACC_c563f7b7,7,3,3,2,208203.26,6247.05,0.030004573415421,349.1240449013889,601.4824734894445,29743.32285714285,2082.35,0,0
ACC_c568c070,3,3,2,1,19264.42,40762.27,2.115935491439658,570.1877677544444,528.9115037033333,6421.473333333334,13587.423333333332,0,0
ACC_c56eff92,6,8,1,6,7559.800000000001,42224.06,5.585340882033915,662.4761069794445,673.4359659125,1259.966666666667,5278.0075,0,0
ACC_c57fb331,14,10,3,3,18276.65,13447.43,0.7357710521348277,493.9253173494444,692.5773187733333,1305.475,1344.743,0,0
ACC_c596fb76,8,13,3,6,45854.69,130272.87,2.840993364037572,647.8642179872222,649.7356928961111,5731.836249999999,10020.99,0,0
ACC_c5a3d59e,11,13,5,4,22760.67,54640.47,2.4006529684758835,572.1850888383334,537.1616752486111,2069.1518181818183,4203.113076923077,0,0
ACC_c5bb3df1,6,12,2,3,56236.18,237597.11,4.224986654498936,667.5709214544445,557.9220516036112,9372.696666666669,19799.759166666667,0,0
ACC_c619bda3,16,11,5,2,13764.339999999998,140828.37,10.231392860100812,677.0047923597223,687.5325997541667,860.2712499999999,12802.57909090909,0,0
ACC_c6216db8,8,8,3,4,8056.5,122545.01,15.210700676472417,603.8656431375,659.8351380125,1007.0625,15318.12625,0,0
ACC_c6292ecc,6,13,2,5,16381.89,17958.01,1.0962111209390368,591.5611192936111,375.0306767838889,2730.315,1381.3853846153845,0,0
ACC_c63b268d,21,11,8,5,99413.69,14728.64,0.1481550478611145,621.448296381111,708.4431333858333,4733.985238095238,1338.9672727272728,0,0
ACC_c6562cfa,16,15,4,6,51837.78,40882.96,0.7886711197894662,672.3544813163888,540.6225096627777,3239.86125,2725.5306666666665,0,0
ACC_c65a1acb,21,4,7,2,87397.09,5946.21,0.0680367046545828,597.3875808688888,698.0719755066666,4161.76619047619,1486.5525,0,0
ACC_c66de619,6,3,2,2,58737.11000000001,1027.42,0.017491837783643,483.0045166788889,555.0137019255556,9789.518333333335,342.47333333333336,0,0
ACC_c68ca8e7,6,11,3,4,4551.65,79500.15,17.4662265332352,579.7613393483333,623.6511366133334,758.6083333333332,7227.286363636363,0,0
ACC_c68dd15f,13,7,5,5,66155.62999999999,111346.12,1.6830936384401451,604.332831698611,647.6895214102778,5088.894615384615,15906.588571428572,0,0
ACC_c6b8a39a,3,12,2,4,12365.06,7867.859999999999,0.6362977615959808,153.249761925,92.28726269333332,4121.6866666666665,655.6549999999999,0,0
ACC_c6c85dbd,11,7,4,2,47447.1,4661.01,0.0982359301200705,709.1097413025,648.4577682094445,4313.372727272727,665.8585714285715,0,0
ACC_c6c8a95b,4,10,2,4,2650.4299999999994,15476.19,5.83912421757979,385.1951196461112,269.7744463,662.6074999999998,1547.619,0,0
ACC_c6e5f262,16,3,6,1,449809.01,105858.16,0.2353402391828478,682.4863238025,629.7190203186111,28113.063125,35286.05333333334,0,0
ACC_c767c763,27,4,8,2,144650.40999999997,2875.41,0.0198783397848647,614.970632761389,705.683797845,5357.422592592592,718.8525,0,0
ACC_c77be812,6,4,3,4,3833.66,3419.8,0.8920457213211395,454.1338788361112,516.1163757130555,638.9433333333334,854.9499999999999,0,0
ACC_c7a94a2e,11,13,4,5,7566.46,47681.43,6.3016826891307165,690.5733251291666,699.8708910258333,687.86,3667.802307692308,0,0
ACC_c7bb7ca6,3,9,1,3,35975.350000000006,11123.65,0.3092019952550843,571.0508516741667,492.1933561108333,11991.783333333336,1235.9611111111112,0,0
ACC_c7e5fbcb,11,7,4,3,46851.94,8685.16,0.1853746077537024,657.8272693333333,555.0831179811111,4259.267272727273,1240.7371428571428,0,0
ACC_c81b0b6f,9,13,3,3,34908.99,97692.1,2.7984797039387272,546.2168462791666,543.5567286163889,3878.776666666666,7514.776923076923,0,0
ACC_c822c9a7,6,5,3,4,3559.379999999999,10919.89,3.0679191319836607,578.7244301888888,478.1272794386112,593.2299999999999,2183.978,0,0
ACC_c82b9b70,9,9,5,2,246334.39,68224.45000000001,0.2769586901772018,670.1751803486111,617.3118633927777,27370.48777777778,7580.494444444445,0,0
ACC_c87f38d3,2,15,1,5,38305.03,182505.93,4.764542150208472,549.1617107752778,382.4502833727777,19152.515,12167.062000000002,0,0
ACC_c880b18f,15,4,6,2,13168.29,2098.48,0.1593585803471825,462.08443847,677.0836607952779,877.886,524.62,0,0
ACC_c88af0a6,21,14,8,2,65338.310000000005,21607.38,0.3307000135142766,680.4269745083333,689.248411536111,3111.3480952380955,1543.3842857142856,0,0
ACC_c896c9f4,7,8,2,3,33072.380000000005,53798.2,1.6266806319956408,448.7642845027778,685.7046223352778,4724.625714285715,6724.775,0,0
ACC_c8b0f918,6,4,3,2,18628.58,51076.630000000005,2.741842373385411,641.2877755297222,639.1997260936112,3104.763333333334,12769.1575,0,0
ACC_c8dc19d5,6,3,3,2,5655.789999999999,1459.44,0.2580435270757932,597.2028453672222,443.0695471488889,942.6316666666664,486.48,0,0
ACC_c8ea7247,18,7,6,4,110606.59,51199.85,0.4629005378431791,663.7806418994444,612.2602428472222,6144.810555555556,7314.264285714285,0,0
ACC_c8f26dcd,15,6,4,3,25829.87,52298.55,2.024731444641417,442.9808132675,646.5028781300001,1721.9913333333332,8716.425,0,0
ACC_c90f4e0e,20,10,7,4,485902.8999999999,10370.089999999998,0.0213418977330656,651.3192600905555,625.6215361799999,24295.145,1037.0089999999998,0,0
ACC_c91328bd,6,13,2,5,7425.34,58008.09,7.812179644299116,288.55457159222226,258.8896963688889,1237.5566666666666,4462.160769230769,0,0
ACC_c91ca201,7,8,4,4,14618.63,162462.43,11.113382717805976,599.8367744977777,521.7425892069444,2088.3757142857144,20307.80375,0,0
ACC_c94c457c,2,9,1,2,47118.84,34075.350000000006,0.7231788813137168,136.2071527988889,53.41438050833334,23559.42,3786.150000000001,0,0
ACC_c966a304,4,9,2,3,13322.33,11946.35,0.8967162650977719,636.160280405,482.014675495,3330.5825,1327.3722222222225,0,0
ACC_c9840d16,16,14,4,5,44343.280000000006,35698.48,0.8050482508285359,661.8371909894445,654.7866829297222,2771.4550000000004,2549.8914285714286,0,0
ACC_c993c99f,5,11,4,3,13825.19,24654.610000000004,1.7833107537762596,607.0748529825,605.8726822897223,2765.038,2241.328181818182,0,0
ACC_c998d634,1,15,1,5,3813.24,57240.31,15.010938204781237,186.33822723805557,999999.0,3813.24,3816.0206666666654,0,0
ACC_c9b95415,8,15,3,5,167444.83000000002,69602.0,0.4156712392971464,636.1053060686111,507.1987970944445,20930.60375,4640.133333333333,0,0
ACC_c9f22e88,3,5,2,3,2451.83,8917.49,3.637075164265059,517.4911356530556,527.3004718361111,817.2766666666666,1783.498,0,0
ACC_ca14ab6e,15,3,4,2,74624.58,2557.87,0.0342765078208815,557.5644461002778,563.6770183919444,4974.972,852.6233333333333,0,0
ACC_ca1e2696,9,9,4,3,14488.399999999998,8977.82,0.6196557245796638,339.3138599838889,459.7212882983333,1609.822222222222,997.5355555555556,0,0
ACC_ca325f26,6,10,5,4,28340.51,11699.97,0.4128355488309844,544.2484331202778,636.5025866236111,4723.418333333333,1169.997,0,0
ACC_ca3c75e4,18,8,5,4,129113.44,14474.84,0.1121094752025815,487.0105723888889,610.5339353530555,7172.968888888889,1809.355,0,0
ACC_ca7b69c5,7,5,3,4,75827.10000000002,53487.880000000005,0.7053926630452699,623.9164040072222,555.3634857658333,10832.44285714286,10697.576,0,0
ACC_ca86a849,16,13,6,6,513394.59,66494.85,0.1295199663089554,658.51355407,654.8200216588889,32087.161875,5114.988461538462,0,0
ACC_ca986cbe,6,13,2,2,16456.17,18582.32,1.129200780011388,614.0066532930556,603.4247947191667,2742.695,1429.4092307692308,0,0
ACC_caa12c35,15,11,5,2,14875.3,352290.6,23.68292404186806,653.6848279677778,594.6799581730556,991.6866666666668,32026.41818181818,0,0
ACC_caa7be95,8,10,2,3,64437.17,9626.57,0.149394673912588,601.5451717647222,612.5909715083334,8054.64625,962.657,0,0
ACC_caecf280,12,3,4,3,25832.87,1912.46,0.0740320374778334,680.5755893538889,673.0645583961111,2152.7391666666667,637.4866666666667,0,0
ACC_caee3551,9,6,3,3,8528.109999999999,3501.99,0.41064081021469,658.3569359486112,545.5962436788889,947.5677777777776,583.665,0,0
ACC_caef1517,7,6,3,3,17352.690000000002,3230.6,0.1861728642648488,275.01711257861115,374.5553719855556,2478.9557142857147,538.4333333333333,0,0
ACC_caf33680,7,3,2,3,4725.62,73831.24,15.623609177208497,475.937952575,671.3175319972222,675.0885714285714,24610.41333333333,0,0
ACC_cb5d3e2b,7,13,4,3,4869.58,166984.65000000002,34.29138652614805,663.6888510627778,327.16889183666666,695.6542857142857,12844.97307692308,0,0
ACC_cb6b3869,11,10,7,4,17124.11,171895.75,10.038229724055732,271.9438183361111,285.43314289555553,1556.7372727272727,17189.575,0,0
ACC_cb907263,0,6,0,3,0.0,26651.74,0.0,999999.0,999999.0,0.0,4441.956666666666,0,0
ACC_cbbff79c,21,8,6,4,65002.48999999999,3807.27,0.0585711408901412,513.2854289694445,666.4552027888889,3095.356666666666,475.90875,0,0
ACC_cbdd423b,4,14,2,5,4277.59,249736.21,58.382456009107926,332.4805525702777,347.97972937888886,1069.3975,17838.300714285713,0,0
ACC_cbecb530,13,11,4,3,21110.52,53837.16,2.5502526702326613,670.3536033969445,601.3377246491667,1623.8861538461535,4894.2872727272725,0,0
ACC_cc18d0df,0,14,0,4,0.0,69840.54000000001,0.0,999999.0,999999.0,0.0,4988.610000000001,0,0
ACC_cc38bab4,5,13,3,3,46489.23,121334.22,2.6099425608899094,294.16955048722224,351.4831900238889,9297.846,9333.401538461538,0,0
ACC_cc49428e,7,4,3,2,15604.919999999998,54369.05,3.4840966823283943,450.62876702055553,409.45115344,2229.2742857142853,13592.2625,0,0
ACC_cc58fead,4,3,2,1,3834.74,18558.68,4.83961885290789,384.4104942480556,559.7936604872223,958.685,6186.2266666666665,0,0
ACC_cd3cfd82,9,4,5,3,275036.29000000004,2402.67,0.0087358290064194,638.1699537405556,398.97037877388885,30559.587777777782,600.6674999999999,0,0
ACC_cdb09f86,8,9,3,5,6558.219999999999,182944.92,27.89551433163267,596.2765638844445,563.6676822202777,819.7774999999999,20327.213333333333,0,0
ACC_cdc02122,2,11,1,2,2908.7200000000003,152248.37000000002,52.34205079897687,228.92130344555557,19.012855781944445,1454.36,13840.760909090912,0,0
ACC_ce632aa8,9,4,3,3,7262.339999999999,6934.259999999999,0.9548244780607904,544.3102104552778,485.351955675,806.9266666666666,1733.5649999999998,0,0
ACC_ce70babf,5,3,2,3,4665.62,1410.7199999999998,0.3023649589979466,140.69099706694445,251.57033753166667,933.124,470.24,0,0
ACC_ce8e4935,7,8,4,3,11295.179999999998,34146.5,3.0231036601453014,520.9596142891667,575.7603829397223,1613.597142857143,4268.3125,0,0
ACC_ced64976,15,14,5,4,78985.99,116119.38,1.4701262844208194,664.5104765388888,699.9462338566666,5265.732666666667,8294.24142857143,0,0
ACC_cedef640,10,15,3,2,67347.69,26546.710000000003,0.3941740243800493,502.2398508663889,535.903482955,6734.769,1769.7806666666668,0,0
ACC_ceee054c,7,10,3,2,11958.81,10725.99,0.8969111475138412,538.7330911636111,526.7969398305555,1708.4014285714288,1072.599,0,0
ACC_cef63d75,2,4,1,2,59551.06,94735.47,1.5908276023970018,309.760397665,203.4210882138889,29775.53,23683.8675,0,0
ACC_cefd6c8c,7,8,2,3,266269.31,37946.92,0.142513307297788,566.5859765127777,534.2492174372222,38038.47285714286,4743.365,0,0
ACC_cf1a3555,17,8,7,3,70111.2,5274.16,0.0752256415522769,652.0978620525,633.9937642311111,4124.1882352941175,659.27,0,0
ACC_cf64d8c3,12,3,6,2,21205.640000000003,7101.24,0.3348750615402316,532.6499351216667,587.4266988811112,1767.136666666667,2367.08,0,0
ACC_cf773096,5,5,2,3,75242.49,131095.40000000002,1.7423054447028536,412.5733290905556,551.5081646388888,15048.498,26219.080000000005,0,0
ACC_cfbff992,9,11,4,2,57675.95,110486.67,1.915645429334064,668.9681439122222,692.3960730161111,6408.438888888889,10044.242727272727,0,0
ACC_cfd90ff4,8,14,2,3,7617.58,78045.57,10.245454593191017,485.4995237111111,536.4785301922223,952.1975,5574.683571428572,0,0
ACC_d00d7d39,13,11,3,3,10105.19,100002.44,9.896146435643466,634.7698800458334,689.9584298247222,777.3223076923077,9091.130909090907,0,0
ACC_d012619b,8,3,3,2,76347.62,1592.41,0.020857362678758,694.0712218897222,670.1144862669445,9543.4525,530.8033333333334,0,0
ACC_d01da4f5,9,7,4,2,6463.759999999999,17727.95,2.7426683540230457,408.2990246536111,498.9633075225,718.1955555555555,2532.5642857142857,0,0
ACC_d049d179,2,6,2,4,2203.83,70394.37,31.941833081499027,605.6075691291667,203.9647680255556,1101.915,11732.395,0,0
ACC_d097fbc0,13,8,6,3,19642.72,165284.91999999998,8.41456376713612,684.1742493233334,688.4707957733333,1510.9784615384613,20660.615,0,0
ACC_d099a40c,13,11,7,5,307805.89,152588.63,0.4957300524691064,634.9203724330555,618.9053160863889,23677.376153846155,13871.693636363636,0,0
ACC_d0ca552d,13,14,3,3,14262.13,29304.88,2.054733759964325,642.9093769869445,681.3940059416666,1097.086923076923,2093.2057142857143,0,0
ACC_d0e226cb,7,5,3,3,7347.88,6064.28,0.8253101574876018,440.4810375397223,427.00522088,1049.6971428571428,1212.856,0,0
ACC_d12f3fc8,20,10,8,3,127620.84,39437.02,0.3090170852973542,673.3844698938889,536.2471920075,6381.042,3943.702,0,0
ACC_d15a1ddf,14,11,6,3,10293.06,174207.63999999998,16.92476678461021,684.3093819158332,616.6101606075,735.2185714285715,15837.05818181818,0,0
ACC_d15f262d,4,5,1,3,42753.14,91882.92,2.14915021446378,557.3389550855555,520.088503605,10688.285,18376.584,0,0
ACC_d1715cf1,24,6,8,2,24978.23,6721.429999999999,0.2690915248998828,600.2086050666667,669.638274885,1040.7595833333332,1120.2383333333332,0,0
ACC_d1787258,11,13,6,4,11900.84,324549.74,27.27116237173174,704.0690078583334,650.4698381291666,1081.8945454545456,24965.364615384613,0,0
ACC_d19087ae,3,15,2,3,1103.21,24070.52,21.81862020830123,179.4639189877778,218.9081473263889,367.7366666666667,1604.7013333333334,0,0
ACC_d1992d68,11,15,2,5,66036.33,33841.06,0.512461246710712,481.0147361602778,540.6488667227778,6003.302727272728,2256.0706666666665,0,0
ACC_d20b5bb6,3,9,2,4,55481.600000000006,56023.96,1.009775493136463,530.4056790663889,193.1514521608333,18493.86666666667,6224.884444444444,0,0
ACC_d21c75ca,5,9,3,2,1652.29,7005.34,4.239776310453976,445.4616863955556,581.8247936466666,330.458,778.3711111111111,0,0
ACC_d22cff9a,4,12,2,4,1567.26,17184.43,10.964632543419729,522.7632263580556,585.5064742805555,391.815,1432.0358333333334,0,0
ACC_d2bf9384,4,7,3,3,97081.22999999998,16814.74,0.1732027911059636,489.8306578780556,347.4100188572222,24270.307499999995,2402.1057142857144,0,0
ACC_d2c15481,1,7,1,3,3278.43,18733.94,5.714302272734206,0.0,999999.0,3278.43,2676.277142857143,0,0
ACC_d2c26c4b,25,4,5,3,33392.48,46285.53999999999,1.386106692285209,588.8847146286112,686.6035734213889,1335.6991999999998,11571.384999999998,0,0
ACC_d2ea8881,19,8,5,2,23182.22,44057.65000000001,1.9004931365503392,603.4960735647222,644.8975843847222,1220.1168421052632,5507.206250000001,0,0
ACC_d3131a6d,9,8,4,2,13662.56,49785.02,3.643901289363048,693.8930526627778,664.4229854625,1518.062222222222,6223.1275,0,0
ACC_d3265e3a,5,15,2,6,35445.689999999995,83581.37,2.3580122153074186,621.3712459683333,546.2072083480555,7089.137999999999,5572.091333333333,0,0
ACC_d35f0670,3,13,2,3,1586.59,147043.85,92.679173573513,667.8001697586111,616.3734872863889,528.8633333333333,11311.065384615384,0,0
ACC_d36a383e,6,10,2,5,3943.71,20626.63,5.230260338615161,481.453995045,439.6631912638889,657.285,2062.663,0,0
ACC_d3a99c99,3,6,2,2,9834.68,46550.99,4.733350754676309,659.1457563194444,282.36242054166667,3278.226666666667,7758.498333333333,0,0
ACC_d3dfd431,9,5,3,2,65540.39,84029.16,1.2820973448586437,603.0764505966666,616.4988092530555,7282.265555555556,16805.832000000002,0,0
ACC_d3e4a955,12,6,3,2,45404.57000000001,63172.28,1.3913198605338624,507.20850382305554,672.7398152938889,3783.714166666667,10528.713333333331,0,0
ACC_d40ccd13,3,9,2,2,3236.04,90379.65,27.929089257240328,577.9303252363889,301.0348711586111,1078.68,10042.183333333332,0,0
ACC_d41b23db,5,12,3,5,3991.11,98679.15999999996,24.72474073628639,605.0665194647222,493.3556918772222,798.222,8223.26333333333,0,0
ACC_d4348ea9,19,4,6,3,20282.33,2724.88,0.1343474837457037,513.1463675047222,711.9906242472222,1067.4910526315791,681.22,0,0
ACC_d44a622f,5,13,3,3,21380.47,43723.99999999999,2.0450439115697643,624.1453499822222,369.2810540877778,4276.093999999999,3363.384615384615,0,0
ACC_d46c802f,2,12,1,2,883.5999999999999,94529.84,106.98261656858308,501.6791830994444,516.3905571288889,441.8,7877.486666666667,0,0
ACC_d46e2f2d,8,12,2,6,25563.48,51806.2,2.0265707172888825,578.9912375983333,598.6144795925,3195.435,4317.183333333333,0,0
ACC_d4d0648f,1,15,1,3,227.22,35908.65,158.034724055981,278.3114013316667,999999.0,227.22,2393.9100000000003,0,0
ACC_d5034066,3,9,2,3,1316.7,101801.67,77.31576668945091,252.1018931497222,202.45867985027775,438.9,11311.296666666669,0,0
ACC_d543429e,8,15,3,6,8882.33,72317.96,8.141778114526257,450.06791643388885,450.24922155166666,1110.29125,4821.1973333333335,0,0
ACC_d54e4589,10,14,2,5,7174.22,69111.09999999999,9.633256298245662,594.511708508611,473.3625427855556,717.422,4936.507142857142,0,0
ACC_d56c4156,5,4,2,3,6745.969999999999,73394.94,10.879820100000446,332.2894415633333,551.4061337319445,1349.194,18348.735,0,0
ACC_d5784cb6,7,14,2,5,236228.7,51853.88999999999,0.2195071555657715,680.6839296813889,604.1332268861111,33746.95714285714,3703.8492857142846,0,0
ACC_d58ccb0a,5,5,2,3,2398.73,55676.05,23.210636461794365,475.8725531886111,657.6708917808334,479.746,11135.21,0,0
ACC_d5d202c8,8,4,4,2,9316.52,2286.67,0.245442504282715,596.1670842408333,416.8402584683333,1164.565,571.6675,0,0
ACC_d5d499d7,2,9,2,3,2385.98,7675.77,3.2170303187788667,659.1737343122221,302.5831968372222,1192.99,852.8633333333333,0,0
ACC_d5f4f1a2,23,8,6,4,76544.72,5362.5,0.0700570855834341,627.4343593680555,700.5184169933333,3328.0313043478263,670.3125,0,0
ACC_d608e50c,19,14,7,5,63468.10999999999,181597.84,2.8612454349121155,617.3005377766667,613.6229088074999,3340.426842105263,12971.274285714284,0,0
ACC_d62c8566,9,8,2,4,52948.95,49504.4,0.9349458298984212,458.03733609527774,423.2534787933333,5883.216666666666,6188.05,0,0
ACC_d64298a0,13,3,4,3,53197.3,1896.38,0.035648049807039,470.1786080291667,692.4123097494445,4092.1,632.1266666666667,0,0
ACC_d66323e5,12,10,3,4,339480.88000000006,27438.990000000005,0.0808263192907948,670.8924089363888,603.0327886233334,28290.073333333337,2743.8990000000003,0,0
ACC_d669c1b0,13,14,5,5,93346.50999999998,272736.86000000004,2.921768151803427,707.8924272913889,665.9908305172222,7180.500769230768,19481.204285714288,0,0
ACC_d6b684f0,9,3,3,1,15485.489999999998,2114.5,0.1365471806187599,587.4856637927777,669.1331455574999,1720.6099999999997,704.8333333333334,0,0
ACC_d6ba2113,17,15,4,5,17611.69,176037.28,9.99547913913997,609.0577578536111,665.8233555855555,1035.9817647058824,11735.818666666666,0,0
ACC_d6e84639,7,7,4,3,4542.1900000000005,4822.490000000001,1.0617103203520768,689.3955667844444,631.5254995491666,648.8842857142857,688.9271428571429,0,0
ACC_d6fdf630,1,4,1,1,994.57,1786.17,1.7959218556763223,262.23928619527777,999999.0,994.57,446.5425,0,0
ACC_d728957f,3,14,2,5,1648.9299999999998,111980.29,67.91088160200859,514.6194027047222,510.76346056,549.6433333333333,7998.592142857144,0,0
ACC_d72aa39a,8,10,4,3,222132.52,22346.84,0.1006013887565854,457.4108850966667,446.0832704847222,27766.565,2234.684,0,0
ACC_d7757ae4,6,4,2,3,195680.27,4454.6,0.0227646864959865,522.7999531155556,432.5144909505556,32613.378333333338,1113.65,0,0
ACC_d7aadb9a,10,3,3,2,7315.82,2404.54,0.3286767580394269,353.3885418211111,633.4590185258334,731.582,801.5133333333333,0,0
ACC_d7c42a8c,16,14,6,5,16271.27,14325.439999999997,0.8804131453783263,591.2495008769444,597.3011782444445,1016.954375,1023.245714285714,0,0
ACC_d7cb739c,11,14,5,5,20357.07,22123.7,1.086782135150098,652.7109627161111,649.3021993805556,1850.642727272727,1580.2642857142855,0,0
ACC_d7ce47db,4,9,3,3,4670.05,6740.390000000001,1.44332287662873,424.862337155,432.8081568322222,1167.5125,748.9322222222223,0,0
ACC_d7ec5470,1,6,1,4,298.21,29435.2,98.706280808826,147.01017669722222,999999.0,298.21,4905.866666666666,0,0
ACC_d834f1a9,6,3,3,2,3782.61,2981.64,0.7882493833622817,447.70802194277775,573.5191160194445,630.435,993.88,0,0
ACC_d8659813,9,13,3,6,11050.250000000002,10683.13,0.966777222234791,444.7040826666667,454.3284560719444,1227.8055555555557,821.7792307692308,0,0
ACC_d8934800,18,5,5,4,102484.17,116427.37,1.136052231286061,664.8420304111111,665.7064729794445,5693.565,23285.474,0,0
ACC_d8953faf,16,4,5,2,17773.67,2501.0300000000007,0.140715451564027,674.6962024602777,685.7647419125,1110.854375,625.2575000000002,0,0
ACC_d8e0b09f,0,3,0,2,0.0,60989.11000000001,0.0,999999.0,999999.0,0.0,20329.70333333333,0,0
ACC_d91768db,10,14,4,4,38120.16,79831.48999999999,2.094206582553693,581.3286628094444,617.0698650263889,3812.016,5702.249285714285,0,0
ACC_d93a2b11,17,7,7,4,23575.770000000004,17368.36,0.7367038277010676,565.2433431858333,658.1816956944444,1386.8100000000002,2481.194285714286,0,0
ACC_d95006bc,2,10,1,4,677.32,33332.44,49.212248272603794,134.68931576694445,112.880339145,338.66,3333.244,0,0
ACC_d958e72c,3,12,1,2,3792.500000000001,341344.86000000004,90.00523665128543,380.6748215194445,48.55736813222222,1264.1666666666667,28445.405,0,0
ACC_d98b432d,13,12,6,2,46468.12,142328.97999999998,3.0629382036544617,599.8435856227777,505.5600375736111,3574.4707692307693,11860.748333333331,0,0
ACC_d9a34d58,12,5,5,2,100788.45,109625.72,1.0876813761894344,479.0344099919444,571.4722300619444,8399.0375,21925.144,0,0
ACC_d9ae91d4,16,8,4,4,16468.78,9126.52,0.5541709829143386,570.0211059597221,605.2259061705555,1029.29875,1140.815,0,0
ACC_d9db99c6,3,3,2,2,24700.88,56758.54,2.297834733013561,426.82109969277775,390.0480239811111,8233.626666666665,18919.51333333333,0,0
ACC_da01efe6,9,12,3,3,51014.6,348227.92999999993,6.826044504906437,372.6541326119444,518.1839210816667,5668.288888888888,29018.99416666666,0,0
ACC_da0a97af,16,14,6,3,70294.91999999998,75327.71,1.0715953585266194,694.4251666522223,664.325654281111,4393.432499999999,5380.550714285715,0,0
ACC_da3ce1a5,4,4,2,2,5321.7300000000005,3919.21,0.7364541230013547,257.1569812075,193.7841186561111,1330.4325,979.8025,0,0
ACC_da4598e9,8,8,4,2,34715.50000000001,76558.25,2.205304546960291,625.8800692694444,587.841944093889,4339.437500000001,9569.78125,0,0
ACC_da57b02e,6,4,3,4,17995.54,2392.02,0.1329229353495366,295.1552109158333,357.7877484880555,2999.2566666666667,598.005,0,0
ACC_da7aa244,11,8,5,3,9120.37,48644.19999999999,5.333577475475225,675.4107591133334,674.6255258386111,829.1245454545456,6080.524999999999,0,0
ACC_da882d27,7,10,2,6,11100.59,85933.41,7.741337172168326,562.8103208394444,596.3770588561111,1585.7985714285714,8593.341,0,0
ACC_daade2f4,10,6,3,3,21317.890000000003,4384.95,0.2056934340124655,679.0757542127778,649.0169542413889,2131.789,730.8249999999999,0,0
ACC_dab9090c,11,14,4,4,99795.24,231499.05,2.319740400443949,463.0808393880556,644.5075569136111,9072.294545454544,16535.64642857143,0,0
ACC_dabe69b3,2,10,2,4,624.2,44255.87000000001,70.90014418455624,248.4528793230556,128.60355501083333,312.1,4425.587000000001,0,0
ACC_dacff1ba,5,9,4,2,5609.98,139055.86000000002,24.78722918798285,418.0591644258333,478.34122137138894,1121.996,15450.651111111112,0,0
ACC_dad6671e,10,7,5,5,73842.26,44058.66,0.5966591488397025,588.1295895552778,550.9341757991667,7384.226,6294.094285714286,0,0
ACC_daf3ff7c,17,14,5,3,45224.11,26713.609999999997,0.5906939904400549,701.2649940755556,632.0274752655555,2660.2417647058824,1908.115,0,0
ACC_db5b30ca,3,6,2,4,25999.96,33939.63,1.3053723928806045,603.2629571822222,399.1352243283333,8666.653333333334,5656.605,0,0
ACC_db6c3c78,2,9,1,2,58919.83,14502.88,0.246145991935143,21.60736704138889,0.871654513611111,29459.915,1611.431111111111,0,0
ACC_dbb96f21,10,3,3,2,115319.26,40004.16,0.3468992083369248,431.3967405027778,550.4014080372223,11531.926,13334.72,0,0
ACC_dbc8f623,14,11,6,2,52915.12,53142.51,1.004297259460056,563.5841630222222,651.7839607091668,3779.651428571429,4831.137272727272,0,0
ACC_dc0b49a0,5,3,3,3,4627.81,1816.44,0.3925053102871552,630.0499207086111,433.8467401705556,925.562,605.4799999999999,0,0
ACC_dc0dec2c,8,11,4,3,30933.160000000003,8026.43,0.2594765617221131,564.1662246788889,511.5095878805556,3866.645,729.6754545454546,0,0
ACC_dc5f1e8b,11,7,4,5,62376.04000000001,7904.759999999999,0.1267275062668293,410.7402313780556,464.3085827144444,5670.549090909091,1129.2514285714285,0,0
ACC_dc67e74b,6,6,3,2,6465.55,3976.16,0.6149762974534262,388.2441965961111,357.8081201611111,1077.5916666666667,662.6933333333333,0,0
ACC_dc7459cd,26,11,6,4,114986.31,248815.78,2.163873073238023,645.9571973055556,649.8575489938889,4422.550384615384,22619.616363636364,0,0
ACC_dc988608,5,12,2,4,2907.1799999999994,69402.82999999999,23.87290432652949,423.1260793452778,332.56164292777777,581.4359999999999,5783.569166666665,0,0
ACC_dcb22b54,0,10,0,2,0.0,53144.280000000006,0.0,999999.0,999999.0,0.0,5314.428000000001,0,0
ACC_dcb7d8b0,20,7,7,4,17412.89,2396.96,0.1376543468660285,571.8241213261111,553.1680266025,870.6445,342.42285714285714,0,0
ACC_dcd01ec7,10,12,3,3,40778.09,80737.04000000001,1.9799122518980168,638.7804345191668,533.3918177716666,4077.809,6728.086666666667,0,0
ACC_dce2932b,6,6,3,4,27049.25,8474.43,0.3132963021155854,599.3587883755556,562.6483452847223,4508.208333333333,1412.405,0,0
ACC_dd7d3ea6,7,10,3,3,54055.33,7255.700000000001,0.1342272815650186,693.1809229816668,697.1118750108334,7722.19,725.57,0,0
ACC_dd8c7f3d,6,9,4,2,7750.28,33935.65,4.3786353525292,528.7983256883333,209.5652700705556,1291.7133333333334,3770.6277777777777,0,0
ACC_dd9281ba,1,14,1,2,1019.1,253445.63,248.6955450888038,115.59211001166666,999999.0,1019.1,18103.259285714284,0,0
ACC_dda077f7,3,9,3,4,95759.59,56761.63,0.592751389182013,526.0700398725,284.9445658452778,31919.86333333333,6306.847777777777,0,0
ACC_ddd434a6,11,10,4,5,44429.38999999999,174530.61,3.928269328028137,508.2308140194445,624.528106913611,4039.035454545454,17453.060999999998,0,0
ACC_dddf5d49,21,14,6,6,596872.0,83864.83,0.1405072276803066,603.3668316525,613.6454883080555,28422.47619047619,5990.345,0,0
ACC_ddebac1f,1,12,1,5,13748.25,12800.859999999995,0.931090138744931,404.6668655069445,999999.0,13748.25,1066.738333333333,0,0
ACC_de53d3a3,5,14,1,5,10499.51,42392.84,4.037601754748556,580.4926314105555,468.3200025855556,2099.902,3028.0600000000004,0,0
ACC_de79f63e,3,15,2,4,1403.22,140274.76,99.96633457333849,235.81929505722223,84.35133201888888,467.74,9351.650666666666,0,0
ACC_de83eeee,9,12,3,6,253898.22,147343.85,0.5803264394685398,310.01467847638884,345.4112658936112,28210.91333333333,12278.654166666667,0,0
ACC_de86f264,3,5,3,4,1908.93,78715.59,41.235451273750215,634.1790024455555,204.2393906108333,636.31,15743.118,0,0
ACC_de995589,8,4,4,2,4894.17,4289.69,0.8764897827415067,0.0,243.21314191888888,611.77125,1072.4225,0,0
ACC_dec64503,5,8,2,4,27348.59,86833.41000000002,3.1750598476923315,607.9971332963888,554.3897183030555,5469.718,10854.176250000002,0,0
ACC_dee14a38,4,12,1,4,19578.460000000003,311229.61,15.896531698611634,693.7667607875001,549.2863260597222,4894.615000000001,25935.80083333333,0,0
ACC_def463b9,15,6,7,4,47139.91,27028.78,0.5733736021133685,509.53710097305554,615.4749412244445,3142.660666666666,4504.796666666666,0,0
ACC_df06af07,17,12,7,3,98540.88000000002,344384.31,3.494836965125539,701.1944829388889,702.5099214805555,5796.522352941178,28698.6925,0,0
ACC_df3b0e67,13,6,2,3,55700.77,8972.03,0.1610755111643878,621.0145714205555,683.4964795936111,4284.674615384616,1495.3383333333334,0,0
ACC_df5fa38f,15,15,4,3,30252.2,21436.72,0.7086003662543552,700.7455976880556,650.8666487475,2016.813333333333,1429.1146666666668,0,0
ACC_df664823,11,13,7,5,13880.96,27854.24,2.006650836829729,566.5296389997222,553.3928759713889,1261.9054545454546,2142.633846153846,0,0
ACC_df761fd1,3,8,2,2,3998.95,13212.05,3.303879768439216,642.7452085161111,406.10426188083335,1332.9833333333331,1651.50625,0,0
ACC_df8645f3,17,8,7,6,137476.09,56055.87,0.4077499585564297,656.5066327361111,550.6055548188889,8086.828823529411,7006.98375,0,0
ACC_df9d461a,3,9,2,2,1013.43,12396.01,12.231737761858245,523.1479778094445,431.2302582752778,337.81,1377.3344444444444,0,0
ACC_dfbded5b,5,8,3,3,4318.24,166620.28,38.58522916743859,422.3528291461111,418.32637901916667,863.6479999999999,20827.535,0,0
ACC_dfefd652,2,13,2,4,2289.11,57552.60999999999,25.141915416908752,508.44932637277776,482.79975632527777,1144.555,4427.123846153846,0,0
ACC_e00a07b0,10,11,2,4,29511.5,8596.140000000001,0.291281026040696,522.4744289733333,552.5580493177778,2951.15,781.4672727272729,0,0
ACC_e02525c5,6,12,2,4,23220.25,99046.02,4.265501878748075,639.368181905,653.4959512952777,3870.0416666666665,8253.835,0,0
ACC_e0375293,9,8,4,3,8997.79,62294.1,6.923266713270702,596.8614030422223,511.6406114161111,999.7544444444444,7786.7625,0,0
ACC_e05dc70e,17,4,6,2,26743.750000000004,1851.9,0.0692460855340032,452.56419602527774,682.0070994675,1573.161764705883,462.975,0,0
ACC_e061b70b,11,14,4,5,89765.81,23407.87,0.2607659865153559,548.2549361005556,443.34533150361113,8160.528181818182,1671.990714285714,0,0
ACC_e0cb6468,5,3,3,3,49525.14000000001,1279.89,0.0258432384037682,186.4044070411111,236.45002976916663,9905.028000000002,426.63,0,0
ACC_e0d4921b,15,6,5,5,72669.64,32866.32,0.4522703016005033,685.7483020122222,675.1790374955556,4844.642666666667,5477.72,0,0
ACC_e0ec5094,7,3,5,2,235061.57,1963.39,0.0083526626662112,193.06714905138887,594.4259621636112,33580.224285714285,654.4633333333334,0,0
ACC_e102c2b6,13,15,6,3,20991.43,113162.12,5.390872370295877,626.9753217441666,639.3155394458333,1614.7253846153849,7544.141333333333,0,0
ACC_e10ed504,13,14,5,6,8576.25,102437.58999999998,11.94433347908468,671.6271819058334,678.5054805475,659.7115384615385,7316.970714285713,0,0
ACC_e1496027,4,5,2,3,1799.15,27153.41,15.092354723063668,387.32297524833336,492.07928313472223,449.7875,5430.682,0,0
ACC_e1578ff0,4,8,2,2,4879.360000000001,5374.99,1.1015768461437565,403.7833690533334,551.8993893377777,1219.84,671.87375,0,0
ACC_e197ac1b,11,8,4,3,13388.13,89908.98000000001,6.715574169058711,590.8968172319444,638.7015883022223,1217.1027272727274,11238.6225,0,0
ACC_e19e947b,0,14,0,2,0.0,223675.54000000004,0.0,999999.0,999999.0,0.0,15976.824285714289,0,0
ACC_e1a845fe,18,15,7,6,41553.61,63505.49,1.528278529831704,676.496596675,629.9075955999999,2308.533888888889,4233.699333333333,0,0
ACC_e1a8d70a,19,6,5,3,134924.11,11483.94,0.0851140689384573,608.8470746461111,546.8478469283334,7101.26894736842,1913.99,0,0
ACC_e1c701d7,19,8,9,3,45527.75,192955.06,4.238185721894888,575.3909240341667,607.3373825311111,2396.1973684210525,24119.3825,0,0
ACC_e1e2632f,9,9,5,2,75806.86,61307.86000000001,0.8087376261198526,660.8771447419444,689.5782234444445,8422.984444444444,6811.984444444445,0,0
ACC_e1f13c5f,27,15,7,3,111893.65,131859.11,1.1784324669004898,711.073337595,705.2043076288888,4144.20925925926,8790.607333333332,0,0
ACC_e1f7d571,3,3,2,2,1406.13,37412.46,26.606686437242644,324.0594473688889,417.6152137105556,468.71,12470.82,0,0
ACC_e25544b7,8,14,4,2,248748.45,17057.379999999997,0.068572809197404,488.8001774875,663.7025934111111,31093.55625,1218.3842857142856,0,0
ACC_e270b9fa,9,12,5,4,23712.16,14306.18,0.603326731938381,660.6456556627778,547.8798711227778,2634.6844444444446,1192.1816666666666,0,0
ACC_e27dda5c,12,15,5,5,74698.16,134249.37,1.797224590271032,596.7314239230556,600.2754062019445,6224.846666666667,8949.958,0,0
ACC_e2db613f,5,5,2,2,2758.9,9058.76,3.283468048860053,416.6469965452778,497.0341064480556,551.78,1811.752,0,0
ACC_e2e867f7,6,11,3,2,5237.83,62403.83999999999,11.914063648495654,632.3086976736112,617.6595700986112,872.9716666666667,5673.076363636363,0,0
ACC_e2fff4ce,1,14,1,5,37629.37,38129.18,1.013282444005839,543.5033756163889,999999.0,37629.37,2723.512857142857,0,0
ACC_e3150edb,3,8,1,4,2328.52,106469.33,45.72403500936216,366.4480431813889,137.4655111711111,776.1733333333333,13308.666249999998,0,0
ACC_e316d1f5,31,4,5,3,149814.31999999995,25995.410000000003,0.1735175248934815,377.42083418361113,632.4100652200001,4832.719999999998,6498.852500000001,0,0
ACC_e319455c,10,10,3,5,75413.36,58002.8,0.7691316233622265,660.0537636463889,544.7821136625,7541.336,5800.280000000001,0,0
ACC_e3bfa0c1,11,5,5,3,42371.70999999999,4992.96,0.1178371134891653,421.8000293880556,441.6491073319445,3851.973636363636,998.592,0,0
ACC_e3c81bd0,7,4,3,3,4582.96,21037.18,4.590304082950756,521.3830125730556,689.9325915083333,654.7085714285714,5259.294999999999,0,0
ACC_e4041224,4,3,2,3,31418.63,39584.47,1.2599043943036343,541.4029119358333,569.9154411377777,7854.657499999999,13194.823333333332,0,0
ACC_e429f4ca,17,10,4,3,47008.27,82166.70999999999,1.74792031274497,455.1293280936111,666.7842588497223,2765.192352941176,8216.670999999998,0,0
ACC_e45df2b1,1,11,1,6,529.54,93952.43,177.42272538429583,369.5612455863889,999999.0,529.54,8541.130000000001,0,0
ACC_e46ae118,20,9,7,5,45215.72999999999,6287.05,0.1390456374363524,626.9928997547222,676.3318890552778,2260.7864999999997,698.5611111111111,0,0
ACC_e496be70,15,15,6,3,28585.67,117951.64,4.126250670353363,703.5099112891667,665.2878904966667,1905.7113333333332,7863.442666666668,0,0
ACC_e4c7db27,6,12,2,4,3179.17,18191.3,5.722028076510536,615.0399070491667,579.3379435138888,529.8616666666667,1515.9416666666666,0,0
ACC_e5087e6c,25,6,5,2,687404.64,4233.74,0.0061590215626126,550.5388603027778,650.2684128419444,27496.1856,705.6233333333333,0,0
ACC_e518d858,9,7,5,4,9727.5,73792.92,7.586010794140324,562.5571800961111,522.9360450330556,1080.8333333333333,10541.845714285711,0,0
ACC_e51d9ab2,6,15,3,5,18435.24,172874.5,9.37739351372697,425.5640083094444,378.6309370725,3072.5400000000004,11524.966666666667,0,0
ACC_e523ec2c,10,14,4,4,116751.86000000002,77964.47,0.6677792542234444,565.4980785730555,566.2933766252778,11675.186000000002,5568.890714285714,0,0
ACC_e5309295,21,7,7,2,69783.11000000002,142723.01,2.045237164121805,450.6699932116667,533.7428296891667,3323.005238095239,20389.00142857143,0,0
ACC_e5314776,2,12,2,2,1238.2,257031.72,207.5849781941528,567.2919094094444,86.02649884638889,619.1,21419.31,0,0
ACC_e531e956,8,5,3,4,14244.66,32783.990000000005,2.301493331536169,526.1742979058333,525.0562112994444,1780.5825,6556.798000000001,0,0
ACC_e568c048,13,6,6,2,8694.500000000002,42671.46,4.90786819253551,575.486867965,492.43499448,668.8076923076925,7111.91,0,0
ACC_e57cfa9c,15,6,5,5,15482.39,89339.54999999999,5.770397852011219,636.6226579858333,515.4223796897222,1032.1593333333335,14889.924999999996,0,0
ACC_e5a3920c,8,5,4,2,5819.08,47777.59,8.210505784419531,571.4836079388889,577.3610144538889,727.385,9555.518,0,0
ACC_e5d64c1d,19,10,7,2,27350.85,116117.2,4.245469519228837,611.5019000647222,664.8787634577778,1439.5184210526315,11611.72,0,0
ACC_e5f7aaad,10,11,3,3,13871.09,12253.46,0.883381190663459,675.3930899188889,668.6991459047223,1387.109,1113.950909090909,0,0
ACC_e620fb98,16,10,5,3,65388.14,11825.069999999998,0.1808442631951298,594.3379717763888,642.8990359575,4086.75875,1182.5069999999998,0,0
ACC_e62a44c1,7,12,4,2,3586.75,139905.58000000002,39.006225691782255,679.1310148513888,643.3113596811111,512.3928571428571,11658.798333333334,0,0
ACC_e635ce6a,1,8,1,3,1860.75,10029.62,5.390095391643154,14.298631514444445,999999.0,1860.75,1253.7025,0,0
ACC_e643d326,16,14,7,5,60182.740000000005,35394.3,0.5881138013988727,665.7921840302778,650.3641613694444,3761.42125,2528.1642857142856,0,0
ACC_e66a62a1,15,15,4,5,489063.2799999999,25425.06,0.0519872602171236,664.5016433758334,682.0531237547223,32604.21866666666,1695.004,0,0
ACC_e66c8303,0,3,0,2,0.0,14030.61,0.0,999999.0,999999.0,0.0,4676.87,0,0
ACC_e66da919,3,4,2,3,5348.77,2934.37,0.5486065020556127,353.5686286958333,423.55151685277775,1782.9233333333334,733.5925,0,0
ACC_e674beee,16,13,6,4,74673.61,24660.17,0.330239424610649,672.4487500016667,688.9222120852777,4667.100625,1896.936153846154,0,0
ACC_e6a7c259,17,9,5,2,41293.57,23255.61,0.5631775116561731,612.9718912794444,600.931036218889,2429.033529411765,2583.956666666667,0,0
ACC_e6af0a5e,16,12,6,4,90364.59,105185.46,1.1640119210411954,619.3867030405556,575.7839721152777,5647.786875,8765.455,0,0
ACC_e6da5d8f,17,4,6,3,31014.14,38459.68,1.2400692071422903,549.6693900708334,565.0972935511111,1824.361176470588,9614.92,0,0
ACC_e700e243,9,12,4,4,9154.23,11382.69,1.2434350021793206,643.4951263883333,613.335218408611,1017.1366666666668,948.5575,0,0
ACC_e71bcd47,4,13,3,5,55628.7,9533.41,0.1713757466919054,589.2223323633333,386.5114632155555,13907.175,733.3392307692308,0,0
ACC_e73580de,16,3,5,3,73667.11,16478.98,0.2236952148659014,582.2722952552778,633.2218152552779,4604.194375,5492.993333333333,0,0
ACC_e73d4186,9,9,3,4,139039.58,37750.79,0.2715111049673769,502.550526475,352.18877612527774,15448.842222222222,4194.532222222222,0,0
ACC_e75520b0,10,12,4,3,8441.63,11521.97,1.364898722166217,556.1158760433334,544.6990553841666,844.1629999999999,960.1641666666668,0,0
ACC_e756ae97,13,13,5,3,14432.46,49854.17999999999,3.454309244577847,515.6254155230556,599.6091841044444,1110.1892307692308,3834.9369230769225,0,0
ACC_e7869f83,10,14,3,4,8340.05,79574.64,9.54126653916943,567.6450809477778,652.1162383208333,834.0049999999999,5683.902857142857,0,0
ACC_e79dfeed,8,9,3,2,5795.27,13284.04,2.292221069941521,662.7967856294445,582.2762236077778,724.40875,1476.0044444444443,0,0
ACC_e7f1bfcc,9,10,4,5,331613.18000000005,222845.2,0.6720034469076289,636.3287253802778,414.46927922083336,36845.908888888895,22284.52,0,0
ACC_e8303664,2,8,1,4,2343.32,30233.68,12.902070566546609,355.8618290427778,241.55078648944445,1171.66,3779.21,0,0
ACC_e833a694,4,3,2,2,7462.209999999999,2626.38,0.3519573959993086,266.9253977222222,265.5647723677778,1865.5525,875.46,0,0
ACC_e845bfac,18,14,6,2,127784.41000000002,31450.13,0.2461186775444672,645.3281553602777,679.602951486389,7099.1338888888895,2246.4378571428574,0,0
ACC_e84cb94b,5,5,2,3,37287.87,38775.77,1.0399030569458645,275.8874613338889,423.9340132780556,7457.574,7755.153999999999,0,0
ACC_e87f43db,7,12,4,4,12727.67,68545.04,5.385513609325194,600.4255327322223,519.4152662344444,1818.2385714285715,5712.086666666666,0,0
ACC_e882d6a9,7,12,3,4,200277.64,67452.31999999999,0.3367940624824618,462.6219338391667,507.7139107297223,28611.09142857143,5621.026666666666,0,0
ACC_e888d46b,3,5,2,2,52897.100000000006,3985.33,0.0753411812745878,646.8351721225,204.61249931416663,17632.36666666667,797.066,0,0
ACC_e894d368,6,15,3,4,6035.299999999999,262066.09000000003,43.42221430583402,549.9300432675,445.8685635269444,1005.8833333333332,17471.072666666667,0,0
ACC_e89709f2,9,5,5,4,63691.45,85506.71,1.3425147331392209,247.46019670666664,521.9539227405555,7076.827777777778,17101.342,0,0
ACC_e8d42383,5,8,2,2,3757.05,67907.35,18.07464633156333,555.9732257541667,474.6851251411112,751.4100000000001,8488.41875,0,0
ACC_e8eab7b4,6,12,3,4,3866.87,277688.9,71.81231849014836,639.8320936350001,268.61017580416666,644.4783333333334,23140.74166666667,0,0
ACC_e8fefceb,2,13,1,5,13027.01,20888.0,1.6034377804269744,607.8912911694443,513.2806706894445,6513.505,1606.7692307692307,0,0
ACC_e90165c8,3,9,3,4,2272.0,9324.670000000002,4.104168133802817,644.8212665716666,214.26337271833333,757.3333333333334,1036.074444444445,0,0
ACC_e97707b1,0,14,0,5,0.0,68423.65000000001,0.0,999999.0,999999.0,0.0,4887.403571428572,0,0
ACC_e978d316,3,10,2,5,8509.300000000001,62626.780000000006,7.359803979175725,454.2033127291666,257.84070383694444,2836.433333333334,6262.678000000001,0,0
ACC_e9979d6f,3,3,2,3,5245.83,5542.3,1.0565153655379609,479.95624608277774,152.72126614583334,1748.61,1847.4333333333332,0,0
ACC_e9a0987a,12,12,5,5,13503.0,108630.31,8.044901873657707,677.3975723091667,665.3400572766666,1125.25,9052.525833333337,0,0
ACC_e9a8fae3,10,8,5,4,8844.61,11327.7,1.280746126737075,644.7781452536111,684.6909502941667,884.461,1415.9625,0,0
ACC_e9b07e81,3,13,2,3,2670.4,31235.23,11.696835680047933,624.3288637616666,238.50621599055555,890.1333333333333,2402.71,0,0
ACC_e9b9970f,4,10,2,4,42747.35,15837.96,0.3705015632547982,234.02365111666663,268.3736519063889,10686.8375,1583.7959999999998,0,0
ACC_e9df8e36,0,3,0,3,0.0,3780.5,0.0,999999.0,999999.0,0.0,1260.1666666666667,0,0
ACC_ea006b4c,15,7,7,5,9883.29,12031.04,1.2173112394759238,324.30861561333336,392.3315909722222,658.886,1718.72,0,0
ACC_ea442d13,14,3,4,2,52153.54000000001,780.69,0.0149690701724178,0.0,480.9685531725,3725.252857142858,260.23,0,0
ACC_ea81c58f,6,11,2,4,38428.75,17452.48,0.4541516442767459,482.0288389333333,480.6544707133333,6404.791666666667,1586.5890909090908,0,0
ACC_ea8bdbeb,23,9,6,2,43497.29,93646.32,2.152923090151133,677.9923848186111,708.0072682216667,1891.1865217391305,10405.146666666666,0,0
ACC_ea9fc370,3,11,2,4,3655.68,105515.92,28.863554796918766,571.1638113688889,402.640519105,1218.5600000000002,9592.356363636363,0,0
ACC_eabe5776,4,7,3,4,6386.13,7585.98,1.187883741796675,406.08679570916667,410.1291566519444,1596.5325,1083.7114285714283,0,0
ACC_eaefa8b1,18,9,5,2,56728.3,9649.7,0.1701038106200961,690.4382540552778,693.3370403855555,3151.5722222222225,1072.1888888888889,0,0
ACC_eaefc16b,8,15,2,6,11673.46,142327.75999999998,12.192422812088274,677.0004623880556,601.9316989991667,1459.1825,9488.517333333331,0,0
ACC_eb08cdcb,8,14,4,3,6085.04,94983.77999999996,15.609392871698455,636.0668664380556,653.3111464411111,760.63,6784.555714285712,0,0
ACC_eb341a46,10,15,5,2,43754.37,281903.54000000004,6.442865935448278,674.6579778019445,663.8846151777777,4375.437,18793.569333333337,0,0
ACC_eb3cb002,3,4,2,2,1176.35,8737.18,7.427364304841247,218.6740708611111,440.0954891516666,392.1166666666666,2184.295,0,0
ACC_eb5e8917,8,8,5,4,265831.64,11887.62,0.0447186046025221,655.8133347780555,644.1659640725,33228.955,1485.9525,0,0
ACC_eb8360af,6,13,3,5,47138.09,16400.94,0.3479339107715225,459.91668156305553,438.6528298275,7856.348333333334,1261.6107692307692,0,0
ACC_ebb8f9bb,1,11,1,4,1200.64,54775.57,45.62197661247335,606.6525806052778,999999.0,1200.64,4979.597272727273,0,0
ACC_ebce28da,18,13,5,6,19003.1,116149.74,6.112146965495104,641.9945012649999,642.7459992566668,1055.7277777777776,8934.595384615384,0,0
ACC_ebd6ddea,13,3,4,2,46204.350000000006,72761.64,1.5747789980813494,391.274725515,662.3153241341668,3554.18076923077,24253.88,0,0
ACC_ebdf0adc,1,7,1,3,627.72,30763.72,49.008666284330594,149.91154891166667,999999.0,627.72,4394.817142857143,0,0
ACC_ebf65252,0,9,0,3,0.0,157913.94999999998,0.0,999999.0,999999.0,0.0,17545.99444444444,0,0
ACC_ec0147a0,16,5,6,3,106186.12,60920.11,0.5737106695300667,562.9667202680555,672.7947532552778,6636.6325,12184.022,0,0
ACC_ec4eeeae,6,8,3,4,5258.95,9274.74,1.7636106066800408,631.6950497377778,623.2093461527778,876.4916666666667,1159.3425,0,0
ACC_ec502477,16,5,5,3,102067.28,6107.14,0.0598344542932857,388.73131856888887,599.7854855869444,6379.205,1221.428,0,0
ACC_ec57cf8b,7,10,3,4,64377.63,11350.089999999998,0.1763048748455014,570.8052376005555,524.9536996577777,9196.804285714285,1135.0089999999998,0,0
ACC_ec9eab64,5,11,3,2,8093.83,5746.139999999999,0.7099407820525017,624.2266125269445,609.8690769177778,1618.766,522.3763636363636,0,0
ACC_ecbbf5a9,8,11,3,3,50160.55,97219.08,1.938158174102956,521.0792153455556,558.6983644558334,6270.068749999999,8838.098181818183,0,0
ACC_eccac422,4,6,3,3,119590.85,54070.22,0.4521267304312997,566.2523163608333,594.292442865,29897.7125,9011.703333333331,0,0
ACC_ecd870af,6,5,3,2,24504.47,14401.25,0.5876988973848445,619.7479108680556,677.3141141961112,4084.078333333333,2880.25,0,0
ACC_ecf79644,15,5,4,4,79703.49999999999,5375.9400000000005,0.0674492337224839,506.7338003219445,659.8431694769444,5313.566666666666,1075.188,0,0
ACC_ed1b4f3f,9,13,3,2,44375.08999999999,79210.79000000001,1.785028266984924,605.319185288611,688.4111620905555,4930.565555555554,6093.137692307693,0,0
ACC_ed22805e,1,5,1,1,655.92,3189.53,4.862681424563971,611.5048165658334,999999.0,655.92,637.906,0,0
ACC_ed37cafb,5,11,3,5,29467.480000000003,60758.04,2.0618675231136154,578.0486396916666,627.3837029427777,5893.496000000001,5523.458181818182,0,0
ACC_ed4b7557,1,14,1,4,382.42,301215.73999999993,787.6568694105955,36.7326317975,999999.0,382.42,21515.41,0,0
ACC_ed52fbe5,9,13,4,5,10347.94,53443.31,5.164632767488022,614.8726005447222,507.2608453291666,1149.7711111111112,4111.023846153846,0,0
ACC_eda9d31a,9,13,3,2,85496.23000000001,55430.59999999999,0.6483396987212183,672.8195274955556,508.977402705,9499.581111111112,4263.892307692307,0,0
ACC_edcf6873,8,9,4,4,13367.23,20246.63,1.514646639580526,663.5833372258332,609.5818266377778,1670.9037500000002,2249.625555555556,0,0
ACC_edcfe222,6,14,1,5,4204.599999999999,65618.23999999999,15.606297864243922,705.1313995061112,677.2498846675,700.7666666666665,4687.017142857142,0,0
ACC_ede00f10,1,13,1,3,781.95,356470.1,455.8732655540635,94.26106896055556,999999.0,781.95,27420.776923076923,0,0
ACC_ede3f205,0,4,0,1,0.0,9831.4,0.0,999999.0,999999.0,0.0,2457.85,0,0
ACC_ede3f34d,7,11,2,4,6236.360000000001,48006.51,7.697841369003712,630.5030059191666,546.8684815433334,890.9085714285715,4364.228181818181,0,0
ACC_eded0046,5,11,2,3,59408.55,14528.910000000002,0.2445592427352628,412.45248989888887,532.0299857311111,11881.71,1320.8100000000002,0,0
ACC_ee113a99,4,13,2,5,2934.92,44507.74,15.16489035476265,670.6613720455556,617.5571710675,733.73,3423.672307692308,0,0
ACC_ee303884,7,6,3,4,32169.31,8640.26,0.2685870477172187,547.3278767872222,455.8068886016667,4595.615714285714,1440.0433333333333,0,0
ACC_ee4664e1,14,7,6,3,13739.09,57499.9,4.185131620798757,530.8729283597222,539.5705744583333,981.3635714285714,8214.271428571428,0,0
ACC_eeb95741,5,14,2,4,4565.02,24048.27,5.267944061581329,627.7701951908333,458.8729680805556,913.004,1717.7335714285712,0,0
ACC_eecda609,15,14,5,3,23472.42,249762.78,10.640691500918953,693.5428362908333,605.7395825944444,1564.828,17840.198571428573,0,0
ACC_eed8c3d3,12,3,6,2,62696.17999999999,1734.51,0.0276653218744746,622.2715474077777,597.721950975,5224.681666666666,578.17,0,0
ACC_ef2a8be5,16,3,4,2,158557.44,5664.08,0.0357225747337999,536.0997183661111,594.7316759183333,9909.84,1888.0266666666664,0,0
ACC_ef64c225,0,7,0,2,0.0,188601.53,0.0,999999.0,999999.0,0.0,26943.075714285715,0,0
ACC_ef7012c2,9,13,6,4,6673.049999999999,40861.9,6.123421823603899,668.4108134733333,667.2868779294445,741.4499999999999,3143.2230769230764,0,0
ACC_efa80269,7,13,2,3,28229.95,144884.59,5.132300623982685,535.4401957202778,450.21925824416667,4032.85,11144.96846153846,0,0
ACC_efaf2216,4,4,4,2,8290.429999999998,97064.41,11.70800670170305,523.0786379063888,511.8830511794444,2072.6075,24266.1025,0,0
ACC_efb3570e,7,10,4,5,30309.76,17778.69,0.5865665053105006,549.5605045658333,633.1610696591667,4329.965714285714,1777.869,0,0
ACC_efc1bb5f,18,9,7,5,172053.93999999997,60590.1,0.352157584999216,581.3277276411111,624.6940012725,9558.55222222222,6732.233333333334,0,0
ACC_efc376bd,0,5,0,4,0.0,30435.640000000003,0.0,999999.0,999999.0,0.0,6087.128000000001,0,0
ACC_f00cc5b2,6,13,5,2,7536.1,161230.53,21.39442549860007,347.5838221402778,344.5385130458334,1256.0166666666669,12402.348461538462,0,0
ACC_f00e7d82,10,6,4,4,61024.27,7847.1,0.128589821721751,573.5198153125,621.7131518577778,6102.427,1307.85,0,0
ACC_f01456b3,5,8,3,2,82433.40999999999,72654.88,0.8813766165927143,525.7646487466667,479.65329996805553,16486.681999999997,9081.86,0,0
ACC_f026b1bf,0,6,0,3,0.0,14485.19,0.0,999999.0,999999.0,0.0,2414.1983333333333,0,0
ACC_f02ca01b,2,4,2,2,58723.34,4815.85,0.0820091295896997,454.7021181958333,301.29628710972224,29361.67,1203.9625,0,0
ACC_f07612f1,19,12,6,6,29494.93,171917.19,5.828703102533215,660.3048325744445,631.2627289611112,1552.3647368421052,14326.4325,0,0
ACC_f0762314,10,8,5,4,46184.77999999999,8253.650000000001,0.1787093063992077,676.8962640986111,650.4612724727778,4618.477999999999,1031.7062500000002,0,0
ACC_f0c1ee85,7,11,3,5,21315.460000000003,93524.40999999996,4.387632732298527,558.7381005036111,364.6599494736111,3045.065714285715,8502.219090909088,0,0
ACC_f0d8bccc,14,7,5,2,12806.23,150464.25000000003,11.749300926189834,632.8062274069443,672.4065190575001,914.7307142857144,21494.892857142862,0,0
ACC_f0dc7049,5,12,2,4,11052.51,12212.189999999997,1.1049245827418384,618.21510114,587.4341653547223,2210.502,1017.6824999999998,0,0
ACC_f0def81d,4,15,2,4,35187.96,113016.07,3.211782382383065,441.39571103305553,363.8127101863889,8796.99,7534.404666666666,0,0
ACC_f0e1c447,4,8,3,3,6186.630000000001,45858.03,7.412441022010366,575.6730804775,515.5640312311111,1546.6575000000005,5732.25375,0,0
ACC_f0f96611,5,13,1,4,201422.4,73722.63999999998,0.3660101359133839,522.1135152477777,453.1144789625,40284.48,5670.9723076923065,0,0
ACC_f128e782,12,9,3,3,38542.560000000005,6055.62,0.1571151475148511,464.0375813144444,645.4507334425,3211.880000000001,672.8466666666667,0,0
ACC_f13a064b,19,8,7,2,56150.64,253719.82,4.518556155370625,596.6574429530556,645.7954701780556,2955.2968421052637,31714.9775,0,0
ACC_f1423041,17,8,5,2,29521.51,29655.86,1.0045509189739956,703.3549604222222,706.3951818033333,1736.559411764706,3706.9825,0,0
ACC_f15ccc93,12,3,5,3,53845.83000000001,1027.04,0.0190737147147699,471.1773718588889,622.4394391630555,4487.152500000001,342.34666666666664,0,0
ACC_f175ae01,14,4,7,2,24995.5,5991.42,0.2396999459902782,357.1848180544444,699.8789822408334,1785.392857142857,1497.855,0,0
ACC_f17a7877,7,5,2,3,228154.82,8139.24,0.035674197021128,472.47216791166665,438.864853635,32593.54571428572,1627.848,0,0
ACC_f197a72f,9,11,3,6,14372.27,21234.37,1.4774541530321932,594.2954257694445,620.1541534099999,1596.918888888889,1930.3972727272728,0,0
ACC_f1a7a292,3,10,2,5,57546.86,45002.88,0.7820214691123025,475.7715865358333,405.8409729769445,19182.286666666667,4500.288,0,0
ACC_f1b51105,5,7,2,2,63603.83,4473.0,0.0703259536414709,611.4203839997223,583.3923037952778,12720.766,639.0,0,0
ACC_f20beda2,8,3,4,2,6492.639999999999,1536.77,0.2366941644693068,614.3729178169444,637.7004625130556,811.5799999999999,512.2566666666667,0,0
ACC_f213a2e3,8,8,5,2,5709.78,126504.30999999998,22.15572403840428,518.0440472977778,621.4086664152778,713.7225,15813.038749999998,0,0
ACC_f308e753,4,6,2,4,25389.06,49482.31,1.9489618757055205,416.4505956394445,258.3206258286111,6347.264999999999,8247.051666666666,0,0
ACC_f30ef185,3,14,2,2,1662.59,337395.33,202.93357352083197,400.4609921855556,137.03139359138888,554.1966666666666,24099.666428571425,0,0
ACC_f325c942,4,5,1,2,7083.86,17568.14,2.4800236029509337,323.1689600155556,415.56370833333335,1770.965,3513.628,0,0
ACC_f355b729,7,4,3,4,55830.12999999999,25791.16,0.4619577278433707,506.135713315,603.1000335311111,7975.732857142856,6447.79,0,0
ACC_f36889dd,0,9,0,4,0.0,48452.46,0.0,999999.0,999999.0,0.0,5383.606666666667,0,0
ACC_f37e3ec4,5,15,3,4,21172.02,50076.33,2.3652126721966065,525.9925754672222,383.0856712016666,4234.404,3338.422,0,0
ACC_f38bc384,10,7,4,3,247067.42,5055.949999999999,0.0204638474793641,659.7570882905555,623.4010573361112,24706.742,722.2785714285712,0,0
ACC_f3ed7ca0,10,7,4,4,341959.53,139903.55,0.4091231205049322,640.8419271341668,615.2186801105555,34195.953,19986.221428571425,0,0
ACC_f4209294,7,8,3,3,8499.13,13023.84,1.5323733135038529,603.3246466808333,684.1643235372221,1214.1614285714284,1627.98,0,0
ACC_f4283080,16,12,6,3,72650.73,13262.97,0.1825579729205749,440.10812236083336,582.1772160975,4540.670625,1105.2475,0,0
ACC_f44dd9f2,8,5,5,4,234472.0,28868.989999999994,0.1231234006619127,611.8499960444444,646.0682717455556,29309.0,5773.797999999999,0,0
ACC_f4660f87,3,12,1,2,4254.389999999999,133145.58000000002,31.296044791380204,409.1818573880556,294.0753608469445,1418.13,11095.465000000002,0,0
ACC_f47f7ec8,10,3,4,2,89300.59,7912.51,0.0886053496399072,622.5046044297222,637.2935320077778,8930.059,2637.5033333333336,0,0
ACC_f49b32f6,1,12,1,3,206.82,106707.01,515.9414466686007,88.60716441333332,999999.0,206.82,8892.250833333334,0,0
ACC_f49dc69e,2,4,1,4,13484.54,50371.84,3.735525275611923,614.001415325,64.6158830025,6742.27,12592.96,0,0
ACC_f49f2f35,14,5,4,4,174851.88999999998,41996.85999999999,0.2401853362866137,545.2126313147222,503.7873799677778,12489.420714285714,8399.372,0,0
ACC_f4a46f11,4,3,1,2,2663.17,1576.2000000000005,0.5918510647085993,308.5625815597223,322.10965213749995,665.7925,525.4000000000001,0,0
ACC_f58ef692,3,9,2,6,137160.06,85675.87999999999,0.6246416048520247,548.1980418672223,584.5465613041666,45720.02,9519.54222222222,0,0
ACC_f598a9e1,9,7,2,4,56420.420000000006,52061.62,0.922744283009591,546.5673854455556,681.6425033030555,6268.935555555556,7437.374285714285,0,0
ACC_f5a4594e,12,3,7,2,34523.24,5066.14,0.1467457863166956,638.3100559883333,486.8100066808333,2876.9366666666665,1688.7133333333334,0,0
ACC_f5c899d3,14,3,5,3,76409.70999999999,8173.58,0.1069704360872459,525.2452309597222,583.8240434369445,5457.836428571428,2724.526666666666,0,0
ACC_f61fb0ba,5,5,3,4,4172.31,4751.76,1.1388799010620017,443.0099063041666,381.6772145766666,834.4620000000001,950.352,0,0
ACC_f62a8787,15,12,5,4,91632.45,61944.56,0.6760111728978108,668.3510884791667,638.8909448647222,6108.83,5162.046666666666,0,0
ACC_f6398ffd,6,13,2,4,5689.550000000001,12975.250000000002,2.2805406402966844,653.8802322816666,508.6521634575,948.2583333333336,998.096153846154,0,0
ACC_f64ac580,3,5,2,2,1216.19,2794.08,2.297404188490285,475.1544413336111,466.2895171,405.3966666666667,558.816,0,0
ACC_f6d170c4,1,15,1,3,246.48,238689.06,968.391187925998,513.7229519247222,999999.0,246.48,15912.604,0,0
ACC_f6d2ca9a,3,10,2,4,51577.18000000001,12029.510000000002,0.2332331856840564,545.3552251655556,636.3019014480556,17192.393333333337,1202.9510000000002,0,0
ACC_f6e366ae,5,13,3,6,10418.78,73860.43999999999,7.089163990409624,699.5198633130556,679.7097752572222,2083.7560000000003,5681.572307692307,0,0
ACC_f6f27104,20,8,6,4,675568.44,55009.77,0.081427382842218,653.397109166111,672.6383321805556,33778.422,6876.2212500000005,0,0
ACC_f70a6727,11,8,4,3,31253.310000000005,8806.39,0.281774634430721,605.3158212116667,487.4644219383334,2841.2100000000005,1100.79875,0,0
ACC_f771e082,0,4,0,2,0.0,82608.36,0.0,999999.0,999999.0,0.0,20652.09,0,0
ACC_f7742cde,4,10,2,3,4635.26,8391.75,1.8104162441804772,486.4716905202778,513.3285246144445,1158.815,839.175,0,0
ACC_f776f946,11,11,3,5,9658.78,10953.510000000002,1.134046950028886,399.82460931388886,550.2395922497223,878.070909090909,995.7736363636366,0,0
ACC_f782f4d1,12,4,4,1,58291.670000000006,5655.14,0.097014547704672,495.75064426222224,705.2884874322223,4857.639166666667,1413.785,0,0
ACC_f7eb7a05,14,13,4,3,141360.23,68800.1,0.4867005380509072,693.7698718838889,681.5001501077778,10097.159285714286,5292.3153846153855,0,0
ACC_f7f84dab,14,3,5,3,28295.66,19964.870000000003,0.7055806438160482,617.9503657277778,687.1074258094444,2021.1185714285716,6654.956666666668,0,0
ACC_f7f88540,11,13,4,5,126507.71,57046.03999999999,0.4509293544243271,658.7658640588888,602.5169768888888,11500.700909090909,4388.156923076923,0,0
ACC_f81eedab,13,4,4,3,78159.09999999999,3730.05,0.0477238095116243,521.4901396463889,651.8467579197222,6012.238461538461,932.5125,0,0
ACC_f850dc5d,9,3,6,3,6777.11,2116.05,0.3122348611723877,415.0728024891667,614.5726427661111,753.0122222222221,705.35,0,0
ACC_f860836a,4,10,3,5,4046.39,130324.84,32.20768141479195,428.7976858775,384.8239617611111,1011.5975,13032.484,0,0
ACC_f866c056,15,10,3,5,183485.29,31934.77,0.1740453962276757,486.6117207722222,680.4927869572223,12232.352666666668,3193.477,0,0
ACC_f87f1aa2,2,8,1,3,566.02,275347.43000000005,486.4623688208898,242.6164295775,186.5366296461111,283.01,34418.42875000001,0,0
ACC_f893ac98,10,4,5,2,8967.16,15890.5,1.7720772240040326,705.7339224402778,704.5948861405556,896.716,3972.625,0,0
ACC_f8b1d69d,5,10,3,3,9431.12,43417.32000000001,4.603622899507164,261.1741965602778,382.2204280927778,1886.224,4341.732000000001,0,0
ACC_f8f88bb5,12,9,5,4,17309.15,21518.730000000003,1.2431996949590247,635.3092747427778,701.7430771977778,1442.4291666666668,2390.9700000000003,0,0
ACC_f90e6d84,20,4,6,3,594571.19,97383.2,0.1637872834033549,586.3128141416666,648.9132045430556,29728.5595,24345.8,0,0
ACC_f9498907,10,5,4,4,126549.92,4631.26,0.0365963091877102,644.7269712502779,696.3807662236111,12654.992000000002,926.252,0,0
ACC_f94e3235,11,4,4,3,398030.69000000006,49009.07,0.1231288722987666,487.4501177286111,653.8133809997223,36184.608181818185,12252.2675,0,0
ACC_f952b0bd,11,5,4,3,252534.6,35774.0,0.1416597963209794,494.8975264108333,695.4486472155556,22957.69090909091,7154.8,0,0
ACC_f96b5070,3,6,2,4,2556.79,9388.68,3.6720575409008953,558.9497075897223,539.4852145544445,852.2633333333333,1564.78,0,0
ACC_f9915e84,20,7,8,3,18722.68,47705.07000000001,2.54798298106895,633.722123208611,684.2882344141667,936.134,6815.010000000001,0,0
ACC_f9b5468a,2,14,1,3,668.29,20195.840000000004,30.22017387661046,336.7868734022222,183.92869287972223,334.145,1442.5600000000002,0,0
ACC_f9cc05a7,13,3,3,3,177071.58999999997,25245.94,0.1425747631226444,619.8677910269445,585.0869203586111,13620.891538461536,8415.313333333334,0,0
ACC_f9dd4a74,19,3,6,2,73992.55,28263.73,0.3819807534677477,710.2521299347222,707.6276965680555,3894.344736842105,9421.243333333334,0,0
ACC_fa733716,12,3,5,2,9440.89,52869.9,5.600097024750845,405.3433324344445,580.4374861269445,786.7408333333333,17623.3,0,0
ACC_fa7b81d9,0,11,0,2,0.0,109441.95,0.0,999999.0,999999.0,0.0,9949.26818181818,0,0
ACC_fa99d8aa,5,4,3,3,2640.24,36971.9,14.003234554434444,541.3416420288889,588.8018949650001,528.048,9242.975,0,0
ACC_faafec53,7,15,5,3,19609.050000000003,193175.27,9.851332420489516,687.4978147197222,673.0105160316667,2801.292857142857,12878.351333333332,0,0
ACC_fabd988f,5,15,2,4,16379.12,15843.42,0.9672937251818168,615.7086926019444,280.14769759222224,3275.824,1056.228,0,0
ACC_fac729b0,7,13,2,3,100070.66,66944.75,0.6689748024046208,369.5922763063888,380.4459445547222,14295.808571428572,5149.596153846154,0,0
ACC_fada02f3,13,3,5,2,27645.66,4758.37,0.1721199638568947,337.51277421888886,629.7866347927777,2126.5892307692307,1586.1233333333332,0,0
ACC_fb072f35,10,15,5,5,17154.45,65344.48,3.809185371725704,596.8623371555556,578.5222428477778,1715.4450000000002,4356.298666666667,0,0
ACC_fb26834b,7,14,3,2,47427.67,72143.18999999999,1.521120265870113,676.5102632627777,614.5456334525,6775.381428571428,5153.084999999999,0,0
ACC_fb6c9375,16,15,6,5,52060.5,20015.140000000003,0.3844592349285927,566.2438550405556,423.5341588330555,3253.78125,1334.342666666667,0,0
ACC_fb78d885,17,14,6,4,39282.78,20662.950000000004,0.5260052878131335,674.9166659602778,647.756784615,2310.751764705882,1475.9250000000004,0,0
ACC_fbe98ff2,19,12,6,3,60237.07,68742.7,1.1412025850526926,620.0126552966667,706.5048024655555,3170.3721052631577,5728.558333333333,0,0
ACC_fbf46aa2,4,5,2,4,25114.9,10466.07,0.4167275203166248,320.05276923749994,123.68395951666668,6278.724999999999,2093.214,0,0
ACC_fc05270e,7,12,3,5,5903.879999999999,24401.99,4.133212395915907,648.3658626844444,640.7254263672222,843.4114285714285,2033.4991666666665,0,0
ACC_fc082cac,6,3,2,2,5287.31,35218.76,6.660997747436788,602.4445415319444,673.0959618347222,881.2183333333332,11739.586666666668,0,0
ACC_fc1e1bd8,5,6,2,4,42375.47,67297.21,1.5881171347480043,523.1516853972222,550.9179594980556,8475.094,11216.201666666668,0,0
ACC_fc232e6b,19,5,7,4,561308.1799999999,34197.439999999995,0.0609245352526307,294.60874082000004,666.2162828647222,29542.53578947368,6839.487999999999,0,0
ACC_fc519027,4,7,3,5,53469.32,133812.29,2.5025994345916502,517.669050725,567.8680081061111,13367.33,19116.04142857143,0,0
ACC_fc8d0d9d,15,11,7,4,72516.27,258943.02,3.5708265193452444,576.5615235605555,619.5788038000001,4834.418000000001,23540.274545454544,0,0
ACC_fc953f73,2,6,1,2,89771.16,4468.06,0.0497716638617569,656.7862099013889,612.8706564033333,44885.58,744.6766666666667,0,0
ACC_fca2a2db,2,14,2,6,643.53,140990.07,219.088573959256,241.53574824277777,147.85264337027778,321.765,10070.719285714284,0,0
ACC_fcc17249,5,15,1,3,3003.28,87777.21999999999,29.227118350603337,454.6021378822222,497.8553171022222,600.656,5851.814666666666,0,0
ACC_fcd98d64,18,4,7,3,73816.67000000001,57492.5,0.7788552368997408,568.0748149808334,690.7608818072222,4100.926111111112,14373.125,0,0
ACC_fcddd743,2,10,1,3,1816.63,25254.13,13.901636546792687,642.1889069974999,333.2242738266667,908.315,2525.413,0,0
ACC_fceb1d01,8,4,3,3,6562.469999999999,4567.17,0.6959528957846666,459.18520700333335,599.2573699452777,820.3087499999999,1141.7925,0,0
ACC_fd08dc35,3,11,2,3,109769.14,83772.20999999999,0.7631672253239844,317.72087185916666,275.32660627666667,36589.71333333333,7615.655454545454,0,0
ACC_fd0f63f3,16,9,5,3,41190.52,6040.1900000000005,0.1466402949028077,638.9347361900001,677.0800640775,2574.4075,671.1322222222223,0,0
ACC_fd6a8921,9,11,4,4,7794.15,66461.44,8.527092755464034,579.7335338352777,497.91038290138886,866.0166666666667,6041.949090909091,0,0
ACC_fdbca484,11,4,4,1,70549.06,2798.36,0.0396654469953249,625.4376977227778,660.2916982294445,6413.550909090909,699.5899999999999,0,0
ACC_fe125144,13,3,4,1,75483.56,88935.07,1.1782044990988767,313.3883116761112,515.2868737313888,5806.427692307692,29645.02333333333,0,0
ACC_fe32ccc2,11,4,5,4,40081.8,58594.54,1.4618739677359798,653.5169933661111,685.9600881975001,3643.8,14648.635,0,0
ACC_fe9c6564,13,15,5,2,26524.75,160946.75,6.067795172433294,700.4824810075,581.0118430252778,2040.3653846153843,10729.783333333333,0,0
ACC_feaa8d9f,10,14,3,5,326989.86,35893.7,0.1097700705459184,589.6935565302779,570.1174720802778,32698.986,2563.835714285714,0,0
ACC_feaaa1e4,7,9,3,3,27303.27,9614.35,0.3521318142478904,621.8196652530555,634.2455414105556,3900.4671428571423,1068.261111111111,0,0
ACC_fedf8bfd,4,11,2,2,5042.360000000001,9962.34,1.9757296186706224,446.4747691986111,337.0948718725,1260.59,905.6672727272728,0,0
ACC_ff0c10b6,15,10,8,4,10269.54,90890.32,8.850476262812162,553.96429522,540.5111955538889,684.636,9089.032,0,0
ACC_ff229ac7,6,4,2,4,14040.89,15218.61,1.0838778738384818,685.8946098655556,501.1545708752778,2340.148333333333,3804.6525,0,0
ACC_ff3c151a,0,11,0,5,0.0,108797.09,0.0,999999.0,999999.0,0.0,9890.644545454546,0,0
ACC_ff43730c,10,3,2,2,39960.1,50140.2,1.254756619728179,396.3257608125,635.4714493491666,3996.01,16713.4,0,0
ACC_ff655918,7,10,3,4,6307.31,10928.91,1.7327370939433768,581.7754488605556,548.3671141827778,901.0442857142856,1092.891,0,0
ACC_ff6fb49f,16,3,4,3,19754.44,1576.3300000000002,0.0797962382127764,480.2136932588888,668.9119332047222,1234.6525,525.4433333333334,0,0
ACC_ff7363f5,4,10,2,5,4965.62,24725.09,4.979255359854359,494.7925948883333,586.5517202788889,1241.405,2472.509,0,0
ACC_ff868c75,3,7,2,5,2321.85,34634.3,14.91668281758081,363.1534156325,126.67488936777778,773.9499999999999,4947.757142857144,0,0
ACC_ff9a5846,8,6,3,4,42121.35,72975.09,1.7324964655691235,414.5794364308333,554.9863689966667,5265.16875,12162.515,0,0
ACC_ffd6405b,6,13,2,5,2719.2000000000007,182563.9,67.13882759635183,594.4348330180555,501.9743883372223,453.2000000000001,14043.37692307692,0,0
ACC_ffea3af0,3,15,1,6,1251.73,134975.97,107.83153715258082,218.95268809666663,111.01313065166666,417.2433333333333,8998.398,0,0
MULE_07aaf84e,13,2,13,2,297218.71,267725.25,0.9007684946886418,33.36386885638889,32.287113715000004,22862.977692307693,133862.625,1,0
MULE_0a8ea9dc,7,3,7,3,123440.95000000004,117416.58,0.9511963412465634,34.56206111305556,33.820006963888886,17634.421428571433,39138.85999999999,1,0
MULE_113c8bde,18,3,18,3,485678.1600000001,454282.57,0.9353572126858656,30.577167504722222,28.927688990277776,26982.120000000006,151427.52333333337,1,0
MULE_1913e32a,9,3,9,3,209333.2,198000.73,0.945863962333734,30.14517650138889,28.983992489444443,23259.244444444445,66000.24333333333,1,0
MULE_1aba7759,15,3,15,3,384899.26,359612.64,0.9343032771743964,34.08895060388889,32.655881091666664,25659.950666666664,119870.88,1,0
MULE_1d5c859e,8,1,8,1,247328.33,211131.3,0.853647861528843,32.26716033111111,31.80278889138889,30916.04125,211131.3,1,0
MULE_20bb46e5,8,1,8,1,166588.22,140877.94,0.845665677921284,32.576046284444445,31.8847461775,20823.5275,140877.94,1,0
MULE_23e6912d,8,4,8,4,208058.43,200079.46,0.9616503402433634,27.90642713138889,26.66669133972222,26007.30375,50019.865,1,0
MULE_26c55c8f,12,3,12,3,319632.54,300199.09,0.9392006520988132,32.68779777527778,31.95265834027777,26636.045,100066.36333333331,1,0
MULE_2847c164,15,3,15,3,305000.4,290812.19,0.9534813396966036,33.92877704472222,33.496808673055554,20333.36,96937.39666666668,1,0
MULE_38a8bdf1,12,2,12,2,296653.31999999995,285992.34,0.9640624955756436,30.421969351944444,29.478392248611108,24721.11,142996.16999999998,1,0
MULE_3ccc25f4,5,1,5,1,112921.96,105822.97,0.9371336629296904,23.663754370277776,23.093007616944444,22584.392,105822.97,1,0
MULE_4dd26a83,5,2,5,2,165045.96000000002,156911.36,0.9507131225750692,29.71683868722222,28.872981386111118,33009.192,78455.68,1,0
MULE_5330c5e4,12,1,12,1,324729.44000000006,282541.06,0.870081443801338,31.76325857,31.109505719166663,27060.78666666667,282541.06,1,0
MULE_55afb79e,6,4,6,4,131239.15,126558.65,0.9643360994032648,30.427162684166667,28.13776162361111,21873.191666666666,31639.6625,1,0
MULE_5614b848,9,2,9,2,212884.21,195490.44,0.9182946917481576,21.834337573888888,21.487537549722223,23653.80111111111,97745.22,1,0
MULE_56d9cd95,10,4,10,4,227741.76,216361.73,0.9500309912420102,30.447721201944447,28.594331477500003,22774.176,54090.4325,1,0
MULE_59354204,15,4,15,4,342295.57,331142.51,0.9674168730842764,34.94552360611111,33.35092740527778,22819.70466666667,82785.6275,1,0
MULE_5abe9aba,9,3,9,3,188774.56,175893.15999999997,0.9317630511229902,33.84911535305555,32.32499207888889,20974.95111111111,58631.05333333332,1,0
MULE_5bd3490d,8,4,8,4,138833.32,130885.03,0.9427494062664497,27.0215197425,25.4508818575,17354.165,32721.2575,1,0
MULE_5cc02525,14,4,14,4,331991.97,321664.59,0.968892681350094,36.11240162361111,33.884129691388885,23713.71214285714,80416.14749999999,1,0
MULE_60001757,16,1,16,1,481117.57,444203.18,0.9232736605316658,33.874891868611115,33.3300102025,30069.848125,444203.18,1,0
MULE_62bba1af,15,1,15,1,320207.61000000004,263107.54,0.8216779732374254,32.81618916222222,32.502417036666664,21347.174000000003,263107.54,1,0
MULE_6599e7be,16,1,16,1,307730.16,278207.5,0.9040631571504074,34.7105176525,34.3710607875,19233.135,278207.5,1,0
MULE_66c6d79c,15,1,15,1,437203.58,373929.37,0.8552751786707693,30.785330125277778,30.112226866944447,29146.905333333336,373929.37,1,0
MULE_679a38f3,18,4,18,4,400309.6,387761.64,0.9686543615241804,34.643510901111114,33.41056952555556,22239.42222222222,96940.41,1,0
MULE_70c8d679,13,3,13,3,316669.93999999994,294106.33,0.9287472312654624,34.057866418888885,33.54601739861111,24359.22615384615,98035.44333333334,1,0
MULE_868814e1,16,4,16,4,308151.18,296801.17,0.9631673972496227,32.47060229666666,30.40004021777778,19259.44875,74200.2925,1,0
MULE_95e1898f,17,4,17,4,490007.88000000006,459786.81,0.9383253387680212,31.735032365833334,30.56694914,28823.992941176475,114946.7025,1,0
MULE_977f87bb,7,4,7,4,85895.79999999999,83626.6,0.9735819446352444,22.712418598333333,20.99403462861111,12270.82857142857,20906.65,1,0
MULE_a29f1f94,7,4,7,4,132458.6,125050.93,0.9440755828613618,26.997130681944444,25.42253572861111,18922.657142857144,31262.7325,1,0
MULE_a5ab699e,9,2,9,2,218759.86,197360.9,0.9021805919970874,35.755078044166666,34.599583787499995,24306.651111111118,98680.45,1,0
MULE_aa5434bc,18,4,18,4,424150.43,398700.48,0.9399978210560814,30.09915372027778,27.906061027222226,23563.912777777776,99675.12,1,0
MULE_ae37d9ad,20,2,20,2,420226.3600000001,378473.25,0.9006413828965891,34.9336583325,34.16165307027778,21011.318000000007,189236.625,1,0
MULE_bd94a251,18,2,18,2,431478.20000000007,393845.63,0.9127822216742352,34.00732644555556,33.25607432416666,23971.011111111115,196922.815,1,0
MULE_c5e20e75,13,1,13,1,238596.28000000003,212961.78,0.8925611916497608,25.958180806666665,25.63482657333333,18353.56,212961.78,1,0
MULE_cc480e22,18,1,18,1,506915.36,443568.25,0.8750341477125492,32.81838718722222,32.68426992805556,28161.96444444444,443568.25,1,0
MULE_de3ba53b,17,2,17,2,461348.08,442825.5,0.9598511822136552,32.65534611555556,31.63775253833333,27138.122352941176,221412.75,1,0
MULE_f0993dc5,11,2,11,2,371725.64,340474.81,0.9159303888749778,32.62887859777778,31.96211261194444,33793.24,170237.405,1,0
MULE_f5ea598a,9,4,9,4,241232.67,233740.15,0.9689406911592864,25.334891393055557,24.183422579444446,26803.63,58435.037500000006,1,0
OUT_02fb4b01,1,0,1,0,263107.54,0.0,0.0,999999.0,999999.0,263107.54,0.0,1,0
OUT_06714a62,1,0,1,0,38826.14,0.0,0.0,999999.0,999999.0,38826.14,0.0,1,0
OUT_091ddb93,1,0,1,0,111470.59,0.0,0.0,999999.0,999999.0,111470.59,0.0,1,0
OUT_0dd083e3,1,0,1,0,89945.86,0.0,0.0,999999.0,999999.0,89945.86,0.0,1,0
OUT_0e6bf380,1,0,1,0,198131.1,0.0,0.0,999999.0,999999.0,198131.1,0.0,1,0
OUT_1321bc50,1,0,1,0,20621.39,0.0,0.0,999999.0,999999.0,20621.39,0.0,1,0
OUT_15113519,1,0,1,0,136382.56,0.0,0.0,999999.0,999999.0,136382.56,0.0,1,0
OUT_152e14e9,1,0,1,0,112140.52,0.0,0.0,999999.0,999999.0,112140.52,0.0,1,0
OUT_157c0644,1,0,1,0,69431.82,0.0,0.0,999999.0,999999.0,69431.82,0.0,1,0
OUT_15ee6f5f,1,0,1,0,251692.42,0.0,0.0,999999.0,999999.0,251692.42,0.0,1,0
OUT_173ad52d,1,0,1,0,72306.51,0.0,0.0,999999.0,999999.0,72306.51,0.0,1,0
OUT_1d2f9240,1,0,1,0,131342.69,0.0,0.0,999999.0,999999.0,131342.69,0.0,1,0
OUT_1f63c3a8,1,0,1,0,84945.27,0.0,0.0,999999.0,999999.0,84945.27,0.0,1,0
OUT_2229ff1e,1,0,1,0,211131.3,0.0,0.0,999999.0,999999.0,211131.3,0.0,1,0
OUT_27d706f1,1,0,1,0,89391.45,0.0,0.0,999999.0,999999.0,89391.45,0.0,1,0
OUT_2aa31bf6,1,0,1,0,108880.75,0.0,0.0,999999.0,999999.0,108880.75,0.0,1,0
OUT_3015abda,1,0,1,0,48601.48,0.0,0.0,999999.0,999999.0,48601.48,0.0,1,0
OUT_31786712,1,0,1,0,147389.54,0.0,0.0,999999.0,999999.0,147389.54,0.0,1,0
OUT_32d27dae,1,0,1,0,108198.36,0.0,0.0,999999.0,999999.0,108198.36,0.0,1,0
OUT_32f32a28,1,0,1,0,282541.06,0.0,0.0,999999.0,999999.0,282541.06,0.0,1,0
OUT_35027006,1,0,1,0,96000.51,0.0,0.0,999999.0,999999.0,96000.51,0.0,1,0
OUT_3755b7f5,1,0,1,0,120839.6,0.0,0.0,999999.0,999999.0,120839.6,0.0,1,0
OUT_38e80bbd,1,0,1,0,198989.73,0.0,0.0,999999.0,999999.0,198989.73,0.0,1,0
OUT_39d2f1f1,1,0,1,0,48582.38,0.0,0.0,999999.0,999999.0,48582.38,0.0,1,0
OUT_3ac985c8,1,0,1,0,88180.38,0.0,0.0,999999.0,999999.0,88180.38,0.0,1,0
OUT_42151fab,1,0,1,0,93160.17,0.0,0.0,999999.0,999999.0,93160.17,0.0,1,0
OUT_430646c9,1,0,1,0,28543.21,0.0,0.0,999999.0,999999.0,28543.21,0.0,1,0
OUT_44814528,1,0,1,0,30816.67,0.0,0.0,999999.0,999999.0,30816.67,0.0,1,0
OUT_487c7362,1,0,1,0,168019.51,0.0,0.0,999999.0,999999.0,168019.51,0.0,1,0
OUT_4aea40c2,1,0,1,0,57009.32,0.0,0.0,999999.0,999999.0,57009.32,0.0,1,0
OUT_4bc293d1,1,0,1,0,95358.44,0.0,0.0,999999.0,999999.0,95358.44,0.0,1,0
OUT_4beb6eca,1,0,1,0,18013.69,0.0,0.0,999999.0,999999.0,18013.69,0.0,1,0
OUT_4da44651,1,0,1,0,95887.92,0.0,0.0,999999.0,999999.0,95887.92,0.0,1,0
OUT_514670a9,1,0,1,0,70107.81,0.0,0.0,999999.0,999999.0,70107.81,0.0,1,0
OUT_51ad21eb,1,0,1,0,157190.35,0.0,0.0,999999.0,999999.0,157190.35,0.0,1,0
OUT_541050a8,1,0,1,0,37559.56,0.0,0.0,999999.0,999999.0,37559.56,0.0,1,0
OUT_5519acb8,1,0,1,0,49206.03,0.0,0.0,999999.0,999999.0,49206.03,0.0,1,0
OUT_554d15ec,1,0,1,0,24538.03,0.0,0.0,999999.0,999999.0,24538.03,0.0,1,0
OUT_5955678c,1,0,1,0,149702.68,0.0,0.0,999999.0,999999.0,149702.68,0.0,1,0
OUT_5af35c37,1,0,1,0,101472.98,0.0,0.0,999999.0,999999.0,101472.98,0.0,1,0
OUT_628a9d2c,1,0,1,0,69082.55,0.0,0.0,999999.0,999999.0,69082.55,0.0,1,0
OUT_646b9531,1,0,1,0,212961.78,0.0,0.0,999999.0,999999.0,212961.78,0.0,1,0
OUT_64ad1ee7,1,0,1,0,191133.08,0.0,0.0,999999.0,999999.0,191133.08,0.0,1,0
OUT_68dbd29a,1,0,1,0,444203.18,0.0,0.0,999999.0,999999.0,444203.18,0.0,1,0
OUT_6a0796fe,1,0,1,0,115319.89,0.0,0.0,999999.0,999999.0,115319.89,0.0,1,0
OUT_6a178ffb,1,0,1,0,96838.26,0.0,0.0,999999.0,999999.0,96838.26,0.0,1,0
OUT_6a4cb87d,1,0,1,0,29135.98,0.0,0.0,999999.0,999999.0,29135.98,0.0,1,0
OUT_6a7b4e8f,1,0,1,0,89956.61,0.0,0.0,999999.0,999999.0,89956.61,0.0,1,0
OUT_6d338f1b,1,0,1,0,140877.94,0.0,0.0,999999.0,999999.0,140877.94,0.0,1,0
OUT_755a4e5e,1,0,1,0,69435.74,0.0,0.0,999999.0,999999.0,69435.74,0.0,1,0
OUT_77a544d9,1,0,1,0,52237.72,0.0,0.0,999999.0,999999.0,52237.72,0.0,1,0
OUT_7a28835d,1,0,1,0,28876.78,0.0,0.0,999999.0,999999.0,28876.78,0.0,1,0
OUT_7cb4e1f5,1,0,1,0,99783.52,0.0,0.0,999999.0,999999.0,99783.52,0.0,1,0
OUT_7d9451ac,1,0,1,0,195714.53,0.0,0.0,999999.0,999999.0,195714.53,0.0,1,0
OUT_82230160,1,0,1,0,95961.91,0.0,0.0,999999.0,999999.0,95961.91,0.0,1,0
OUT_84c9954a,1,0,1,0,71349.44,0.0,0.0,999999.0,999999.0,71349.44,0.0,1,0
OUT_85a62c77,1,0,1,0,139943.69,0.0,0.0,999999.0,999999.0,139943.69,0.0,1,0
OUT_8668bd16,1,0,1,0,82240.28,0.0,0.0,999999.0,999999.0,82240.28,0.0,1,0
OUT_87af41e3,1,0,1,0,42993.49,0.0,0.0,999999.0,999999.0,42993.49,0.0,1,0
OUT_926d7f7b,1,0,1,0,69077.24,0.0,0.0,999999.0,999999.0,69077.24,0.0,1,0
OUT_983c4714,1,0,1,0,74745.58,0.0,0.0,999999.0,999999.0,74745.58,0.0,1,0
OUT_9d130da8,1,0,1,0,64616.45,0.0,0.0,999999.0,999999.0,64616.45,0.0,1,0
OUT_9d5cb5d0,1,0,1,0,108159.96,0.0,0.0,999999.0,999999.0,108159.96,0.0,1,0
OUT_9d5e6ab7,1,0,1,0,90580.42,0.0,0.0,999999.0,999999.0,90580.42,0.0,1,0
OUT_9fd9ac4d,1,0,1,0,20453.49,0.0,0.0,999999.0,999999.0,20453.49,0.0,1,0
OUT_a562a148,1,0,1,0,105822.97,0.0,0.0,999999.0,999999.0,105822.97,0.0,1,0
OUT_a6063a0d,1,0,1,0,93816.72,0.0,0.0,999999.0,999999.0,93816.72,0.0,1,0
OUT_a6e50400,1,0,1,0,82354.14,0.0,0.0,999999.0,999999.0,82354.14,0.0,1,0
OUT_a719dba2,1,0,1,0,86441.03,0.0,0.0,999999.0,999999.0,86441.03,0.0,1,0
OUT_aa3d3380,1,0,1,0,373929.37,0.0,0.0,999999.0,999999.0,373929.37,0.0,1,0
OUT_ad18774d,1,0,1,0,74086.11,0.0,0.0,999999.0,999999.0,74086.11,0.0,1,0
OUT_b84a2a20,1,0,1,0,36863.53,0.0,0.0,999999.0,999999.0,36863.53,0.0,1,0
OUT_b9e92117,1,0,1,0,74671.08,0.0,0.0,999999.0,999999.0,74671.08,0.0,1,0
OUT_ba25fff8,1,0,1,0,151610.33,0.0,0.0,999999.0,999999.0,151610.33,0.0,1,0
OUT_baca9ef4,1,0,1,0,172455.3,0.0,0.0,999999.0,999999.0,172455.3,0.0,1,0
OUT_bbe71cef,1,0,1,0,98330.11,0.0,0.0,999999.0,999999.0,98330.11,0.0,1,0
OUT_bf6bb714,1,0,1,0,179483.52,0.0,0.0,999999.0,999999.0,179483.52,0.0,1,0
OUT_c40944cb,1,0,1,0,83601.33,0.0,0.0,999999.0,999999.0,83601.33,0.0,1,0
OUT_c47d6bfc,1,0,1,0,57209.44,0.0,0.0,999999.0,999999.0,57209.44,0.0,1,0
OUT_c5e8e8c5,1,0,1,0,30941.47,0.0,0.0,999999.0,999999.0,30941.47,0.0,1,0
OUT_cb812544,1,0,1,0,34091.22,0.0,0.0,999999.0,999999.0,34091.22,0.0,1,0
OUT_ce2c5719,1,0,1,0,102330.27,0.0,0.0,999999.0,999999.0,102330.27,0.0,1,0
OUT_cf9b3790,1,0,1,0,50433.87,0.0,0.0,999999.0,999999.0,50433.87,0.0,1,0
OUT_d15bbb2f,1,0,1,0,30073.65,0.0,0.0,999999.0,999999.0,30073.65,0.0,1,0
OUT_d1dbcedb,1,0,1,0,443568.25,0.0,0.0,999999.0,999999.0,443568.25,0.0,1,0
OUT_d1dd9156,1,0,1,0,55715.81,0.0,0.0,999999.0,999999.0,55715.81,0.0,1,0
OUT_d75f0036,1,0,1,0,278207.5,0.0,0.0,999999.0,999999.0,278207.5,0.0,1,0
OUT_db0c46ab,1,0,1,0,57219.47,0.0,0.0,999999.0,999999.0,57219.47,0.0,1,0
OUT_e21fa255,1,0,1,0,81195.74,0.0,0.0,999999.0,999999.0,81195.74,0.0,1,0
OUT_e61a703e,1,0,1,0,30312.52,0.0,0.0,999999.0,999999.0,30312.52,0.0,1,0
OUT_e733ec38,1,0,1,0,129272.57,0.0,0.0,999999.0,999999.0,129272.57,0.0,1,0
OUT_e877cddd,1,0,1,0,53037.84,0.0,0.0,999999.0,999999.0,53037.84,0.0,1,0
OUT_e8c7e792,1,0,1,0,122045.61,0.0,0.0,999999.0,999999.0,122045.61,0.0,1,0
OUT_e9e9bc5a,1,0,1,0,33257.0,0.0,0.0,999999.0,999999.0,33257.0,0.0,1,0
OUT_eb3d4285,1,0,1,0,59512.39,0.0,0.0,999999.0,999999.0,59512.39,0.0,1,0
OUT_ecc471cf,1,0,1,0,36716.36,0.0,0.0,999999.0,999999.0,36716.36,0.0,1,0
OUT_ecdf391e,1,0,1,0,93405.28,0.0,0.0,999999.0,999999.0,93405.28,0.0,1,0
OUT_ed7f0f60,1,0,1,0,118590.2,0.0,0.0,999999.0,999999.0,118590.2,0.0,1,0
OUT_f6f54903,1,0,1,0,51041.04,0.0,0.0,999999.0,999999.0,51041.04,0.0,1,0
OUT_f7c03e1a,1,0,1,0,30903.61,0.0,0.0,999999.0,999999.0,30903.61,0.0,1,0
OUT_f99bb4a8,1,0,1,0,54267.39,0.0,0.0,999999.0,999999.0,54267.39,0.0,1,0
OUT_f9bbc6cf,1,0,1,0,49857.76,0.0,0.0,999999.0,999999.0,49857.76,0.0,1,0
OUT_fcb5d8df,1,0,1,0,85542.77,0.0,0.0,999999.0,999999.0,85542.77,0.0,1,0
OUT_fdc0daa2,1,0,1,0,134382.01,0.0,0.0,999999.0,999999.0,134382.01,0.0,1,0
SRC_006582fc,0,1,0,1,0.0,45915.98,0.0,999999.0,999999.0,0.0,45915.98,0,0
SRC_00bde894,0,1,0,1,0.0,12158.82,0.0,999999.0,999999.0,0.0,12158.82,0,0
SRC_00d3dcbc,0,1,0,1,0.0,25563.49,0.0,999999.0,999999.0,0.0,25563.49,0,0
SRC_00d7c291,0,1,0,1,0.0,39557.22,0.0,999999.0,999999.0,0.0,39557.22,0,0
SRC_013be137,0,1,0,1,0.0,2341.82,0.0,999999.0,999999.0,0.0,2341.82,0,0
SRC_01c4b1c7,0,1,0,1,0.0,14487.43,0.0,999999.0,999999.0,0.0,14487.43,0,0
SRC_01e31f85,0,1,0,1,0.0,47296.21,0.0,999999.0,999999.0,0.0,47296.21,0,0
SRC_01ff512d,0,1,0,1,0.0,1469.7,0.0,999999.0,999999.0,0.0,1469.7,0,0
SRC_02698073,0,1,0,1,0.0,21926.8,0.0,999999.0,999999.0,0.0,21926.8,0,0
SRC_02bafe4e,0,1,0,1,0.0,1873.59,0.0,999999.0,999999.0,0.0,1873.59,0,0
SRC_02c46b6c,0,1,0,1,0.0,39936.82,0.0,999999.0,999999.0,0.0,39936.82,0,0
SRC_02d24d30,0,1,0,1,0.0,45519.9,0.0,999999.0,999999.0,0.0,45519.9,0,0
SRC_03852744,0,1,0,1,0.0,11751.2,0.0,999999.0,999999.0,0.0,11751.2,0,0
SRC_03902cf0,0,1,0,1,0.0,16180.09,0.0,999999.0,999999.0,0.0,16180.09,0,0
SRC_048b4a88,0,1,0,1,0.0,1701.81,0.0,999999.0,999999.0,0.0,1701.81,0,0
SRC_0548fe48,0,1,0,1,0.0,34069.74,0.0,999999.0,999999.0,0.0,34069.74,0,0
SRC_054edd72,0,1,0,1,0.0,44435.25,0.0,999999.0,999999.0,0.0,44435.25,0,0
SRC_05a3a2fa,0,1,0,1,0.0,19282.71,0.0,999999.0,999999.0,0.0,19282.71,0,0
SRC_05a4c950,0,1,0,1,0.0,27506.39,0.0,999999.0,999999.0,0.0,27506.39,0,0
SRC_067e7984,0,1,0,1,0.0,41091.89,0.0,999999.0,999999.0,0.0,41091.89,0,0
SRC_06e9f73c,0,1,0,1,0.0,47511.72,0.0,999999.0,999999.0,0.0,47511.72,0,0
SRC_0724c007,0,1,0,1,0.0,7281.78,0.0,999999.0,999999.0,0.0,7281.78,0,0
SRC_07a0d8b4,0,1,0,1,0.0,46895.09,0.0,999999.0,999999.0,0.0,46895.09,0,0
SRC_08572549,0,1,0,1,0.0,12692.05,0.0,999999.0,999999.0,0.0,12692.05,0,0
SRC_08e18f28,0,1,0,1,0.0,8637.63,0.0,999999.0,999999.0,0.0,8637.63,0,0
SRC_094382d7,0,1,0,1,0.0,15669.04,0.0,999999.0,999999.0,0.0,15669.04,0,0
SRC_09aa40bc,0,1,0,1,0.0,8257.45,0.0,999999.0,999999.0,0.0,8257.45,0,0
SRC_09aacf29,0,1,0,1,0.0,1944.91,0.0,999999.0,999999.0,0.0,1944.91,0,0
SRC_09ed8e63,0,1,0,1,0.0,43819.42,0.0,999999.0,999999.0,0.0,43819.42,0,0
SRC_0a9553bb,0,1,0,1,0.0,22361.54,0.0,999999.0,999999.0,0.0,22361.54,0,0
SRC_0bc280cf,0,1,0,1,0.0,8101.05,0.0,999999.0,999999.0,0.0,8101.05,0,0
SRC_0bff05fb,0,1,0,1,0.0,19756.95,0.0,999999.0,999999.0,0.0,19756.95,0,0
SRC_0d1b8fca,0,1,0,1,0.0,15379.31,0.0,999999.0,999999.0,0.0,15379.31,0,0
SRC_0d345c78,0,1,0,1,0.0,20328.53,0.0,999999.0,999999.0,0.0,20328.53,0,0
SRC_0d44c8e4,0,1,0,1,0.0,11243.13,0.0,999999.0,999999.0,0.0,11243.13,0,0
SRC_0d620647,0,1,0,1,0.0,46629.46,0.0,999999.0,999999.0,0.0,46629.46,0,0
SRC_0e158017,0,1,0,1,0.0,14055.37,0.0,999999.0,999999.0,0.0,14055.37,0,0
SRC_0f4a2abb,0,1,0,1,0.0,10494.35,0.0,999999.0,999999.0,0.0,10494.35,0,0
SRC_0f60ae39,0,1,0,1,0.0,26315.64,0.0,999999.0,999999.0,0.0,26315.64,0,0
SRC_0f7f811e,0,1,0,1,0.0,25452.04,0.0,999999.0,999999.0,0.0,25452.04,0,0
SRC_1075871a,0,1,0,1,0.0,8591.39,0.0,999999.0,999999.0,0.0,8591.39,0,0
SRC_109ab62a,0,1,0,1,0.0,25609.43,0.0,999999.0,999999.0,0.0,25609.43,0,0
SRC_10de71e8,0,1,0,1,0.0,18441.45,0.0,999999.0,999999.0,0.0,18441.45,0,0
SRC_10f079f5,0,1,0,1,0.0,20607.61,0.0,999999.0,999999.0,0.0,20607.61,0,0
SRC_121a57c5,0,1,0,1,0.0,36633.03,0.0,999999.0,999999.0,0.0,36633.03,0,0
SRC_130c4f06,0,1,0,1,0.0,25643.76,0.0,999999.0,999999.0,0.0,25643.76,0,0
SRC_136a4319,0,1,0,1,0.0,35837.32,0.0,999999.0,999999.0,0.0,35837.32,0,0
SRC_1391d686,0,1,0,1,0.0,33477.44,0.0,999999.0,999999.0,0.0,33477.44,0,0
SRC_1485de04,0,1,0,1,0.0,9521.79,0.0,999999.0,999999.0,0.0,9521.79,0,0
SRC_14b501ae,0,1,0,1,0.0,25293.37,0.0,999999.0,999999.0,0.0,25293.37,0,0
SRC_1615a94c,0,1,0,1,0.0,46269.26,0.0,999999.0,999999.0,0.0,46269.26,0,0
SRC_1633eb04,0,1,0,1,0.0,46511.73,0.0,999999.0,999999.0,0.0,46511.73,0,0
SRC_164ccfdc,0,1,0,1,0.0,28223.07,0.0,999999.0,999999.0,0.0,28223.07,0,0
SRC_1668bd53,0,1,0,1,0.0,3723.55,0.0,999999.0,999999.0,0.0,3723.55,0,0
SRC_16ca4ad2,0,1,0,1,0.0,30269.95,0.0,999999.0,999999.0,0.0,30269.95,0,0
SRC_16d17602,0,1,0,1,0.0,34251.96,0.0,999999.0,999999.0,0.0,34251.96,0,0
SRC_17f04ec6,0,1,0,1,0.0,18923.31,0.0,999999.0,999999.0,0.0,18923.31,0,0
SRC_18a431f3,0,1,0,1,0.0,48234.84,0.0,999999.0,999999.0,0.0,48234.84,0,0
SRC_18dd5653,0,1,0,1,0.0,42043.71,0.0,999999.0,999999.0,0.0,42043.71,0,0
SRC_19444d31,0,1,0,1,0.0,8358.81,0.0,999999.0,999999.0,0.0,8358.81,0,0
SRC_198190ac,0,1,0,1,0.0,46390.61,0.0,999999.0,999999.0,0.0,46390.61,0,0
SRC_19c45810,0,1,0,1,0.0,25280.74,0.0,999999.0,999999.0,0.0,25280.74,0,0
SRC_1a11d2ee,0,1,0,1,0.0,36441.14,0.0,999999.0,999999.0,0.0,36441.14,0,0
SRC_1a7b7850,0,1,0,1,0.0,23831.49,0.0,999999.0,999999.0,0.0,23831.49,0,0
SRC_1bbd3faa,0,1,0,1,0.0,16100.27,0.0,999999.0,999999.0,0.0,16100.27,0,0
SRC_1be9b76a,0,1,0,1,0.0,29916.88,0.0,999999.0,999999.0,0.0,29916.88,0,0
SRC_1ccf7189,0,1,0,1,0.0,27325.89,0.0,999999.0,999999.0,0.0,27325.89,0,0
SRC_1dc5f751,0,1,0,1,0.0,44692.17,0.0,999999.0,999999.0,0.0,44692.17,0,0
SRC_1e509a9b,0,1,0,1,0.0,48798.94,0.0,999999.0,999999.0,0.0,48798.94,0,0
SRC_1ec7a0ea,0,1,0,1,0.0,42275.47,0.0,999999.0,999999.0,0.0,42275.47,0,0
SRC_20142893,0,1,0,1,0.0,32213.71,0.0,999999.0,999999.0,0.0,32213.71,0,0
SRC_20169fd6,0,1,0,1,0.0,40803.52,0.0,999999.0,999999.0,0.0,40803.52,0,0
SRC_2074abf5,0,1,0,1,0.0,4979.52,0.0,999999.0,999999.0,0.0,4979.52,0,0
SRC_20bd4a75,0,1,0,1,0.0,36079.64,0.0,999999.0,999999.0,0.0,36079.64,0,0
SRC_2196e6bd,0,1,0,1,0.0,15688.05,0.0,999999.0,999999.0,0.0,15688.05,0,0
SRC_22029d7f,0,1,0,1,0.0,49580.79,0.0,999999.0,999999.0,0.0,49580.79,0,0
SRC_22c87213,0,1,0,1,0.0,44270.68,0.0,999999.0,999999.0,0.0,44270.68,0,0
SRC_22d3b58a,0,1,0,1,0.0,16975.01,0.0,999999.0,999999.0,0.0,16975.01,0,0
SRC_23a52a8a,0,1,0,1,0.0,14049.84,0.0,999999.0,999999.0,0.0,14049.84,0,0
SRC_2539fea2,0,1,0,1,0.0,2171.18,0.0,999999.0,999999.0,0.0,2171.18,0,0
SRC_253ffcdb,0,1,0,1,0.0,36475.68,0.0,999999.0,999999.0,0.0,36475.68,0,0
SRC_2553f5b1,0,1,0,1,0.0,25506.14,0.0,999999.0,999999.0,0.0,25506.14,0,0
SRC_258b5f0d,0,1,0,1,0.0,5549.46,0.0,999999.0,999999.0,0.0,5549.46,0,0
SRC_2670f000,0,1,0,1,0.0,590.58,0.0,999999.0,999999.0,0.0,590.58,0,0
SRC_27f78b83,0,1,0,1,0.0,6682.8,0.0,999999.0,999999.0,0.0,6682.8,0,0
SRC_28a16006,0,1,0,1,0.0,36186.3,0.0,999999.0,999999.0,0.0,36186.3,0,0
SRC_29fbd01e,0,1,0,1,0.0,9527.23,0.0,999999.0,999999.0,0.0,9527.23,0,0
SRC_2a51d702,0,1,0,1,0.0,39899.76,0.0,999999.0,999999.0,0.0,39899.76,0,0
SRC_2aca0397,0,1,0,1,0.0,14656.53,0.0,999999.0,999999.0,0.0,14656.53,0,0
SRC_2ae6bded,0,1,0,1,0.0,5854.73,0.0,999999.0,999999.0,0.0,5854.73,0,0
SRC_2b391364,0,1,0,1,0.0,25417.34,0.0,999999.0,999999.0,0.0,25417.34,0,0
SRC_2c365f6a,0,1,0,1,0.0,4373.88,0.0,999999.0,999999.0,0.0,4373.88,0,0
SRC_2c41e9a0,0,1,0,1,0.0,14395.02,0.0,999999.0,999999.0,0.0,14395.02,0,0
SRC_2c86e139,0,1,0,1,0.0,19672.1,0.0,999999.0,999999.0,0.0,19672.1,0,0
SRC_2d26d4cd,0,1,0,1,0.0,12005.99,0.0,999999.0,999999.0,0.0,12005.99,0,0
SRC_2d7a307c,0,1,0,1,0.0,19266.09,0.0,999999.0,999999.0,0.0,19266.09,0,0
SRC_2d928c62,0,1,0,1,0.0,35538.25,0.0,999999.0,999999.0,0.0,35538.25,0,0
SRC_2de1ed80,0,1,0,1,0.0,43309.01,0.0,999999.0,999999.0,0.0,43309.01,0,0
SRC_2de9072d,0,1,0,1,0.0,16933.84,0.0,999999.0,999999.0,0.0,16933.84,0,0
SRC_2f5e6bd2,0,1,0,1,0.0,41840.09,0.0,999999.0,999999.0,0.0,41840.09,0,0
SRC_2f7922f5,0,1,0,1,0.0,49999.62,0.0,999999.0,999999.0,0.0,49999.62,0,0
SRC_303ace5c,0,1,0,1,0.0,10770.64,0.0,999999.0,999999.0,0.0,10770.64,0,0
SRC_30b630bb,0,1,0,1,0.0,20289.86,0.0,999999.0,999999.0,0.0,20289.86,0,0
SRC_31999aa9,0,1,0,1,0.0,49631.24,0.0,999999.0,999999.0,0.0,49631.24,0,0
SRC_31d6a237,0,1,0,1,0.0,48565.26,0.0,999999.0,999999.0,0.0,48565.26,0,0
SRC_322b836b,0,1,0,1,0.0,14265.55,0.0,999999.0,999999.0,0.0,14265.55,0,0
SRC_330921fe,0,1,0,1,0.0,783.91,0.0,999999.0,999999.0,0.0,783.91,0,0
SRC_343db229,0,1,0,1,0.0,7927.19,0.0,999999.0,999999.0,0.0,7927.19,0,0
SRC_35bf437c,0,1,0,1,0.0,2225.14,0.0,999999.0,999999.0,0.0,2225.14,0,0
SRC_364dd183,0,1,0,1,0.0,44928.24,0.0,999999.0,999999.0,0.0,44928.24,0,0
SRC_36fe06b7,0,1,0,1,0.0,22055.36,0.0,999999.0,999999.0,0.0,22055.36,0,0
SRC_373bd11a,0,1,0,1,0.0,14547.3,0.0,999999.0,999999.0,0.0,14547.3,0,0
SRC_376c246d,0,1,0,1,0.0,5001.04,0.0,999999.0,999999.0,0.0,5001.04,0,0
SRC_37729cdf,0,1,0,1,0.0,36344.94,0.0,999999.0,999999.0,0.0,36344.94,0,0
SRC_37a1fefa,0,1,0,1,0.0,9459.56,0.0,999999.0,999999.0,0.0,9459.56,0,0
SRC_37d8fcdc,0,1,0,1,0.0,36433.67,0.0,999999.0,999999.0,0.0,36433.67,0,0
SRC_38248768,0,1,0,1,0.0,1748.49,0.0,999999.0,999999.0,0.0,1748.49,0,0
SRC_3894829a,0,1,0,1,0.0,23159.12,0.0,999999.0,999999.0,0.0,23159.12,0,0
SRC_39867e84,0,1,0,1,0.0,3385.11,0.0,999999.0,999999.0,0.0,3385.11,0,0
SRC_39bdd8ec,0,1,0,1,0.0,32230.53,0.0,999999.0,999999.0,0.0,32230.53,0,0
SRC_3a2a9d5a,0,1,0,1,0.0,6820.19,0.0,999999.0,999999.0,0.0,6820.19,0,0
SRC_3b446897,0,1,0,1,0.0,45386.48,0.0,999999.0,999999.0,0.0,45386.48,0,0
SRC_3ba5677d,0,1,0,1,0.0,48440.31,0.0,999999.0,999999.0,0.0,48440.31,0,0
SRC_3d087b93,0,1,0,1,0.0,18720.04,0.0,999999.0,999999.0,0.0,18720.04,0,0
SRC_3d46b5e8,0,1,0,1,0.0,45915.98,0.0,999999.0,999999.0,0.0,45915.98,0,0
SRC_3dd9bd9b,0,1,0,1,0.0,40860.82,0.0,999999.0,999999.0,0.0,40860.82,0,0
SRC_3e0a9a92,0,1,0,1,0.0,26487.1,0.0,999999.0,999999.0,0.0,26487.1,0,0
SRC_3eaf989f,0,1,0,1,0.0,20227.67,0.0,999999.0,999999.0,0.0,20227.67,0,0
SRC_3ed80948,0,1,0,1,0.0,22393.54,0.0,999999.0,999999.0,0.0,22393.54,0,0
SRC_3f0a1ea7,0,1,0,1,0.0,6774.87,0.0,999999.0,999999.0,0.0,6774.87,0,0
SRC_3f49bfe3,0,1,0,1,0.0,37370.23,0.0,999999.0,999999.0,0.0,37370.23,0,0
SRC_3fc19771,0,1,0,1,0.0,7133.87,0.0,999999.0,999999.0,0.0,7133.87,0,0
SRC_40244546,0,1,0,1,0.0,3624.04,0.0,999999.0,999999.0,0.0,3624.04,0,0
SRC_4034e827,0,1,0,1,0.0,40509.76,0.0,999999.0,999999.0,0.0,40509.76,0,0
SRC_40783e75,0,1,0,1,0.0,11232.78,0.0,999999.0,999999.0,0.0,11232.78,0,0
SRC_414a0987,0,1,0,1,0.0,551.68,0.0,999999.0,999999.0,0.0,551.68,0,0
SRC_42185638,0,1,0,1,0.0,34390.99,0.0,999999.0,999999.0,0.0,34390.99,0,0
SRC_42f2a574,0,1,0,1,0.0,37089.87,0.0,999999.0,999999.0,0.0,37089.87,0,0
SRC_442680b8,0,1,0,1,0.0,22340.79,0.0,999999.0,999999.0,0.0,22340.79,0,0
SRC_44a45051,0,1,0,1,0.0,37909.19,0.0,999999.0,999999.0,0.0,37909.19,0,0
SRC_44a48866,0,1,0,1,0.0,4462.53,0.0,999999.0,999999.0,0.0,4462.53,0,0
SRC_44bf8537,0,1,0,1,0.0,33005.05,0.0,999999.0,999999.0,0.0,33005.05,0,0
SRC_458d1dc5,0,1,0,1,0.0,6896.35,0.0,999999.0,999999.0,0.0,6896.35,0,0
SRC_45f6e556,0,1,0,1,0.0,48099.09,0.0,999999.0,999999.0,0.0,48099.09,0,0
SRC_460c9035,0,1,0,1,0.0,20079.58,0.0,999999.0,999999.0,0.0,20079.58,0,0
SRC_461b8e8c,0,1,0,1,0.0,49846.16,0.0,999999.0,999999.0,0.0,49846.16,0,0
SRC_46b66ba3,0,1,0,1,0.0,4440.96,0.0,999999.0,999999.0,0.0,4440.96,0,0
SRC_4809a884,0,1,0,1,0.0,30270.82,0.0,999999.0,999999.0,0.0,30270.82,0,0
SRC_481f0bf3,0,1,0,1,0.0,7827.9,0.0,999999.0,999999.0,0.0,7827.9,0,0
SRC_489991a3,0,1,0,1,0.0,26769.47,0.0,999999.0,999999.0,0.0,26769.47,0,0
SRC_48f22a8a,0,1,0,1,0.0,43791.93,0.0,999999.0,999999.0,0.0,43791.93,0,0
SRC_492b928d,0,1,0,1,0.0,49628.11,0.0,999999.0,999999.0,0.0,49628.11,0,0
SRC_4bd6ec7c,0,1,0,1,0.0,13307.77,0.0,999999.0,999999.0,0.0,13307.77,0,0
SRC_4bdaa4fd,0,1,0,1,0.0,4207.07,0.0,999999.0,999999.0,0.0,4207.07,0,0
SRC_4bece941,0,1,0,1,0.0,34784.16,0.0,999999.0,999999.0,0.0,34784.16,0,0
SRC_4c1acf31,0,1,0,1,0.0,6664.96,0.0,999999.0,999999.0,0.0,6664.96,0,0
SRC_4c615f3c,0,1,0,1,0.0,11913.24,0.0,999999.0,999999.0,0.0,11913.24,0,0
SRC_4c9e3433,0,1,0,1,0.0,10788.3,0.0,999999.0,999999.0,0.0,10788.3,0,0
SRC_4ca3164f,0,1,0,1,0.0,12733.41,0.0,999999.0,999999.0,0.0,12733.41,0,0
SRC_4d04561b,0,1,0,1,0.0,14243.95,0.0,999999.0,999999.0,0.0,14243.95,0,0
SRC_4d380da8,0,1,0,1,0.0,9772.12,0.0,999999.0,999999.0,0.0,9772.12,0,0
SRC_4d7442cb,0,1,0,1,0.0,43193.81,0.0,999999.0,999999.0,0.0,43193.81,0,0
SRC_4d8e4655,0,1,0,1,0.0,19901.34,0.0,999999.0,999999.0,0.0,19901.34,0,0
SRC_4de857ae,0,1,0,1,0.0,23621.24,0.0,999999.0,999999.0,0.0,23621.24,0,0
SRC_4e02bf63,0,1,0,1,0.0,37650.34,0.0,999999.0,999999.0,0.0,37650.34,0,0
SRC_4e3cbc18,0,1,0,1,0.0,42632.81,0.0,999999.0,999999.0,0.0,42632.81,0,0
SRC_4ee29bc4,0,1,0,1,0.0,46053.14,0.0,999999.0,999999.0,0.0,46053.14,0,0
SRC_4fabf173,0,1,0,1,0.0,19009.75,0.0,999999.0,999999.0,0.0,19009.75,0,0
SRC_51a928df,0,1,0,1,0.0,12880.76,0.0,999999.0,999999.0,0.0,12880.76,0,0
SRC_536c336a,0,1,0,1,0.0,43694.43,0.0,999999.0,999999.0,0.0,43694.43,0,0
SRC_53d56806,0,1,0,1,0.0,39538.04,0.0,999999.0,999999.0,0.0,39538.04,0,0
SRC_53e188df,0,1,0,1,0.0,10639.78,0.0,999999.0,999999.0,0.0,10639.78,0,0
SRC_54499e5f,0,1,0,1,0.0,37239.55,0.0,999999.0,999999.0,0.0,37239.55,0,0
SRC_54710928,0,1,0,1,0.0,38452.77,0.0,999999.0,999999.0,0.0,38452.77,0,0
SRC_55515171,0,1,0,1,0.0,3898.2,0.0,999999.0,999999.0,0.0,3898.2,0,0
SRC_56c3cf2e,0,1,0,1,0.0,46233.15,0.0,999999.0,999999.0,0.0,46233.15,0,0
SRC_56cb3ba0,0,1,0,1,0.0,17610.44,0.0,999999.0,999999.0,0.0,17610.44,0,0
SRC_58295643,0,1,0,1,0.0,18839.98,0.0,999999.0,999999.0,0.0,18839.98,0,0
SRC_5842789f,0,1,0,1,0.0,33871.81,0.0,999999.0,999999.0,0.0,33871.81,0,0
SRC_584d6965,0,1,0,1,0.0,28644.45,0.0,999999.0,999999.0,0.0,28644.45,0,0
SRC_58701ca3,0,1,0,1,0.0,48639.06,0.0,999999.0,999999.0,0.0,48639.06,0,0
SRC_58dbd801,0,1,0,1,0.0,26010.75,0.0,999999.0,999999.0,0.0,26010.75,0,0
SRC_5ab712fa,0,1,0,1,0.0,29125.14,0.0,999999.0,999999.0,0.0,29125.14,0,0
SRC_5adc240c,0,1,0,1,0.0,16231.08,0.0,999999.0,999999.0,0.0,16231.08,0,0
SRC_5afa4022,0,1,0,1,0.0,21366.94,0.0,999999.0,999999.0,0.0,21366.94,0,0
SRC_5b2e603f,0,1,0,1,0.0,22295.39,0.0,999999.0,999999.0,0.0,22295.39,0,0
SRC_5bd234dc,0,1,0,1,0.0,47832.4,0.0,999999.0,999999.0,0.0,47832.4,0,0
SRC_5c1d37a5,0,1,0,1,0.0,5188.69,0.0,999999.0,999999.0,0.0,5188.69,0,0
SRC_5c2b36b1,0,1,0,1,0.0,35943.7,0.0,999999.0,999999.0,0.0,35943.7,0,0
SRC_5cbeabf3,0,1,0,1,0.0,29208.51,0.0,999999.0,999999.0,0.0,29208.51,0,0
SRC_5cc3a0a6,0,1,0,1,0.0,46920.12,0.0,999999.0,999999.0,0.0,46920.12,0,0
SRC_5d2e85ae,0,1,0,1,0.0,2561.2,0.0,999999.0,999999.0,0.0,2561.2,0,0
SRC_5d5fcbdb,0,1,0,1,0.0,24888.25,0.0,999999.0,999999.0,0.0,24888.25,0,0
SRC_5de8d792,0,1,0,1,0.0,5040.6,0.0,999999.0,999999.0,0.0,5040.6,0,0
SRC_5e5e7047,0,1,0,1,0.0,48960.61,0.0,999999.0,999999.0,0.0,48960.61,0,0
SRC_5f089ed0,0,1,0,1,0.0,11024.8,0.0,999999.0,999999.0,0.0,11024.8,0,0
SRC_5f216aae,0,1,0,1,0.0,47791.07,0.0,999999.0,999999.0,0.0,47791.07,0,0
SRC_5fa47437,0,1,0,1,0.0,37813.78,0.0,999999.0,999999.0,0.0,37813.78,0,0
SRC_5ff464c1,0,1,0,1,0.0,7991.26,0.0,999999.0,999999.0,0.0,7991.26,0,0
SRC_6151a9ea,0,1,0,1,0.0,2884.82,0.0,999999.0,999999.0,0.0,2884.82,0,0
SRC_622e77b0,0,1,0,1,0.0,4794.83,0.0,999999.0,999999.0,0.0,4794.83,0,0
SRC_62b9d077,0,1,0,1,0.0,6743.35,0.0,999999.0,999999.0,0.0,6743.35,0,0
SRC_62f17180,0,1,0,1,0.0,16059.49,0.0,999999.0,999999.0,0.0,16059.49,0,0
SRC_62f6242c,0,1,0,1,0.0,28165.81,0.0,999999.0,999999.0,0.0,28165.81,0,0
SRC_6373b6fd,0,1,0,1,0.0,19684.0,0.0,999999.0,999999.0,0.0,19684.0,0,0
SRC_63f1bc0d,0,1,0,1,0.0,40277.37,0.0,999999.0,999999.0,0.0,40277.37,0,0
SRC_6412b6c7,0,1,0,1,0.0,5115.67,0.0,999999.0,999999.0,0.0,5115.67,0,0
SRC_657b8db1,0,1,0,1,0.0,8590.95,0.0,999999.0,999999.0,0.0,8590.95,0,0
SRC_666871fc,0,1,0,1,0.0,23751.03,0.0,999999.0,999999.0,0.0,23751.03,0,0
SRC_66c4354e,0,1,0,1,0.0,2601.28,0.0,999999.0,999999.0,0.0,2601.28,0,0
SRC_66cc7d0e,0,1,0,1,0.0,41897.2,0.0,999999.0,999999.0,0.0,41897.2,0,0
SRC_66d8cb07,0,1,0,1,0.0,12739.4,0.0,999999.0,999999.0,0.0,12739.4,0,0
SRC_67541d6d,0,1,0,1,0.0,32997.26,0.0,999999.0,999999.0,0.0,32997.26,0,0
SRC_678036c9,0,1,0,1,0.0,15848.14,0.0,999999.0,999999.0,0.0,15848.14,0,0
SRC_67dd34ab,0,1,0,1,0.0,18619.61,0.0,999999.0,999999.0,0.0,18619.61,0,0
SRC_67dea8d3,0,1,0,1,0.0,8770.41,0.0,999999.0,999999.0,0.0,8770.41,0,0
SRC_684a6612,0,1,0,1,0.0,42009.44,0.0,999999.0,999999.0,0.0,42009.44,0,0
SRC_68ca9a9c,0,1,0,1,0.0,25932.12,0.0,999999.0,999999.0,0.0,25932.12,0,0
SRC_68f28c8a,0,1,0,1,0.0,9783.85,0.0,999999.0,999999.0,0.0,9783.85,0,0
SRC_69913ae5,0,1,0,1,0.0,14072.67,0.0,999999.0,999999.0,0.0,14072.67,0,0
SRC_69e70ac8,0,1,0,1,0.0,20163.93,0.0,999999.0,999999.0,0.0,20163.93,0,0
SRC_6a576f0f,0,1,0,1,0.0,5979.29,0.0,999999.0,999999.0,0.0,5979.29,0,0
SRC_6aaccd35,0,1,0,1,0.0,10030.25,0.0,999999.0,999999.0,0.0,10030.25,0,0
SRC_6b8447da,0,1,0,1,0.0,7143.75,0.0,999999.0,999999.0,0.0,7143.75,0,0
SRC_6b88e47e,0,1,0,1,0.0,26744.59,0.0,999999.0,999999.0,0.0,26744.59,0,0
SRC_6c9b4077,0,1,0,1,0.0,25152.24,0.0,999999.0,999999.0,0.0,25152.24,0,0
SRC_6dc5d037,0,1,0,1,0.0,21014.5,0.0,999999.0,999999.0,0.0,21014.5,0,0
SRC_6f052628,0,1,0,1,0.0,17672.78,0.0,999999.0,999999.0,0.0,17672.78,0,0
SRC_6fa1df17,0,1,0,1,0.0,13443.81,0.0,999999.0,999999.0,0.0,13443.81,0,0
SRC_6fad2848,0,1,0,1,0.0,31755.86,0.0,999999.0,999999.0,0.0,31755.86,0,0
SRC_6fbc1dad,0,1,0,1,0.0,8989.63,0.0,999999.0,999999.0,0.0,8989.63,0,0
SRC_7072f02d,0,1,0,1,0.0,20169.44,0.0,999999.0,999999.0,0.0,20169.44,0,0
SRC_72f49681,0,1,0,1,0.0,4063.48,0.0,999999.0,999999.0,0.0,4063.48,0,0
SRC_7326c4e4,0,1,0,1,0.0,10737.94,0.0,999999.0,999999.0,0.0,10737.94,0,0
SRC_7328c44a,0,1,0,1,0.0,33198.51,0.0,999999.0,999999.0,0.0,33198.51,0,0
SRC_7380a127,0,1,0,1,0.0,8221.98,0.0,999999.0,999999.0,0.0,8221.98,0,0
SRC_75709771,0,1,0,1,0.0,39962.31,0.0,999999.0,999999.0,0.0,39962.31,0,0
SRC_760478d8,0,1,0,1,0.0,12441.5,0.0,999999.0,999999.0,0.0,12441.5,0,0
SRC_7671a2c7,0,1,0,1,0.0,22078.26,0.0,999999.0,999999.0,0.0,22078.26,0,0
SRC_76ba7dda,0,1,0,1,0.0,42334.66,0.0,999999.0,999999.0,0.0,42334.66,0,0
SRC_77800108,0,1,0,1,0.0,26108.17,0.0,999999.0,999999.0,0.0,26108.17,0,0
SRC_77b6d902,0,1,0,1,0.0,27729.03,0.0,999999.0,999999.0,0.0,27729.03,0,0
SRC_77e93fa0,0,1,0,1,0.0,23369.56,0.0,999999.0,999999.0,0.0,23369.56,0,0
SRC_78cdd3a9,0,1,0,1,0.0,16289.49,0.0,999999.0,999999.0,0.0,16289.49,0,0
SRC_79f4a5be,0,1,0,1,0.0,46442.06,0.0,999999.0,999999.0,0.0,46442.06,0,0
SRC_7a3f2900,0,1,0,1,0.0,48217.26,0.0,999999.0,999999.0,0.0,48217.26,0,0
SRC_7a5b9cee,0,1,0,1,0.0,22981.64,0.0,999999.0,999999.0,0.0,22981.64,0,0
SRC_7a7cf247,0,1,0,1,0.0,7208.4,0.0,999999.0,999999.0,0.0,7208.4,0,0
SRC_7abb32c6,0,1,0,1,0.0,22288.47,0.0,999999.0,999999.0,0.0,22288.47,0,0
SRC_7adc1036,0,1,0,1,0.0,30523.25,0.0,999999.0,999999.0,0.0,30523.25,0,0
SRC_7b53ac6e,0,1,0,1,0.0,17027.62,0.0,999999.0,999999.0,0.0,17027.62,0,0
SRC_7b5a9bf4,0,1,0,1,0.0,10430.75,0.0,999999.0,999999.0,0.0,10430.75,0,0
SRC_7c17a742,0,1,0,1,0.0,40693.5,0.0,999999.0,999999.0,0.0,40693.5,0,0
SRC_7d118583,0,1,0,1,0.0,34903.28,0.0,999999.0,999999.0,0.0,34903.28,0,0
SRC_7e787f8c,0,1,0,1,0.0,2196.98,0.0,999999.0,999999.0,0.0,2196.98,0,0
SRC_7f50dd77,0,1,0,1,0.0,31044.82,0.0,999999.0,999999.0,0.0,31044.82,0,0
SRC_7fb48bda,0,1,0,1,0.0,34887.83,0.0,999999.0,999999.0,0.0,34887.83,0,0
SRC_8127b550,0,1,0,1,0.0,20126.67,0.0,999999.0,999999.0,0.0,20126.67,0,0
SRC_817c2358,0,1,0,1,0.0,2801.78,0.0,999999.0,999999.0,0.0,2801.78,0,0
SRC_8180c765,0,1,0,1,0.0,18731.87,0.0,999999.0,999999.0,0.0,18731.87,0,0
SRC_8220bf28,0,1,0,1,0.0,35770.53,0.0,999999.0,999999.0,0.0,35770.53,0,0
SRC_83535c85,0,1,0,1,0.0,42910.39,0.0,999999.0,999999.0,0.0,42910.39,0,0
SRC_84174cde,0,1,0,1,0.0,41902.76,0.0,999999.0,999999.0,0.0,41902.76,0,0
SRC_842fe995,0,1,0,1,0.0,5861.46,0.0,999999.0,999999.0,0.0,5861.46,0,0
SRC_8471b720,0,1,0,1,0.0,31246.96,0.0,999999.0,999999.0,0.0,31246.96,0,0
SRC_84effc8d,0,1,0,1,0.0,27530.71,0.0,999999.0,999999.0,0.0,27530.71,0,0
SRC_84f61fe9,0,1,0,1,0.0,31773.54,0.0,999999.0,999999.0,0.0,31773.54,0,0
SRC_8506d13c,0,1,0,1,0.0,40462.43,0.0,999999.0,999999.0,0.0,40462.43,0,0
SRC_8512bb9c,0,1,0,1,0.0,12374.26,0.0,999999.0,999999.0,0.0,12374.26,0,0
SRC_852899fc,0,1,0,1,0.0,14605.21,0.0,999999.0,999999.0,0.0,14605.21,0,0
SRC_85477ec7,0,1,0,1,0.0,5798.08,0.0,999999.0,999999.0,0.0,5798.08,0,0
SRC_859d24e2,0,1,0,1,0.0,37424.49,0.0,999999.0,999999.0,0.0,37424.49,0,0
SRC_8630ecf4,0,1,0,1,0.0,41828.73,0.0,999999.0,999999.0,0.0,41828.73,0,0
SRC_86f945c5,0,1,0,1,0.0,1831.72,0.0,999999.0,999999.0,0.0,1831.72,0,0
SRC_87cae05f,0,1,0,1,0.0,34342.27,0.0,999999.0,999999.0,0.0,34342.27,0,0
SRC_88d1283d,0,1,0,1,0.0,10197.78,0.0,999999.0,999999.0,0.0,10197.78,0,0
SRC_89083134,0,1,0,1,0.0,19474.29,0.0,999999.0,999999.0,0.0,19474.29,0,0
SRC_89f23a6e,0,1,0,1,0.0,30184.98,0.0,999999.0,999999.0,0.0,30184.98,0,0
SRC_8a7c3170,0,1,0,1,0.0,11194.35,0.0,999999.0,999999.0,0.0,11194.35,0,0
SRC_8af60141,0,1,0,1,0.0,25144.99,0.0,999999.0,999999.0,0.0,25144.99,0,0
SRC_8b8224c4,0,1,0,1,0.0,3640.83,0.0,999999.0,999999.0,0.0,3640.83,0,0
SRC_8b901ab5,0,1,0,1,0.0,3753.63,0.0,999999.0,999999.0,0.0,3753.63,0,0
SRC_8b9571bb,0,1,0,1,0.0,49376.75,0.0,999999.0,999999.0,0.0,49376.75,0,0
SRC_8d1ab4e6,0,1,0,1,0.0,43227.28,0.0,999999.0,999999.0,0.0,43227.28,0,0
SRC_8f823610,0,1,0,1,0.0,2664.6,0.0,999999.0,999999.0,0.0,2664.6,0,0
SRC_8feebea7,0,1,0,1,0.0,14714.85,0.0,999999.0,999999.0,0.0,14714.85,0,0
SRC_91714205,0,1,0,1,0.0,4537.03,0.0,999999.0,999999.0,0.0,4537.03,0,0
SRC_91c5c0dd,0,1,0,1,0.0,20085.14,0.0,999999.0,999999.0,0.0,20085.14,0,0
SRC_938ea34f,0,1,0,1,0.0,47169.24,0.0,999999.0,999999.0,0.0,47169.24,0,0
SRC_93b222cb,0,1,0,1,0.0,27486.07,0.0,999999.0,999999.0,0.0,27486.07,0,0
SRC_941d86d4,0,1,0,1,0.0,28874.57,0.0,999999.0,999999.0,0.0,28874.57,0,0
SRC_943ad158,0,1,0,1,0.0,1377.03,0.0,999999.0,999999.0,0.0,1377.03,0,0
SRC_94aefe23,0,1,0,1,0.0,2851.13,0.0,999999.0,999999.0,0.0,2851.13,0,0
SRC_94b104d0,0,1,0,1,0.0,30179.33,0.0,999999.0,999999.0,0.0,30179.33,0,0
SRC_972dcf9a,0,1,0,1,0.0,43234.94,0.0,999999.0,999999.0,0.0,43234.94,0,0
SRC_975ff52e,0,1,0,1,0.0,32520.86,0.0,999999.0,999999.0,0.0,32520.86,0,0
SRC_978d072d,0,1,0,1,0.0,3842.03,0.0,999999.0,999999.0,0.0,3842.03,0,0
SRC_97d9647a,0,1,0,1,0.0,43489.28,0.0,999999.0,999999.0,0.0,43489.28,0,0
SRC_990945ff,0,1,0,1,0.0,13824.73,0.0,999999.0,999999.0,0.0,13824.73,0,0
SRC_997f6bc9,0,1,0,1,0.0,6326.08,0.0,999999.0,999999.0,0.0,6326.08,0,0
SRC_9a20a758,0,1,0,1,0.0,13670.33,0.0,999999.0,999999.0,0.0,13670.33,0,0
SRC_9a4a8c20,0,1,0,1,0.0,38917.19,0.0,999999.0,999999.0,0.0,38917.19,0,0
SRC_9ae99fdb,0,1,0,1,0.0,27334.72,0.0,999999.0,999999.0,0.0,27334.72,0,0
SRC_9b6367a4,0,1,0,1,0.0,9131.41,0.0,999999.0,999999.0,0.0,9131.41,0,0
SRC_9b8ae3f9,0,1,0,1,0.0,4106.34,0.0,999999.0,999999.0,0.0,4106.34,0,0
SRC_9bcbef1f,0,1,0,1,0.0,30802.57,0.0,999999.0,999999.0,0.0,30802.57,0,0
SRC_9d1a482d,0,1,0,1,0.0,27952.63,0.0,999999.0,999999.0,0.0,27952.63,0,0
SRC_9d29663e,0,1,0,1,0.0,2772.22,0.0,999999.0,999999.0,0.0,2772.22,0,0
SRC_9d5e4b46,0,1,0,1,0.0,36504.7,0.0,999999.0,999999.0,0.0,36504.7,0,0
SRC_9e820bc6,0,1,0,1,0.0,14683.76,0.0,999999.0,999999.0,0.0,14683.76,0,0
SRC_9e938368,0,1,0,1,0.0,22760.44,0.0,999999.0,999999.0,0.0,22760.44,0,0
SRC_9ea1be8c,0,1,0,1,0.0,41499.97,0.0,999999.0,999999.0,0.0,41499.97,0,0
SRC_9ee1c0c6,0,1,0,1,0.0,40749.8,0.0,999999.0,999999.0,0.0,40749.8,0,0
SRC_9fd0e9b0,0,1,0,1,0.0,23917.53,0.0,999999.0,999999.0,0.0,23917.53,0,0
SRC_a1357661,0,1,0,1,0.0,11184.99,0.0,999999.0,999999.0,0.0,11184.99,0,0
SRC_a224ab4e,0,1,0,1,0.0,6276.11,0.0,999999.0,999999.0,0.0,6276.11,0,0
SRC_a27f5daa,0,1,0,1,0.0,18451.61,0.0,999999.0,999999.0,0.0,18451.61,0,0
SRC_a2a07c1e,0,1,0,1,0.0,35577.49,0.0,999999.0,999999.0,0.0,35577.49,0,0
SRC_a2d036a0,0,1,0,1,0.0,45529.46,0.0,999999.0,999999.0,0.0,45529.46,0,0
SRC_a3862d84,0,1,0,1,0.0,8919.7,0.0,999999.0,999999.0,0.0,8919.7,0,0
SRC_a3f57fa6,0,1,0,1,0.0,42756.65,0.0,999999.0,999999.0,0.0,42756.65,0,0
SRC_a522f460,0,1,0,1,0.0,38983.24,0.0,999999.0,999999.0,0.0,38983.24,0,0
SRC_a55c11dd,0,1,0,1,0.0,980.66,0.0,999999.0,999999.0,0.0,980.66,0,0
SRC_a61f1886,0,1,0,1,0.0,41794.48,0.0,999999.0,999999.0,0.0,41794.48,0,0
SRC_a64dc7ba,0,1,0,1,0.0,21038.3,0.0,999999.0,999999.0,0.0,21038.3,0,0
SRC_a673216f,0,1,0,1,0.0,45380.2,0.0,999999.0,999999.0,0.0,45380.2,0,0
SRC_a6a5e8fc,0,1,0,1,0.0,30748.97,0.0,999999.0,999999.0,0.0,30748.97,0,0
SRC_a6ac2de3,0,1,0,1,0.0,43498.5,0.0,999999.0,999999.0,0.0,43498.5,0,0
SRC_a6bb8486,0,1,0,1,0.0,8775.94,0.0,999999.0,999999.0,0.0,8775.94,0,0
SRC_a76e6896,0,1,0,1,0.0,42576.53,0.0,999999.0,999999.0,0.0,42576.53,0,0
SRC_a7c688b0,0,1,0,1,0.0,11166.68,0.0,999999.0,999999.0,0.0,11166.68,0,0
SRC_aa87d5b3,0,1,0,1,0.0,21708.99,0.0,999999.0,999999.0,0.0,21708.99,0,0
SRC_ab10713a,0,1,0,1,0.0,28803.49,0.0,999999.0,999999.0,0.0,28803.49,0,0
SRC_aba3161c,0,1,0,1,0.0,30599.1,0.0,999999.0,999999.0,0.0,30599.1,0,0
SRC_aba6a7d7,0,1,0,1,0.0,14717.44,0.0,999999.0,999999.0,0.0,14717.44,0,0
SRC_ac5ca04b,0,1,0,1,0.0,18265.93,0.0,999999.0,999999.0,0.0,18265.93,0,0
SRC_ac8dcba9,0,1,0,1,0.0,16850.81,0.0,999999.0,999999.0,0.0,16850.81,0,0
SRC_ac9a6723,0,1,0,1,0.0,35075.79,0.0,999999.0,999999.0,0.0,35075.79,0,0
SRC_ac9b954d,0,1,0,1,0.0,2344.17,0.0,999999.0,999999.0,0.0,2344.17,0,0
SRC_ae952d99,0,1,0,1,0.0,3016.68,0.0,999999.0,999999.0,0.0,3016.68,0,0
SRC_afeb106a,0,1,0,1,0.0,8807.33,0.0,999999.0,999999.0,0.0,8807.33,0,0
SRC_b0223603,0,1,0,1,0.0,23832.03,0.0,999999.0,999999.0,0.0,23832.03,0,0
SRC_b04689c1,0,1,0,1,0.0,23399.52,0.0,999999.0,999999.0,0.0,23399.52,0,0
SRC_b0a05421,0,1,0,1,0.0,23129.84,0.0,999999.0,999999.0,0.0,23129.84,0,0
SRC_b2323e16,0,1,0,1,0.0,18882.6,0.0,999999.0,999999.0,0.0,18882.6,0,0
SRC_b25a31c4,0,1,0,1,0.0,7071.79,0.0,999999.0,999999.0,0.0,7071.79,0,0
SRC_b2b8d888,0,1,0,1,0.0,18222.42,0.0,999999.0,999999.0,0.0,18222.42,0,0
SRC_b2cb5040,0,1,0,1,0.0,40362.71,0.0,999999.0,999999.0,0.0,40362.71,0,0
SRC_b33ead22,0,1,0,1,0.0,24207.68,0.0,999999.0,999999.0,0.0,24207.68,0,0
SRC_b3825391,0,1,0,1,0.0,31013.87,0.0,999999.0,999999.0,0.0,31013.87,0,0
SRC_b406c2c6,0,1,0,1,0.0,4549.09,0.0,999999.0,999999.0,0.0,4549.09,0,0
SRC_b409a5ef,0,1,0,1,0.0,48500.8,0.0,999999.0,999999.0,0.0,48500.8,0,0
SRC_b5ed1a60,0,1,0,1,0.0,10829.35,0.0,999999.0,999999.0,0.0,10829.35,0,0
SRC_b6b7a4ff,0,1,0,1,0.0,31430.84,0.0,999999.0,999999.0,0.0,31430.84,0,0
SRC_b72b45f0,0,1,0,1,0.0,19882.34,0.0,999999.0,999999.0,0.0,19882.34,0,0
SRC_b78ac4e3,0,1,0,1,0.0,18597.03,0.0,999999.0,999999.0,0.0,18597.03,0,0
SRC_b7d9e83c,0,1,0,1,0.0,25839.37,0.0,999999.0,999999.0,0.0,25839.37,0,0
SRC_b8796dd1,0,1,0,1,0.0,4407.4,0.0,999999.0,999999.0,0.0,4407.4,0,0
SRC_b8ba8f14,0,1,0,1,0.0,8875.76,0.0,999999.0,999999.0,0.0,8875.76,0,0
SRC_b8e66f2f,0,1,0,1,0.0,49121.27,0.0,999999.0,999999.0,0.0,49121.27,0,0
SRC_ba3321f7,0,1,0,1,0.0,35092.78,0.0,999999.0,999999.0,0.0,35092.78,0,0
SRC_ba6b4647,0,1,0,1,0.0,47584.07,0.0,999999.0,999999.0,0.0,47584.07,0,0
SRC_bb0f0254,0,1,0,1,0.0,46859.19,0.0,999999.0,999999.0,0.0,46859.19,0,0
SRC_bb5ecc04,0,1,0,1,0.0,19802.34,0.0,999999.0,999999.0,0.0,19802.34,0,0
SRC_bcd01ad0,0,1,0,1,0.0,7450.92,0.0,999999.0,999999.0,0.0,7450.92,0,0
SRC_bd7fa1f4,0,1,0,1,0.0,39121.54,0.0,999999.0,999999.0,0.0,39121.54,0,0
SRC_bde59e85,0,1,0,1,0.0,22723.13,0.0,999999.0,999999.0,0.0,22723.13,0,0
SRC_bec04ae1,0,1,0,1,0.0,15891.0,0.0,999999.0,999999.0,0.0,15891.0,0,0
SRC_bfcec68e,0,1,0,1,0.0,10770.19,0.0,999999.0,999999.0,0.0,10770.19,0,0
SRC_c218a6aa,0,1,0,1,0.0,7475.67,0.0,999999.0,999999.0,0.0,7475.67,0,0
SRC_c2eb9870,0,1,0,1,0.0,41900.04,0.0,999999.0,999999.0,0.0,41900.04,0,0
SRC_c3337a0e,0,1,0,1,0.0,39477.02,0.0,999999.0,999999.0,0.0,39477.02,0,0
SRC_c3487d61,0,1,0,1,0.0,20571.11,0.0,999999.0,999999.0,0.0,20571.11,0,0
SRC_c395c0c5,0,1,0,1,0.0,38835.93,0.0,999999.0,999999.0,0.0,38835.93,0,0
SRC_c399f08c,0,1,0,1,0.0,22747.79,0.0,999999.0,999999.0,0.0,22747.79,0,0
SRC_c3be5916,0,1,0,1,0.0,15417.27,0.0,999999.0,999999.0,0.0,15417.27,0,0
SRC_c46587b6,0,1,0,1,0.0,15805.28,0.0,999999.0,999999.0,0.0,15805.28,0,0
SRC_c4a92f77,0,1,0,1,0.0,33187.74,0.0,999999.0,999999.0,0.0,33187.74,0,0
SRC_c58877ad,0,1,0,1,0.0,28516.67,0.0,999999.0,999999.0,0.0,28516.67,0,0
SRC_c6a8e572,0,1,0,1,0.0,20047.75,0.0,999999.0,999999.0,0.0,20047.75,0,0
SRC_c6eb87ae,0,1,0,1,0.0,28991.53,0.0,999999.0,999999.0,0.0,28991.53,0,0
SRC_c6efed70,0,1,0,1,0.0,6464.97,0.0,999999.0,999999.0,0.0,6464.97,0,0
SRC_c6f2b7af,0,1,0,1,0.0,44655.32,0.0,999999.0,999999.0,0.0,44655.32,0,0
SRC_c7b463a1,0,1,0,1,0.0,34038.5,0.0,999999.0,999999.0,0.0,34038.5,0,0
SRC_c86be134,0,1,0,1,0.0,44927.74,0.0,999999.0,999999.0,0.0,44927.74,0,0
SRC_c8ed482a,0,1,0,1,0.0,38753.04,0.0,999999.0,999999.0,0.0,38753.04,0,0
SRC_ca34a622,0,1,0,1,0.0,14642.36,0.0,999999.0,999999.0,0.0,14642.36,0,0
SRC_ca3f66da,0,1,0,1,0.0,34309.77,0.0,999999.0,999999.0,0.0,34309.77,0,0
SRC_cb3522ef,0,1,0,1,0.0,38987.54,0.0,999999.0,999999.0,0.0,38987.54,0,0
SRC_cb3bf806,0,1,0,1,0.0,29386.98,0.0,999999.0,999999.0,0.0,29386.98,0,0
SRC_cc538384,0,1,0,1,0.0,21730.14,0.0,999999.0,999999.0,0.0,21730.14,0,0
SRC_cca945d2,0,1,0,1,0.0,8391.62,0.0,999999.0,999999.0,0.0,8391.62,0,0
SRC_cd535889,0,1,0,1,0.0,23914.62,0.0,999999.0,999999.0,0.0,23914.62,0,0
SRC_cd6f06c6,0,1,0,1,0.0,6323.3,0.0,999999.0,999999.0,0.0,6323.3,0,0
SRC_cda92b77,0,1,0,1,0.0,30372.81,0.0,999999.0,999999.0,0.0,30372.81,0,0
SRC_ce42eb0e,0,1,0,1,0.0,39364.12,0.0,999999.0,999999.0,0.0,39364.12,0,0
SRC_cf2b170a,0,1,0,1,0.0,24542.44,0.0,999999.0,999999.0,0.0,24542.44,0,0
SRC_cf4913c2,0,1,0,1,0.0,7155.65,0.0,999999.0,999999.0,0.0,7155.65,0,0
SRC_cfbdc6a6,0,1,0,1,0.0,1849.5,0.0,999999.0,999999.0,0.0,1849.5,0,0
SRC_d1c03961,0,1,0,1,0.0,28793.58,0.0,999999.0,999999.0,0.0,28793.58,0,0
SRC_d2291e12,0,1,0,1,0.0,38898.07,0.0,999999.0,999999.0,0.0,38898.07,0,0
SRC_d25789a9,0,1,0,1,0.0,39204.37,0.0,999999.0,999999.0,0.0,39204.37,0,0
SRC_d2c2fab6,0,1,0,1,0.0,34167.15,0.0,999999.0,999999.0,0.0,34167.15,0,0
SRC_d4aeb51a,0,1,0,1,0.0,8381.53,0.0,999999.0,999999.0,0.0,8381.53,0,0
SRC_d545371b,0,1,0,1,0.0,19278.83,0.0,999999.0,999999.0,0.0,19278.83,0,0
SRC_d5e3df56,0,1,0,1,0.0,15524.79,0.0,999999.0,999999.0,0.0,15524.79,0,0
SRC_d62b83d7,0,1,0,1,0.0,30207.04,0.0,999999.0,999999.0,0.0,30207.04,0,0
SRC_d6d43b20,0,1,0,1,0.0,15688.51,0.0,999999.0,999999.0,0.0,15688.51,0,0
SRC_d784ec41,0,1,0,1,0.0,40496.49,0.0,999999.0,999999.0,0.0,40496.49,0,0
SRC_d7f68163,0,1,0,1,0.0,17209.21,0.0,999999.0,999999.0,0.0,17209.21,0,0
SRC_d8fced10,0,1,0,1,0.0,13957.02,0.0,999999.0,999999.0,0.0,13957.02,0,0
SRC_d902e022,0,1,0,1,0.0,45300.47,0.0,999999.0,999999.0,0.0,45300.47,0,0
SRC_d9422037,0,1,0,1,0.0,3303.28,0.0,999999.0,999999.0,0.0,3303.28,0,0
SRC_d9e00dca,0,1,0,1,0.0,38073.3,0.0,999999.0,999999.0,0.0,38073.3,0,0
SRC_da50695e,0,1,0,1,0.0,9270.26,0.0,999999.0,999999.0,0.0,9270.26,0,0
SRC_dbee07f6,0,1,0,1,0.0,28820.54,0.0,999999.0,999999.0,0.0,28820.54,0,0
SRC_dc42d195,0,1,0,1,0.0,7815.96,0.0,999999.0,999999.0,0.0,7815.96,0,0
SRC_dce7d4a5,0,1,0,1,0.0,3027.58,0.0,999999.0,999999.0,0.0,3027.58,0,0
SRC_dcf3b929,0,1,0,1,0.0,49590.15,0.0,999999.0,999999.0,0.0,49590.15,0,0
SRC_dd2397f1,0,1,0,1,0.0,32620.18,0.0,999999.0,999999.0,0.0,32620.18,0,0
SRC_dd4f36fc,0,1,0,1,0.0,33657.51,0.0,999999.0,999999.0,0.0,33657.51,0,0
SRC_dd865218,0,1,0,1,0.0,11427.3,0.0,999999.0,999999.0,0.0,11427.3,0,0
SRC_de46f3eb,0,1,0,1,0.0,38415.65,0.0,999999.0,999999.0,0.0,38415.65,0,0
SRC_de6b6b77,0,1,0,1,0.0,26033.66,0.0,999999.0,999999.0,0.0,26033.66,0,0
SRC_df9b5b3d,0,1,0,1,0.0,43455.01,0.0,999999.0,999999.0,0.0,43455.01,0,0
SRC_dfff6682,0,1,0,1,0.0,37802.25,0.0,999999.0,999999.0,0.0,37802.25,0,0
SRC_e020ea1b,0,1,0,1,0.0,6719.22,0.0,999999.0,999999.0,0.0,6719.22,0,0
SRC_e12f71e9,0,1,0,1,0.0,36177.91,0.0,999999.0,999999.0,0.0,36177.91,0,0
SRC_e1498b15,0,1,0,1,0.0,3738.76,0.0,999999.0,999999.0,0.0,3738.76,0,0
SRC_e1e13c5d,0,1,0,1,0.0,28128.37,0.0,999999.0,999999.0,0.0,28128.37,0,0
SRC_e26acf08,0,1,0,1,0.0,33878.07,0.0,999999.0,999999.0,0.0,33878.07,0,0
SRC_e3059ba8,0,1,0,1,0.0,49287.51,0.0,999999.0,999999.0,0.0,49287.51,0,0
SRC_e347d496,0,1,0,1,0.0,23843.21,0.0,999999.0,999999.0,0.0,23843.21,0,0
SRC_e3648903,0,1,0,1,0.0,39253.41,0.0,999999.0,999999.0,0.0,39253.41,0,0
SRC_e37ea8ce,0,1,0,1,0.0,29952.25,0.0,999999.0,999999.0,0.0,29952.25,0,0
SRC_e3d95a21,0,1,0,1,0.0,6553.62,0.0,999999.0,999999.0,0.0,6553.62,0,0
SRC_e3e44f6b,0,1,0,1,0.0,45721.87,0.0,999999.0,999999.0,0.0,45721.87,0,0
SRC_e409df71,0,1,0,1,0.0,20959.68,0.0,999999.0,999999.0,0.0,20959.68,0,0
SRC_e47ba0f9,0,1,0,1,0.0,47813.99,0.0,999999.0,999999.0,0.0,47813.99,0,0
SRC_e48f3cac,0,1,0,1,0.0,15752.14,0.0,999999.0,999999.0,0.0,15752.14,0,0
SRC_e4908691,0,1,0,1,0.0,10234.66,0.0,999999.0,999999.0,0.0,10234.66,0,0
SRC_e61c1d85,0,1,0,1,0.0,16360.52,0.0,999999.0,999999.0,0.0,16360.52,0,0
SRC_e66f983b,0,1,0,1,0.0,5991.82,0.0,999999.0,999999.0,0.0,5991.82,0,0
SRC_e74302bb,0,1,0,1,0.0,38715.15,0.0,999999.0,999999.0,0.0,38715.15,0,0
SRC_e7a4a004,0,1,0,1,0.0,47631.46,0.0,999999.0,999999.0,0.0,47631.46,0,0
SRC_e88396ef,0,1,0,1,0.0,45431.91,0.0,999999.0,999999.0,0.0,45431.91,0,0
SRC_e8c39efa,0,1,0,1,0.0,21404.36,0.0,999999.0,999999.0,0.0,21404.36,0,0
SRC_e940cee7,0,1,0,1,0.0,17577.91,0.0,999999.0,999999.0,0.0,17577.91,0,0
SRC_e99ee0a1,0,1,0,1,0.0,30793.9,0.0,999999.0,999999.0,0.0,30793.9,0,0
SRC_e9c9dd37,0,1,0,1,0.0,10970.3,0.0,999999.0,999999.0,0.0,10970.3,0,0
SRC_eaa051fb,0,1,0,1,0.0,12746.9,0.0,999999.0,999999.0,0.0,12746.9,0,0
SRC_eca08d67,0,1,0,1,0.0,43562.07,0.0,999999.0,999999.0,0.0,43562.07,0,0
SRC_ecb0455a,0,1,0,1,0.0,6903.83,0.0,999999.0,999999.0,0.0,6903.83,0,0
SRC_ecdb2079,0,1,0,1,0.0,4746.88,0.0,999999.0,999999.0,0.0,4746.88,0,0
SRC_ed53800e,0,1,0,1,0.0,47904.66,0.0,999999.0,999999.0,0.0,47904.66,0,0
SRC_ed68e888,0,1,0,1,0.0,39844.19,0.0,999999.0,999999.0,0.0,39844.19,0,0
SRC_edb54f2d,0,1,0,1,0.0,4040.55,0.0,999999.0,999999.0,0.0,4040.55,0,0
SRC_ee387a27,0,1,0,1,0.0,42030.99,0.0,999999.0,999999.0,0.0,42030.99,0,0
SRC_ee60f805,0,1,0,1,0.0,27755.45,0.0,999999.0,999999.0,0.0,27755.45,0,0
SRC_ee6685cb,0,1,0,1,0.0,42518.27,0.0,999999.0,999999.0,0.0,42518.27,0,0
SRC_ef03df5b,0,1,0,1,0.0,6512.75,0.0,999999.0,999999.0,0.0,6512.75,0,0
SRC_ef1eb151,0,1,0,1,0.0,1931.04,0.0,999999.0,999999.0,0.0,1931.04,0,0
SRC_ef5a14c5,0,1,0,1,0.0,9812.86,0.0,999999.0,999999.0,0.0,9812.86,0,0
SRC_ef624680,0,1,0,1,0.0,38719.2,0.0,999999.0,999999.0,0.0,38719.2,0,0
SRC_f01023b2,0,1,0,1,0.0,3540.22,0.0,999999.0,999999.0,0.0,3540.22,0,0
SRC_f07c8f50,0,1,0,1,0.0,21376.95,0.0,999999.0,999999.0,0.0,21376.95,0,0
SRC_f0cfe61e,0,1,0,1,0.0,36484.58,0.0,999999.0,999999.0,0.0,36484.58,0,0
SRC_f1502558,0,1,0,1,0.0,41056.41,0.0,999999.0,999999.0,0.0,41056.41,0,0
SRC_f17da08c,0,1,0,1,0.0,11052.78,0.0,999999.0,999999.0,0.0,11052.78,0,0
SRC_f660186f,0,1,0,1,0.0,12844.07,0.0,999999.0,999999.0,0.0,12844.07,0,0
SRC_f73d800b,0,1,0,1,0.0,44193.66,0.0,999999.0,999999.0,0.0,44193.66,0,0
SRC_f7449ae1,0,1,0,1,0.0,48418.17,0.0,999999.0,999999.0,0.0,48418.17,0,0
SRC_f7de34de,0,1,0,1,0.0,4185.1,0.0,999999.0,999999.0,0.0,4185.1,0,0
SRC_f82f6322,0,1,0,1,0.0,42557.46,0.0,999999.0,999999.0,0.0,42557.46,0,0
SRC_f85e7699,0,1,0,1,0.0,40179.45,0.0,999999.0,999999.0,0.0,40179.45,0,0
SRC_f86d6bea,0,1,0,1,0.0,10480.83,0.0,999999.0,999999.0,0.0,10480.83,0,0
SRC_f9a4d029,0,1,0,1,0.0,9160.72,0.0,999999.0,999999.0,0.0,9160.72,0,0
SRC_fa7a7684,0,1,0,1,0.0,40634.55,0.0,999999.0,999999.0,0.0,40634.55,0,0
SRC_fae9eb3e,0,1,0,1,0.0,48816.55,0.0,999999.0,999999.0,0.0,48816.55,0,0
SRC_fbd94b08,0,1,0,1,0.0,7908.86,0.0,999999.0,999999.0,0.0,7908.86,0,0
SRC_fc5387a8,0,1,0,1,0.0,36191.2,0.0,999999.0,999999.0,0.0,36191.2,0,0
SRC_fcd72401,0,1,0,1,0.0,5297.1,0.0,999999.0,999999.0,0.0,5297.1,0,0
SRC_fcf35cb2,0,1,0,1,0.0,32306.79,0.0,999999.0,999999.0,0.0,32306.79,0,0
SRC_fd33129a,0,1,0,1,0.0,11569.71,0.0,999999.0,999999.0,0.0,11569.71,0,0
SRC_fd8f0259,0,1,0,1,0.0,17207.07,0.0,999999.0,999999.0,0.0,17207.07,0,0
SRC_fd9673cd,0,1,0,1,0.0,38037.87,0.0,999999.0,999999.0,0.0,38037.87,0,0
SRC_fdd08881,0,1,0,1,0.0,37025.71,0.0,999999.0,999999.0,0.0,37025.71,0,0
SRC_fe0c4550,0,1,0,1,0.0,1927.84,0.0,999999.0,999999.0,0.0,1927.84,0,0
SRC_fedc0c0b,0,1,0,1,0.0,1694.71,0.0,999999.0,999999.0,0.0,1694.71,0,0
SRC_ff61e8fa,0,1,0,1,0.0,17411.22,0.0,999999.0,999999.0,0.0,17411.22,0,0
SRC_ff9a5372,0,1,0,1,0.0,5219.7,0.0,999999.0,999999.0,0.0,5219.7,0,0
