account_id,in_degree,out_degree,unique_senders,unique_receivers,total_in,total_out,pass_through_ratio,velocity_hours,in_span_hours,avg_in_amount,avg_out_amount,is_passthrough,label
ACC_0038dba3,4,3,1,2,3984.37,1120.27,0.28116615675753004,507.7262925325,606.2207571541667,996.0925,373.42333333333335,0,0
ACC_0073fe27,8,14,4,3,65499.66,9466.129999999997,0.14452181889188428,668.7858671563888,668.9729517277777,8187.4575,676.1521428571426,0,0
ACC_007e15c1,17,4,5,3,101678.84,85836.45999999999,0.8441919675716205,528.6297868572223,645.8100047097222,5981.108235294118,21459.114999999998,0,0
ACC_0128c39e,0,4,0,3,0.0,78725.71,0.0,999999.0,999999.0,0.0,19681.4275,0,0
ACC_0149c1a5,20,13,6,3,23009.36,138284.30000000002,6.009915095422038,687.2050992300001,645.7399978036111,1150.468,10637.253846153848,0,0
ACC_01b017d2,0,15,0,5,0.0,107825.34,0.0,999999.0,999999.0,0.0,7188.356,0,0
ACC_01be27e9,20,15,8,5,75084.17,66309.51,0.8831356862571698,580.7454557325,609.4954544619445,3754.2084999999997,4420.634,0,0
ACC_01c511d4,8,4,3,2,8554.98,23189.879999999997,2.7106878099072116,293.3984818238889,362.35997843027775,1069.3725,5797.469999999999,0,0
ACC_01c83041,0,10,0,3,0.0,175561.53000000003,0.0,999999.0,999999.0,0.0,17556.153000000002,0,0
ACC_0242c679,7,12,3,5,61852.100000000006,141145.24,2.281979754931522,572.4357317922222,636.2402002402778,8836.014285714287,11762.103333333333,0,0
ACC_0269fc07,20,7,7,3,67391.6,22010.699999999997,0.32660895423168457,456.46954743805554,599.2251287825,3369.5800000000004,3144.3857142857137,0,0
ACC_02e1670c,15,9,6,2,76549.34000000001,42695.49,0.5577512490636757,592.9305715938889,716.3785322872222,5103.289333333334,4743.943333333333,0,0
ACC_033bedbd,9,7,2,4,27616.739999999998,16664.940000000002,0.6034361767536648,462.9713494202778,621.8176202497223,3068.5266666666666,2380.7057142857147,0,0
ACC_03432803,10,13,5,5,76745.11,213976.43,2.788144156676562,602.0282112391667,504.2491799116667,7674.511,16459.725384615384,0,0
ACC_0359897c,0,5,0,4,0.0,62784.53,0.0,999999.0,999999.0,0.0,12556.905999999999,0,0
ACC_036cade2,7,4,2,2,26840.54,2041.33,0.07605398401075388,637.7035956133333,652.7264514655556,3834.362857142857,510.3325,0,0
ACC_03896a3e,2,6,2,4,679.5,95036.62,139.86257542310523,536.2910118094444,126.80527286694445,339.75,15839.436666666666,0,0
ACC_039bdc6b,15,15,4,4,23780.020000000008,40893.55,1.7196600339276413,623.3776395172222,686.0217353052777,1585.334666666667,2726.2366666666667,0,0
ACC_03efeed1,15,11,6,5,32147.87,173286.44999999998,5.3902933538054,589.1793385908334,573.2075534569444,2143.191333333333,15753.313636363635,0,0
ACC_04792658,2,5,1,1,13730.21,24422.45,1.7787382713010218,621.856594238889,97.88212988083333,6865.105,4884.49,0,0
ACC_047cde47,14,15,5,2,84722.10000000002,24679.27,0.2912967218706807,623.4058907980556,669.7986351894446,6051.578571428573,1645.2846666666667,0,0
ACC_0487d41a,5,15,4,4,6789.920000000001,134590.40999999997,19.822090687371862,506.51035011361114,435.2768251236111,1357.9840000000002,8972.693999999998,0,0
ACC_04aa31ff,11,14,3,4,200813.36,39513.88,0.19676917910242625,597.9060696822222,597.9196183722222,18255.76,2822.4199999999996,0,0
ACC_04c75b87,20,8,6,5,640822.8500000001,49658.03,0.07749104140091133,631.8128476769444,711.8266287494445,32041.142500000005,6207.25375,0,0
ACC_04cf91bc,7,7,3,3,174019.52,24622.36,0.14149194297283432,524.310866895,443.9862700055556,24859.931428571428,3517.48,0,0
ACC_051379f0,15,10,8,2,30524.709999999995,27642.649999999998,0.9055827229808244,457.7906502372222,686.8254882302778,2034.9806666666664,2764.265,0,0
ACC_053d8089,8,3,3,3,7917.219999999999,45075.06,5.693293858197701,413.94925309333337,624.3482832088889,989.6524999999999,15025.019999999999,0,0
ACC_054d9438,9,7,4,5,6284.340000000001,130471.16,20.761314632881096,569.7394707852778,586.1337527791667,698.2600000000001,18638.737142857142,0,0
ACC_058c47bf,10,13,4,3,7641.469999999999,201477.57,26.366336581835697,669.4149481402777,670.5582691458334,764.1469999999999,15498.274615384616,0,0
ACC_05bb8cd4,0,12,0,3,0.0,16934.24,0.0,999999.0,999999.0,0.0,1411.1866666666667,0,0
ACC_06a9ccb7,5,6,3,3,2642.1,23190.08,8.777139396692027,401.42602050666665,520.7251516141666,528.42,3865.013333333334,0,0
ACC_06c9c47f,6,13,2,2,3692.5099999999998,16126.52,4.367359871740361,439.28882195694445,525.3184843036112,615.4183333333333,1240.5015384615385,0,0
ACC_06dc2843,6,12,2,2,37113.560000000005,20588.62,0.5547465670229424,527.6407663455556,244.66755779805555,6185.593333333334,1715.7183333333332,0,0
ACC_06e3fff2,12,9,4,4,389024.04,97894.02,0.25164002718186773,623.2840925752778,608.4350956205556,32418.67,10877.113333333335,0,0
ACC_06ea802d,4,3,4,2,5459.26,140357.18,25.70992771914142,564.1208243869444,546.6871307802778,1364.815,46785.72666666666,0,0
ACC_06fa77c9,5,12,3,2,153316.62,72512.35,0.4729581828767162,415.76772491472224,397.52422454749995,30663.324,6042.695833333334,0,0
ACC_071c7081,11,9,4,3,322191.93,5623.79,0.017454782309414142,679.0996618761111,699.3155509647222,29290.175454545453,624.8655555555556,0,0
ACC_075bfc2e,8,7,3,3,21912.909999999996,138027.62000000002,6.298917852535334,572.0490358261111,399.39457687861113,2739.1137499999995,19718.23142857143,0,0
ACC_0764349a,10,9,3,3,101151.37,48669.509999999995,0.4811552231077048,678.8240607838889,659.5099801030556,10115.136999999999,5407.723333333332,0,0
ACC_0776cd25,17,12,5,6,14835.839999999998,78541.68000000001,5.2940500841206175,695.3572224530556,603.9114096441667,872.6964705882352,6545.14,0,0
ACC_07a809fc,9,10,3,3,6063.66,8683.31,1.43202455282783,630.1027064533333,602.9008532111111,673.74,868.3309999999999,0,0
ACC_07b0ba85,10,3,5,1,7446.299999999999,2430.9500000000003,0.3264641499805273,169.22143417277778,527.4030375933334,744.6299999999999,810.3166666666667,0,0
ACC_07df4ed3,7,6,2,4,4860.91,23609.08,4.856925966537131,534.9596308761112,592.6876477055556,694.4157142857142,3934.846666666667,0,0
ACC_0854b2da,6,10,1,6,12154.419999999998,98444.72,8.099499605904684,547.8776616597222,621.4658168836112,2025.7366666666665,9844.472,0,0
ACC_08550f65,10,3,3,2,423303.88,1101.69,0.0026025983981058714,659.7835155688889,629.7245198283333,42330.388,367.23,0,0
ACC_086ec66c,19,11,7,5,528013.04,8358.28,0.015829684812329634,606.4424922113889,602.3182557838888,27790.160000000003,759.8436363636364,0,0
ACC_08848e27,13,14,3,2,88137.03000000001,89047.36,1.01032857585512,645.9377421061112,636.4948206958334,6779.771538461539,6360.5257142857145,0,0
ACC_08feec81,14,12,4,4,8719.75,13302.560000000001,1.525566673356461,617.257065371111,636.9414391361111,622.8392857142857,1108.5466666666669,0,0
ACC_09422d2b,9,8,2,4,239001.58000000002,13307.17,0.05567816748324425,557.1638750777778,619.5170369569445,26555.731111111112,1663.39625,0,0
ACC_09a459ed,4,3,3,2,34290.73,97040.01,2.829919631340598,324.0526661566667,411.3123881811111,8572.6825,32346.67,0,0
ACC_0a01d9b5,13,4,6,2,480112.76999999996,2398.92,0.004996576116898537,663.9394046872221,649.508701095,36931.75153846153,599.73,0,0
ACC_0a0c2ef6,15,10,5,2,15928.960000000003,20609.72,1.2938522037848044,619.480239545,708.9385314291667,1061.9306666666669,2060.972,0,0
ACC_0a275a7f,0,11,0,4,0.0,10043.5,0.0,999999.0,999999.0,0.0,913.0454545454545,0,0
ACC_0a430b21,19,5,5,3,14746.86,70531.42,4.782809357381843,714.4680259088889,680.4748504741667,776.1505263157895,14106.284,0,0
ACC_0a491bb2,11,10,5,5,100752.29,121746.42,1.2083737253019262,698.7204869813888,611.2416518683333,9159.29909090909,12174.642,0,0
ACC_0a6c7697,15,6,4,3,77940.34999999999,84041.67000000001,1.0782819168761755,685.7685587463889,652.6601693069445,5196.023333333333,14006.945000000002,0,0
ACC_0ad51580,10,14,3,3,261720.62,151183.72,0.5776530714316663,582.2003508188889,340.94275358972226,26172.061999999998,10798.837142857143,0,0
ACC_0ad55a21,1,9,1,3,3311.19,76587.53,23.129910998764792,153.56929103777776,999999.0,3311.19,8509.725555555555,0,0
ACC_0adbfe55,5,15,3,3,2746.4300000000003,27590.940000000002,10.046110769253175,588.7591013180555,443.8233016911111,549.2860000000001,1839.3960000000002,0,0
ACC_0b008e36,7,7,4,4,33163.880000000005,34257.95,1.0329898069827774,498.30974154,427.3649000113889,4737.697142857143,4893.992857142856,0,0
ACC_0b6d50f2,2,7,2,1,3298.51,11554.369999999999,3.5029058574932312,332.07068681388887,292.42815293833337,1649.255,1650.6242857142856,0,0
ACC_0b894468,2,12,2,3,1111.79,72663.81999999999,65.35750456471095,317.32701650416664,35.627938585277775,555.895,6055.318333333333,0,0
ACC_0bd94ef4,6,7,2,4,7168.370000000001,148821.05,20.7607935974287,661.2246113516667,618.7488489322222,1194.7283333333335,21260.149999999998,0,0
ACC_0c01ab8c,11,4,4,2,46049.119999999995,82952.73000000001,1.801396639067153,293.11279949222217,651.1931487077777,4186.283636363636,20738.182500000003,0,0
ACC_0c52dfef,12,9,4,6,385046.3299999999,19128.62,0.04967874904819896,626.4549561966667,624.8812007833333,32087.194166666657,2125.402222222222,0,0
ACC_0c5d1c87,17,4,6,2,69640.48,58348.32,0.8378506294040478,323.5789435786111,669.4209748094445,4096.498823529411,14587.08,0,0
ACC_0c64cbb9,6,8,2,3,6058.69,7903.27,1.3044519524847782,548.1573298758333,646.3855117525,1009.7816666666666,987.90875,0,0
ACC_0c6d5554,5,13,3,4,51748.649999999994,107644.06999999999,2.0801329116798217,559.4164595569445,351.2898015266667,10349.73,8280.313076923076,0,0
ACC_0cfd9b22,5,4,2,2,6854.74,32154.170000000002,4.690793523897333,356.1204100105556,591.5466250344444,1370.9479999999999,8038.5425000000005,0,0
ACC_0d19a997,11,10,4,3,58496.579999999994,28870.62,0.4935437251203404,637.7696253402778,632.583675526111,5317.870909090909,2887.062,0,0
ACC_0d589e3d,11,10,5,4,54766.57,11278.960000000001,0.20594607257675623,408.95884931222224,471.78837853722223,4978.779090909091,1127.8960000000002,0,0
ACC_0d96181f,7,15,3,2,16353.259999999998,9427.470000000001,0.5764887245723483,596.2488751702778,530.3045821191666,2336.18,628.498,0,0
ACC_0dbfa263,6,8,4,5,168735.12,15656.51,0.09278750031410178,460.43094623222225,319.6357107538889,28122.52,1957.06375,0,0
ACC_0df45652,11,12,5,4,45264.95999999999,130835.75999999998,2.890442408432483,405.0909434183333,360.81464253,4114.996363636363,10902.979999999998,0,0
ACC_0e4d57b2,3,13,1,4,52373.96000000001,40627.39000000001,0.775717360306534,331.9706802130556,213.48429747555556,17457.986666666668,3125.183846153847,0,0
ACC_0e4e3baf,7,14,3,5,4195.67,236633.34000000003,56.39941654133905,457.3475485213889,357.0749758302778,599.3814285714286,16902.38142857143,0,0
ACC_0e55b2c9,7,13,3,3,7809.03,108805.34,13.933272122145773,630.8291520330556,651.5827325055556,1115.5757142857142,8369.641538461537,0,0
ACC_0e63e29a,3,14,1,5,6266.49,176472.23,28.16125614179549,654.3787674919445,471.21403783166664,2088.83,12605.159285714286,0,0
ACC_0e7aaceb,11,14,4,5,346363.44,201774.56,0.5825515533625605,487.74909779055554,486.13067898527777,31487.585454545453,14412.468571428572,0,0
ACC_0eb12c66,7,8,5,4,223731.61,206453.69,0.9227738986010963,683.7914000155556,685.9621646122222,31961.65857142857,25806.71125,0,0
ACC_104bb947,5,13,2,4,40113.98,126112.45,3.1438528413286337,667.7969753474999,384.33134050222225,8022.796,9700.957692307693,0,0
ACC_107ddb22,8,14,5,5,293144.8,111155.87,0.3791841779216278,630.0207727866666,675.0926733691667,36643.1,7939.705,0,0
ACC_10ac5398,8,14,2,2,8864.119999999999,16404.300000000003,1.8506405599202183,542.4039437933334,625.6089107772221,1108.0149999999999,1171.7357142857145,0,0
ACC_10f086a0,7,12,3,4,292974.8,153319.77000000002,0.5233206746791875,588.6802892638889,560.9548324633333,41853.54285714286,12776.647500000001,0,0
ACC_10fb40b5,11,6,4,4,53266.53999999999,189777.43,3.5627887600733974,497.36959947972224,667.42199389,4842.412727272726,31629.571666666667,0,0
ACC_112446b5,9,7,5,4,112482.16,30627.34,0.27228620076285875,681.4033395058333,651.1841210072222,12498.017777777779,4375.334285714286,0,0
ACC_114d6b16,9,5,5,4,12714.97,65630.52,5.16167320882393,554.4249649152778,542.6351854830556,1412.7744444444443,13126.104000000001,0,0
ACC_1186f145,9,9,4,5,78116.65,77824.52,0.9962603363047444,651.4079464255556,642.2295004538889,8679.627777777778,8647.16888888889,0,0
ACC_11a39c34,21,6,6,2,68192.56999999999,2549.19,0.03738222507232093,590.6401044030556,711.6445618216666,3247.2652380952377,424.865,0,0
ACC_11b7df6d,9,10,3,4,8620.17,59744.3,6.930756586007004,515.8197661208334,641.2226350669443,957.7966666666666,5974.43,0,0
ACC_1204f90a,15,3,4,2,37182.159999999996,4776.45,0.12846079948018083,499.5737550775,574.8513086033333,2478.8106666666663,1592.1499999999999,0,0
ACC_121f131d,5,15,4,4,8788.509999999998,20688.41,2.3540292950682202,542.8295456344445,106.11247453583333,1757.7019999999998,1379.2273333333333,0,0
ACC_1266e0e2,12,9,7,4,8412.939999999999,6244.700000000001,0.74227321245605,595.8618564138889,611.3382599483333,701.0783333333333,693.8555555555556,0,0
ACC_12adb0e4,11,5,3,3,60111.020000000004,103942.41,1.7291739517978566,522.4283190088888,581.0536649255555,5464.638181818183,20788.482,0,0
ACC_12b878b6,25,13,5,5,40494.32,12592.929999999998,0.3109801572171109,599.5162747480556,686.1687772441667,1619.7728,968.686923076923,0,0
ACC_12ea0a24,22,13,8,2,82743.14,8342.79,0.1008275731377852,652.4077952630555,669.5688962086111,3761.0518181818184,641.753076923077,0,0
ACC_12f99410,25,10,5,2,31965.969999999998,10491.74,0.32821591210903345,581.2460411369444,694.8741442330555,1278.6388,1049.174,0,0
ACC_130213f5,16,10,3,5,72615.61,187025.65000000002,2.5755571012899297,640.4726086969445,699.2171995741667,4538.475625,18702.565000000002,0,0
ACC_13054b99,9,9,4,2,21950.469999999998,5672.219999999999,0.2584099565977403,692.9317356997223,674.0193477813889,2438.941111111111,630.2466666666666,0,0
ACC_13789ba6,9,15,4,2,6322.51,265201.41,41.945589647149625,644.8702141263889,585.7238855938889,702.5011111111112,17680.093999999997,0,0
ACC_1385ed4a,6,9,3,5,238307.9,12529.3,0.0525761000789315,611.613581176389,601.6672332775,39717.98333333333,1392.1444444444444,0,0
ACC_13bbf6f2,3,14,2,3,954.91,88660.33,92.84679184425758,638.2346964361111,552.6060169327777,318.30333333333334,6332.880714285714,0,0
ACC_13d54e8d,6,14,2,3,4425.0,246477.23,55.701068926553674,497.9598599202778,545.2902026591667,737.5,17605.51642857143,0,0
ACC_13e41903,12,14,3,2,15900.49,53859.91,3.3873113344305743,683.1214963075,435.8153715605556,1325.0408333333332,3847.136428571429,0,0
ACC_13e9346d,13,11,6,2,42518.85999999999,56031.899999999994,1.3178128482278217,640.2238604469445,648.7671500522222,3270.681538461538,5093.809090909091,0,0
ACC_13f044fb,11,6,5,3,36578.86,153465.57,4.195471646738034,622.4295746297222,645.5810033886112,3325.350909090909,25577.595,0,0
ACC_1406a2aa,11,5,2,3,14667.64,79834.08,5.442871518526498,656.6471574411111,677.0364201494444,1333.421818181818,15966.816,0,0
ACC_142c10b6,12,4,4,3,12892.4,15765.8,1.2228754925382395,380.57342322,687.0769410702777,1074.3666666666666,3941.45,0,0
ACC_1437ff0f,4,14,1,3,13468.83,303539.87,22.536469017724627,640.5324338219444,602.7055336497223,3367.2075,21681.419285714284,0,0
ACC_146b60e3,5,9,3,4,4328.32,49247.0,11.377855611415054,628.5739014113889,516.210878965,865.664,5471.888888888889,0,0
ACC_147a3555,4,11,2,3,7096.3,32745.33,4.6144230091737946,521.9858125344444,478.20201135444444,1774.075,2976.848181818182,0,0
ACC_14c8ec4b,14,15,5,4,94722.58,11149.779999999999,0.11770984278510993,546.1322534786111,610.2249496394445,6765.898571428572,743.3186666666666,0,0
ACC_14c9fa40,2,9,2,5,1137.65,18626.469999999998,16.372759636091942,636.2142742711112,248.81104697722225,568.825,2069.6077777777773,0,0
ACC_14f3daf5,3,9,2,4,2978.6800000000003,245437.40999999997,82.39804544294786,693.0401846430556,591.6386313113888,992.8933333333334,27270.82333333333,0,0
ACC_150e99c6,12,11,4,3,80311.79000000001,46228.89000000001,0.5756177268617721,654.0738986194444,698.0653469019444,6692.649166666667,4202.626363636365,0,0
ACC_15188e68,1,4,1,2,1131.43,64305.50000000001,56.835597429801226,0.0,999999.0,1131.43,16076.375000000002,0,0
ACC_151a5a04,19,7,6,2,122824.97,87503.3,0.712422726421183,633.2740683147222,676.045503605,6464.472105263158,12500.471428571429,0,0
ACC_157276f6,6,5,3,4,171827.18,4313.09,0.02510132564591935,601.5765305177778,595.5403509716666,28637.86333333333,862.618,0,0
ACC_15961ac5,6,9,3,4,12805.38,48786.02000000001,3.8098065032041233,673.0111488341666,595.1313813938889,2134.23,5420.66888888889,0,0
ACC_16386a2d,14,8,7,2,31759.760000000002,195302.86,6.14938085174447,537.4710807655556,553.4138012241666,2268.554285714286,24412.8575,0,0
ACC_165abd4b,12,7,4,3,58052.31999999999,60863.340000000004,1.0484221819214117,486.1537707616667,699.6530575480556,4837.693333333333,8694.762857142858,0,0
ACC_1695e919,6,11,2,4,63672.409999999996,59514.630000000005,0.9347004456090167,439.68950473194445,509.9560142863889,10612.068333333333,5410.42090909091,0,0
ACC_16c61869,5,7,2,4,21139.930000000004,51759.11,2.448404985257756,390.0666565636111,268.5153607777778,4227.986000000001,7394.158571428571,0,0
ACC_16d2d8b6,12,10,4,2,11311.809999999998,107657.76000000001,9.517288568319309,563.5043361691667,581.5107464922222,942.6508333333331,10765.776000000002,0,0
ACC_1723aa29,16,10,4,6,16415.739999999998,140064.58,8.532334210946324,653.0387991863889,613.0443710708333,1025.9837499999999,14006.457999999999,0,0
ACC_176e71d5,16,8,3,5,61964.560000000005,26528.61,0.4281255285279198,533.2859859188889,659.3670974330555,3872.7850000000003,3316.07625,0,0
ACC_17b45370,5,10,2,4,161357.44,65363.590000000004,0.4050856905017829,678.9204980372223,667.3281161844444,32271.488,6536.359,0,0
ACC_18105687,4,13,2,3,3850.4500000000003,276523.51999999996,71.8158968432261,182.17532919222225,210.21035359916667,962.6125000000001,21271.039999999997,0,0
ACC_183972bc,7,14,2,2,5101.45,10217.43,2.0028482098226976,504.0994581538889,375.5675543119445,728.7785714285714,729.8164285714286,0,0
ACC_18822b26,4,6,2,4,2830.2200000000003,3423.41,1.2095914805209487,285.43831203555555,344.8107938519444,707.5550000000001,570.5683333333333,0,0
ACC_18fe710e,4,3,2,3,5422.42,13069.919999999998,2.4103481471372556,426.5211125683333,408.27605998111113,1355.605,4356.639999999999,0,0
ACC_196e44e8,11,5,4,2,94404.83,6404.87,0.06784472785979276,660.1563272494445,661.3190115358334,8582.257272727273,1280.974,0,0
ACC_196f17c6,7,4,3,3,50937.79,1932.6000000000001,0.0379403974927063,354.26917700999996,620.8011460647223,7276.827142857143,483.15000000000003,0,0
ACC_19a8bf36,14,3,4,2,27173.080000000005,4063.77,0.14955132064528567,68.42472567333333,578.8860426569444,1940.934285714286,1354.59,0,0
ACC_19b2151e,11,5,5,2,11338.92,5258.38,0.46374610633111446,455.60234982861107,577.0683982738889,1030.810909090909,1051.676,0,0
ACC_19bf15c5,12,15,3,2,14472.8,299943.85,20.724659361008236,595.1074687577777,594.3041673941667,1206.0666666666666,19996.256666666664,0,0
ACC_1a29a453,7,4,2,3,19587.93,18241.59,0.9312668566816402,388.21647777083336,581.5525147230555,2798.2757142857145,4560.3975,0,0
ACC_1a2f8ff6,2,7,1,5,2422.97,64656.5,26.684812440929935,648.7447113400001,22.50992579388889,1211.485,9236.642857142857,0,0
ACC_1a38b474,12,8,5,2,9517.45,17471.67,1.8357511728456675,556.8304088627777,629.7621208372221,793.1208333333334,2183.95875,0,0
ACC_1a5e2bb7,11,4,5,2,65571.19999999998,4089.11,0.062361372065785,570.8225201833334,471.15455015083336,5961.01818181818,1022.2775,0,0
ACC_1a632bc8,9,3,3,2,4882.37,1587.76,0.3252027191712222,278.06332003527774,601.0311923105555,542.4855555555555,529.2533333333333,0,0
ACC_1b804054,1,3,1,2,464.48,2874.2,6.187995177402686,538.6601653897222,999999.0,464.48,958.0666666666666,0,0
ACC_1bd1d86a,16,5,5,2,72644.61,181126.72,2.4933263458913193,596.5400840216666,583.1222558325001,4540.288125,36225.344,0,0
ACC_1beadda0,3,3,2,2,4659.610000000001,25714.579999999998,5.518612072684194,0.0,47.89861506444444,1553.2033333333336,8571.526666666667,0,0
ACC_1c33b4b0,8,8,5,2,5062.87,3962.83,0.7827240280710348,596.3786611088889,468.32378765722217,632.85875,495.35375,0,0
ACC_1c9a01b5,5,11,2,3,29283.730000000003,71984.87000000001,2.4581865083443946,578.6141501727778,616.6001894375,5856.746000000001,6544.079090909092,0,0
ACC_1c9c2fbf,15,10,5,6,47147.85999999999,3812.18,0.08085584372228136,642.0491726766667,657.8752185061111,3143.1906666666664,381.21799999999996,0,0
ACC_1cb28792,7,8,2,3,213181.2,83341.31,0.3909411805543828,556.2992206866667,591.7133050136111,30454.457142857143,10417.66375,0,0
ACC_1cda0489,10,3,3,2,14629.86,2353.2000000000003,0.16084911270511135,369.4471982186111,487.0757084047222,1462.986,784.4000000000001,0,0
ACC_1d639802,0,15,0,3,0.0,81118.84000000001,0.0,999999.0,999999.0,0.0,5407.922666666667,0,0
ACC_1d8cf29e,9,10,4,2,10509.93,154842.61000000002,14.73298204650269,570.0386664194444,675.8140897475,1167.77,15484.261000000002,0,0
ACC_1d9400b5,4,12,2,5,78690.95000000001,10046.92,0.12767567299670418,424.4841221672222,214.85936049555553,19672.737500000003,837.2433333333333,0,0
ACC_1e4da4d9,9,9,5,3,15190.21,130590.82,8.597038487288854,524.1134224713888,469.5422873319444,1687.801111111111,14510.091111111113,0,0
ACC_1e516013,2,10,1,5,2376.09,75104.2,31.608314499871636,338.0953527486111,254.5160644313889,1188.045,7510.42,0,0
ACC_1e68531b,3,3,2,3,29196.2,49905.17,1.7093036080037811,501.1021080486111,469.33854716972223,9732.066666666668,16635.056666666667,0,0
ACC_1f3c199f,9,15,4,2,16908.53,57068.23,3.3751148089159737,653.2716333369445,672.6515929794444,1878.7255555555555,3804.548666666667,0,0
ACC_1f711723,19,4,5,2,667685.22,3595.85,0.005385546800032506,610.0107399102777,657.9821619697221,35141.32736842105,898.9625,0,0
ACC_1f97c7b1,6,3,3,3,206343.19,5585.679999999999,0.027069853868208586,609.5896634863889,469.5948978886111,34390.53166666667,1861.8933333333332,0,0
ACC_1f9eeaca,17,12,4,6,64884.020000000004,67491.81999999999,1.0401917143851442,639.0422011705555,658.6387805355555,3816.7070588235297,5624.318333333333,0,0
ACC_1fba3b78,8,12,5,5,16855.309999999998,158016.85000000003,9.374900253985246,577.4073929880556,633.4090862408333,2106.9137499999997,13168.070833333337,0,0
ACC_2007946d,1,15,1,2,206.26,69624.25,337.55575487249104,663.3350136622223,999999.0,206.26,4641.616666666667,0,0
ACC_200c7a8a,9,12,4,2,24782.67,136619.02999999997,5.512684065114856,675.0976315438888,674.1303685411111,2753.6299999999997,11384.919166666665,0,0
ACC_209a32f0,10,13,3,6,308628.58,97599.62999999999,0.3162365261182227,511.2439834458333,533.3578036927778,30862.858,7507.663846153845,0,0
ACC_20d11e19,6,15,3,6,7449.119999999999,123673.94000000003,16.602489958545444,526.67365318,535.1543447194445,1241.5199999999998,8244.929333333335,0,0
ACC_210965d5,2,14,1,6,3057.7200000000003,97433.6,31.86478814279921,22.413937395833333,165.96457980694444,1528.8600000000001,6959.542857142857,0,0
ACC_213e1d55,2,12,2,2,6164.65,9566.25,1.5517912614665879,486.21225835916664,155.61231131138888,3082.325,797.1875,0,0
ACC_2161df92,19,14,5,5,36879.24,148893.09,4.037314489127216,523.2133146511111,555.4431275122222,1941.0126315789473,10635.220714285713,0,0
ACC_21b4444c,6,9,4,2,3893.04,28084.379999999997,7.213997287466864,638.685900786389,595.5021215147223,648.84,3120.486666666666,0,0
ACC_220020fa,9,6,4,4,8360.980000000001,3193.13,0.3819085800946779,561.1381980513888,639.5002960722222,928.997777777778,532.1883333333334,0,0
ACC_22017380,11,9,2,2,25541.82,85607.27,3.3516511352754033,581.3813819069444,569.4529737163889,2321.9836363636364,9511.91888888889,0,0
ACC_221505ff,14,9,3,4,27080.709999999995,77594.29000000001,2.865297475583174,634.4368718402778,632.4385732119445,1934.3364285714283,8621.587777777779,0,0
ACC_224487f6,10,10,4,2,7978.090000000001,66154.02,8.291962111232136,641.9023856616667,577.60870956,797.8090000000001,6615.402,0,0
ACC_22ccfee7,12,9,4,5,38849.0,79690.61,2.051291152925429,655.4564004363889,686.2451937208334,3237.4166666666665,8854.512222222222,0,0
ACC_23016225,13,11,3,4,24149.49,36016.24,1.4913871887149581,645.4317433205556,521.0050880758333,1857.6530769230772,3274.203636363636,0,0
ACC_23c263bf,11,7,4,3,353273.30000000005,119060.43,0.33702074286395256,675.0531100811111,657.426814735,32115.75454545455,17008.632857142857,0,0
ACC_24add713,11,5,4,3,7483.889999999999,189333.77999999997,25.29884592103839,648.3845762452778,601.085350195,680.3536363636363,37866.755999999994,0,0
ACC_24bddce2,8,12,5,4,79441.7,131893.1,1.660250221231419,604.5231999041666,530.5211412444444,9930.2125,10991.091666666667,0,0
ACC_24de9a8f,7,7,4,3,10788.369999999999,62569.79,5.799744539721942,562.9551995105555,603.2996073641667,1541.195714285714,8938.541428571429,0,0
ACC_25644e18,4,7,1,5,4509.58,54844.23,12.161715725189486,209.92028300555555,276.9545263608333,1127.395,7834.89,0,0
ACC_258c7548,5,3,3,2,6812.13,3176.09,0.46624036828422244,643.7797424919444,624.2266639674999,1362.426,1058.6966666666667,0,0
ACC_25f57f37,5,6,2,4,6539.64,31111.370000000003,4.757352086659204,360.4466321288889,355.3583455211111,1307.928,5185.2283333333335,0,0
ACC_2611c62d,11,4,4,3,54529.98,6492.780000000001,0.11906807961418656,573.5668155261111,633.7169812186112,4957.270909090909,1623.1950000000002,0,0
ACC_263410e3,1,5,1,2,1165.26,14343.759999999998,12.309493160324733,89.63051933333332,999999.0,1165.26,2868.7519999999995,0,0
ACC_2642ee18,15,13,5,3,64923.38000000001,72453.7,1.1159877997725933,494.2436056444445,538.5628563636111,4328.225333333334,5573.361538461539,0,0
ACC_264a0ece,2,11,1,5,548.03,110884.55,202.3329927193767,575.1041195913889,30.549809643611113,274.015,10080.413636363637,0,0
ACC_265fc50c,4,11,2,4,3441.02,13679.17,3.9753241771335244,587.0615634908334,418.3533341441667,860.255,1243.560909090909,0,0
ACC_26ac43c8,12,7,6,2,13645.0,28312.879999999997,2.0749637229754487,587.1552313855556,641.4893306133333,1137.0833333333333,4044.6971428571424,0,0
ACC_26d6a672,15,13,4,4,17106.350000000002,40815.07000000001,2.3859601843759775,562.1796110658333,653.8415674533333,1140.4233333333334,3139.62076923077,0,0
ACC_27644ab8,1,15,1,3,743.87,48876.64,65.70588946993426,0.0,999999.0,743.87,3258.442666666667,0,0
ACC_27ce0fd5,20,9,6,4,28232.2,138542.58999999997,4.907254482470369,711.6147709036111,689.2527130086111,1411.6100000000001,15393.621111111108,0,0
ACC_27e8ac9d,6,4,3,4,3700.79,12876.66,3.4794354718857323,668.6147323652777,674.4045253522222,616.7983333333333,3219.165,0,0
ACC_27efee13,11,6,6,3,118414.55,5792.549999999999,0.048917552783842855,563.5397967672222,639.7911133058333,10764.959090909091,965.4249999999998,0,0
ACC_280ccabd,4,11,2,4,45436.35999999999,74844.30000000002,1.6472336252287823,541.8630782830555,421.5201169822222,11359.089999999998,6804.027272727274,0,0
ACC_28138d5b,16,9,7,4,14026.4,99942.24,7.1252951577026185,689.4549026352778,642.7732666644445,876.65,11104.693333333335,0,0
ACC_284c598e,2,5,1,4,4461.17,4529.05,1.0152157393688204,243.03826340416666,212.818452505,2230.585,905.8100000000001,0,0
ACC_289e5080,3,12,2,2,1734.45,10154.95,5.854853123468535,410.4025185455556,62.686119588888886,578.15,846.2458333333334,0,0
ACC_28bde088,3,10,2,5,5948.52,72147.5,12.128647125671595,437.85657676638886,461.50666403555556,1982.8400000000001,7214.75,0,0
ACC_28c3dad6,9,4,3,3,5560.35,6764.5599999999995,1.216570899313892,599.6134784716667,362.59795339277775,617.8166666666667,1691.1399999999999,0,0
ACC_28cb4cf2,10,12,4,5,13282.17,55659.97,4.1905780456055,568.2510332994444,593.693914776389,1328.217,4638.330833333333,0,0
ACC_28e264e8,15,15,3,3,178319.78,258318.40999999997,1.4486245440634795,669.6798463,702.8525958616667,11887.985333333334,17221.227333333332,0,0
ACC_29547b24,13,12,5,6,385306.32,11618.59,0.030154164094687054,597.3186312194445,685.2771408463889,29638.947692307695,968.2158333333333,0,0
ACC_296344da,3,6,1,3,1168.87,9210.37,7.879721440365483,275.51543906166665,227.86049056305558,389.6233333333333,1535.0616666666667,0,0
ACC_29804138,15,15,5,6,605475.22,231358.75999999995,0.38211103007650743,691.0025328766667,639.2951756958333,40365.01466666666,15423.91733333333,0,0
ACC_29949055,7,11,3,3,4972.6,56672.10999999999,11.396876885331615,302.4641017488889,311.30147637722223,710.3714285714286,5152.009999999999,0,0
ACC_29ae28fb,6,13,3,2,204174.4,15935.33,0.07804763966491392,576.4848598886111,578.0812535677778,34029.066666666666,1225.7946153846153,0,0
ACC_29ec707a,2,3,1,2,60315.159999999996,2768.39,0.045898742538360175,419.04668577111113,364.88938160666663,30157.579999999998,922.7966666666666,0,0
ACC_2a2a5b28,3,6,1,2,1745.3700000000001,59442.76,34.05739757186155,665.7454888866667,227.33132831694445,581.7900000000001,9907.126666666667,0,0
ACC_2a936c3c,11,8,2,3,36734.840000000004,182537.3,4.969051178663088,417.50725452194445,641.9656288197223,3339.5309090909095,22817.1625,0,0
ACC_2a9af2a7,8,12,3,3,23679.659999999996,23868.260000000002,1.0079646413842094,478.90463626722226,496.9262349886111,2959.9574999999995,1989.0216666666668,0,0
ACC_2b2b6636,13,11,3,3,52125.79000000001,246632.68,4.731490496355066,657.1933701197222,671.46899479,4009.6761538461546,22421.152727272725,0,0
ACC_2b505c25,5,3,3,2,1964.94,1317.9499999999998,0.6707329485887609,117.54565095999999,525.4602333330556,392.988,439.3166666666666,0,0
ACC_2b64eeed,12,9,4,4,18815.07,6390.910000000001,0.33966974345564493,620.3925881280556,666.3305170055555,1567.9225,710.1011111111112,0,0
ACC_2b7e97a2,4,10,2,2,5843.21,179089.15999999997,30.64910554301488,574.5797289027778,527.6809617616667,1460.8025,17908.915999999997,0,0
ACC_2b7eaaa2,1,12,1,3,1585.75,8488.38,5.352911871354248,240.71727725722224,999999.0,1585.75,707.3649999999999,0,0
ACC_2bbec477,10,4,4,3,18253.93,64132.4,3.5133475366674465,292.70689203611107,483.19447132777776,1825.393,16033.1,0,0
ACC_2bdf4b5a,15,10,5,4,8391.419999999998,9983.970000000001,1.1897831356313953,561.9193042627778,596.0978758697222,559.4279999999999,998.3970000000002,0,0
ACC_2c24477e,0,3,0,2,0.0,36751.13,0.0,999999.0,999999.0,0.0,12250.376666666665,0,0
ACC_2c33fb03,1,10,1,2,356.74,81741.06000000001,229.13343050961487,129.65207951861112,999999.0,356.74,8174.106000000002,0,0
ACC_2c4da27f,8,12,3,5,6272.120000000001,63751.89,10.16432880748455,585.4962688636111,596.6125813630556,784.0150000000001,5312.6575,0,0
ACC_2c4e439c,0,13,0,3,0.0,8771.03,0.0,999999.0,999999.0,0.0,674.6946153846154,0,0
ACC_2d020af4,16,8,4,3,17714.54,85516.06,4.827450218859761,533.3008308563889,684.4182609027778,1107.15875,10689.5075,0,0
ACC_2d471260,1,8,1,3,687.15,74314.35,108.14865749836281,188.1699390288889,999999.0,687.15,9289.29375,0,0
ACC_2d4aa5b1,8,10,4,5,85393.20999999999,61085.21,0.7153403648838123,567.7297002075001,572.4352234247222,10674.151249999999,6108.521,0,0
ACC_2d5f3c29,11,4,3,2,93561.51000000001,39397.52,0.4210868336776522,608.2691100686111,595.90590489,8505.59181818182,9849.38,0,0
ACC_2d5fed25,3,6,1,3,32183.850000000002,4986.87,0.15494945446240893,650.8351896502777,536.8648143269444,10727.95,831.145,0,0
ACC_2dcf5dae,3,14,1,5,1858.05,16288.260000000004,8.766319528537986,284.55336828,429.1384862391667,619.35,1163.447142857143,0,0
ACC_2e000b65,11,12,4,3,8473.349999999999,121745.83,14.368087002189219,612.5336731516667,622.3511431222223,770.3045454545453,10145.485833333334,0,0
ACC_2e077573,20,11,7,3,22781.09,13945.54,0.6121542033326763,587.8738598891667,679.2738147441667,1139.0545,1267.7763636363636,0,0
ACC_2e6b6bba,16,4,6,2,41415.17,4149.95,0.10020362104030962,272.5400089913889,710.1183482858333,2588.448125,1037.4875,0,0
ACC_2e8170d6,10,8,4,2,64264.149999999994,6912.41,0.1075624590070825,668.2449582894444,643.1182790975,6426.414999999999,864.05125,0,0
ACC_2ec25e8a,8,9,2,2,22731.940000000002,42275.56,1.8597427232343564,490.00116870277776,498.0599244436111,2841.4925000000003,4697.2844444444445,0,0
ACC_2ed82a00,14,12,5,3,189980.04,27262.38,0.14350128571401502,563.5747979908333,638.0362648366668,13570.002857142857,2271.8650000000002,0,0
ACC_2ede279a,14,4,4,1,515849.06999999995,4792.539999999999,0.009290585713375425,463.97117318472226,593.5436674708334,36846.36214285714,1198.1349999999998,0,0
ACC_2f286d25,4,3,3,2,2852.12,61096.15,21.421311165028122,51.73581391416666,400.6762919630556,713.03,20365.383333333335,0,0
ACC_2f2953fc,0,6,0,3,0.0,77213.81999999999,0.0,999999.0,999999.0,0.0,12868.97,0,0
ACC_2fe13a03,17,10,4,2,57151.68000000001,138085.21,2.4161181263612894,631.5861535877779,660.8694016102778,3361.8635294117653,13808.520999999999,0,0
ACC_308b36e6,3,11,1,2,17634.43,240618.28,13.644800540760318,615.1108217069444,372.2701738430556,5878.143333333333,21874.38909090909,0,0
ACC_30ad7650,4,13,2,2,2845.67,11741.880000000001,4.126226863972281,504.82542266444443,254.93187644555556,711.4175,903.2215384615386,0,0
ACC_3137a451,8,14,3,3,111341.54000000001,66723.71,0.5992705867010641,636.3729997183333,628.0159179788889,13917.692500000001,4765.979285714287,0,0
ACC_313fe317,7,5,4,2,13664.84,6312.459999999999,0.4619490605085752,612.4698384827777,607.0080527477777,1952.1200000000001,1262.4919999999997,0,0
ACC_3146691a,18,9,5,5,24471.79,10591.859999999999,0.43281917669283687,633.4290046444445,669.9578784919445,1359.543888888889,1176.8733333333332,0,0
ACC_314678d6,8,15,4,4,246036.07,38846.31,0.1578886786803252,664.2314431797223,681.7960125847221,30754.50875,2589.754,0,0
ACC_31d6b1e0,8,8,4,3,71562.03,4286.33,0.05989670779322498,567.0997428805556,635.5383632688889,8945.25375,535.79125,0,0
ACC_32147635,3,4,2,2,3532.6,2843.37,0.8048944120477834,353.33362269055556,328.7279161680556,1177.5333333333333,710.8425,0,0
ACC_322e4f53,8,11,3,3,61534.600000000006,110973.66999999998,1.803435303065267,567.5006593944445,529.1262067700001,7691.825000000001,10088.515454545453,0,0
ACC_32437dbf,1,6,1,4,1172.53,50060.13,42.6941144363044,361.1920158988889,999999.0,1172.53,8343.355,0,0
ACC_326fb3c8,6,8,3,4,56546.69,30484.72,0.5391070635611033,469.9135982577778,544.616954235,9424.448333333334,3810.59,0,0
ACC_327590c5,6,3,4,2,5119.31,3810.4799999999996,0.7443346857291313,481.76282546416667,514.3799089994444,853.2183333333334,1270.1599999999999,0,0
ACC_331208ad,12,13,4,5,307309.8,23773.16,0.07735893876472537,576.4257650852778,544.2522253125,25609.149999999998,1828.7046153846154,0,0
ACC_3335f38c,3,13,2,6,1992.27,115397.53999999998,57.92264100749395,483.16655136916665,524.7273413497222,664.09,8876.733846153844,0,0
ACC_33828b08,38,5,10,2,100772.21,110557.17000000001,1.0970997857445024,621.0701657258334,659.4294207844445,2651.900263157895,22111.434,0,0
ACC_33f1318e,6,5,3,2,40527.72,144963.77000000002,3.5769041535028374,551.1603356980555,718.3834939866667,6754.62,28992.754000000004,0,0
ACC_34162711,20,5,9,4,33538.66,40400.850000000006,1.204605371830598,515.9931022488889,678.1579724916667,1676.9330000000002,8080.170000000001,0,0
ACC_3424a01d,15,5,6,3,62066.74000000001,69184.73,1.114682839794711,657.2213346475,662.1859762666667,4137.782666666668,13836.946,0,0
ACC_34562dd6,3,10,2,3,1102.43,64298.49000000001,58.324328982339026,345.32187590083333,253.35666145055555,367.4766666666667,6429.849000000001,0,0
ACC_348a6636,12,15,7,4,76667.89999999998,155615.10000000003,2.0297295217424773,639.0389308963889,570.4763904888889,6388.991666666665,10374.340000000002,0,0
ACC_34b2a97a,0,14,0,2,0.0,41231.37,0.0,999999.0,999999.0,0.0,2945.0978571428573,0,0
ACC_34bf1c83,9,8,3,5,20102.54,37843.76,1.8825362367143654,542.5392523833333,577.6879853788889,2233.6155555555556,4730.47,0,0
ACC_352f12b5,6,7,3,2,7419.93,8882.19,1.1970719400317793,650.151596406389,491.5062071888889,1236.655,1268.8842857142859,0,0
ACC_35383c03,10,12,3,2,9022.84,9923.199999999999,1.0997867633694045,433.7062610877778,517.2245734719445,902.284,826.9333333333333,0,0
ACC_3540d1ef,5,14,1,3,4394.339999999999,129999.23999999999,29.583336746815224,535.5120317219444,617.838499125,878.8679999999998,9285.66,0,0
ACC_3560bc04,2,3,2,2,54611.95,2902.2,0.05314221521113969,556.0106658758334,234.82587480749999,27305.975,967.4,0,0
ACC_359377cc,12,13,6,6,28522.85,31718.42,1.1120354382538913,519.0815964897222,513.2097262155555,2376.9041666666667,2439.8784615384616,0,0
ACC_35940484,5,5,3,2,3090.81,95320.98000000001,30.840129286497717,670.5698090872223,549.1304538883334,618.162,19064.196000000004,0,0
ACC_362987e7,10,11,3,2,14066.119999999999,308465.35000000003,21.929668593755782,603.4909155066667,540.7792532999999,1406.6119999999999,28042.30454545455,0,0
ACC_3661900f,3,11,2,3,18426.16,43068.5,2.337356237002175,404.15761422611115,402.04082365333335,6142.053333333333,3915.318181818182,0,0
ACC_36a10490,22,4,5,3,47026.3,61908.759999999995,1.3164709960171221,385.3925687591667,693.8387935094445,2137.559090909091,15477.189999999999,0,0
ACC_36dea5e6,10,3,2,1,12619.4,1566.44,0.12412951487392428,525.3567753291667,595.7889792347222,1261.94,522.1466666666666,0,0
ACC_36f97d35,2,9,1,2,1153.12,12046.47,10.446848550020814,588.7249432736112,21.642519091944447,576.56,1338.4966666666667,0,0
ACC_371c3b9d,18,8,3,2,27203.949999999997,8962.119999999999,0.32944186414105303,617.678849155,538.4411406452778,1511.3305555555553,1120.2649999999999,0,0
ACC_372b20d9,16,6,5,3,25587.559999999998,7119.009999999999,0.27822152639798403,288.15922773166665,523.26347469,1599.2224999999999,1186.5016666666666,0,0
ACC_372eb110,4,12,2,5,156134.91,51134.19999999999,0.3275001087200805,496.12942945583336,382.61621044416665,39033.7275,4261.1833333333325,0,0
ACC_37557998,4,8,2,4,2597.39,93741.59,36.09068718983287,403.33211269388886,355.7182405586111,649.3475,11717.69875,0,0
ACC_37802583,6,13,3,2,16227.569999999998,174563.83000000002,10.757237836595376,568.1611193316667,371.9164335958333,2704.595,13427.986923076924,0,0
ACC_379848f4,0,11,0,3,0.0,8785.300000000001,0.0,999999.0,999999.0,0.0,798.6636363636364,0,0
ACC_37bb30cf,13,14,8,3,374533.33999999997,184036.37,0.491375133652988,709.3051620811111,624.2439032019445,28810.256923076922,13145.455,0,0
ACC_37d313e7,8,13,3,5,7839.35,50344.74999999999,6.422056675617237,443.44193009083335,407.3439260138889,979.91875,3872.673076923076,0,0
ACC_37df9554,12,13,4,5,56272.270000000004,10732.600000000002,0.19072626712944052,710.4961774480555,606.3097311113888,4689.355833333334,825.5846153846155,0,0
ACC_37fe53eb,7,5,2,2,58555.43,3853.48,0.06580909746542721,693.0071114430556,407.43494836,8365.06142857143,770.696,0,0
ACC_3801b1fc,24,9,7,3,84755.26000000001,125819.98000000001,1.4845093980007849,483.4892852097222,686.7589071630556,3531.469166666667,13979.997777777779,0,0
ACC_381db8f4,35,14,10,5,55655.479999999996,90853.03,1.6324184069565117,658.4085071877778,694.7243815872222,1590.1565714285714,6489.502142857143,0,0
ACC_38dcfb2f,13,3,3,2,53155.43,4669.200000000001,0.08784050848615091,697.2258334655555,518.5973837663889,4088.8792307692306,1556.4000000000003,0,0
ACC_395782c9,12,13,6,2,19074.350000000002,11488.160000000002,0.6022831708551012,671.4832155777777,690.9910913627779,1589.529166666667,883.7046153846155,0,0
ACC_3973a707,18,7,8,4,109193.32000000002,28371.99,0.25983265276667106,675.2791838941666,655.4444705177777,6066.295555555556,4053.1414285714286,0,0
ACC_39742bca,6,5,2,2,4203.539999999999,5116.9400000000005,1.2172930434823985,613.2741857405555,687.5873319130556,700.5899999999998,1023.3880000000001,0,0
ACC_39bfd0fd,11,6,4,4,14232.65,6756.07,0.47468812905537616,626.1265534027779,659.0407740433333,1293.8772727272726,1126.0116666666665,0,0
ACC_3a1d148e,15,6,4,4,52811.23999999999,27772.059999999998,0.5258740374208218,557.0672805297222,541.2380614291667,3520.7493333333327,4628.676666666666,0,0
ACC_3a8dbad5,12,15,4,2,78820.68000000001,28769.250000000004,0.36499621672890925,678.1826312213889,667.2855085158334,6568.39,1917.9500000000003,0,0
ACC_3a95a59a,10,7,2,3,45767.79,8467.01,0.1849993193903398,536.8352186144444,540.1763570355555,4576.779,1209.5728571428572,0,0
ACC_3abb4a68,0,6,0,3,0.0,4968.9,0.0,999999.0,999999.0,0.0,828.15,0,0
ACC_3ae77739,21,14,7,4,18735.589999999997,19585.58,1.0453676665640104,628.8124131213889,479.8840330422222,892.1709523809523,1398.97,0,0
ACC_3b4b1cfd,10,7,4,5,50322.07,34162.91,0.6788852286879297,549.8721850375,587.7001605633333,5032.207,4880.415714285715,0,0
ACC_3b6db043,16,11,4,3,30076.79,261391.75000000003,8.69081274963186,587.5860709555556,646.9303378249999,1879.799375,23762.886363636368,0,0
ACC_3b8416ee,7,13,3,5,29300.09,160830.71000000002,5.489085869702107,667.5297747480555,565.736857523889,4185.727142857143,12371.593076923078,0,0
ACC_3b973135,5,14,3,4,8483.78,144143.15000000002,16.99043940319056,597.6460190027777,498.7210932825,1696.756,10295.939285714287,0,0
ACC_3b9c7361,7,14,2,3,4568.5599999999995,16552.17,3.6230606580629345,649.2361180730556,596.9531750416667,652.6514285714285,1182.297857142857,0,0
ACC_3bcf8cd3,0,12,0,3,0.0,19605.27,0.0,999999.0,999999.0,0.0,1633.7725,0,0
ACC_3c0ac112,12,9,4,3,13467.369999999999,23434.64,1.7401051578741804,574.5032648913889,600.8348481055556,1122.2808333333332,2603.8488888888887,0,0
ACC_3c11c7d5,6,10,4,4,5867.089999999999,110228.99,18.78767668469378,578.0638672013889,589.1644990536112,977.8483333333332,11022.899000000001,0,0
ACC_3c1d24e7,11,12,4,3,46552.85,80988.29999999999,1.7397065915405823,700.3107226036111,605.9401387463889,4232.077272727272,6749.024999999999,0,0
ACC_3c8cc1b3,5,3,3,2,5883.74,26586.26,4.518598714423139,559.8882417044445,466.68810512166664,1176.748,8862.086666666666,0,0
ACC_3ce2f0b2,3,7,2,2,5854.19,16418.51,2.804574159704417,542.8284444769445,549.8263436172222,1951.3966666666665,2345.5014285714283,0,0
ACC_3cf0b239,5,5,2,2,3229.74,94732.22,29.331221708248965,481.42724884638886,519.3177096763889,645.948,18946.444,0,0
ACC_3d076b30,11,10,3,2,40161.43,19705.170000000002,0.4906491128428445,402.8729332583334,612.5784073177778,3651.039090909091,1970.5170000000003,0,0
ACC_3d816232,0,15,0,3,0.0,22186.390000000003,0.0,999999.0,999999.0,0.0,1479.092666666667,0,0
ACC_3d8bd39a,4,4,3,3,3574.75,27159.68,7.597644590530806,167.7066465113889,148.87085727944444,893.6875,6789.92,0,0
ACC_3db6a93f,13,11,3,4,12197.55,21980.32,1.8020274563334442,667.7142074538889,633.6053899066666,938.2730769230768,1998.2109090909091,0,0
ACC_3de8ab1d,4,9,3,5,2928.46,97300.59,33.22585591061513,484.0132155177778,118.3266696625,732.115,10811.176666666666,0,0
ACC_3e19b5f4,6,13,3,2,181849.89999999997,68525.42,0.3768240730404582,568.4966237138889,365.59172399,30308.316666666662,5271.1861538461535,0,0
ACC_3e39bd9a,21,11,8,3,818770.91,110354.31,0.13478044792773597,590.9628471416667,647.0234539966667,38989.09095238095,10032.21,0,0
ACC_3ec07cc0,14,5,5,2,81817.25000000001,8651.27,0.10573894869358233,686.1368655538889,630.898241361389,5844.089285714287,1730.2540000000001,0,0
ACC_3f226393,24,3,6,2,41606.270000000004,13878.19,0.33356006198104277,356.5427325430556,709.1942226208333,1733.5945833333335,4626.0633333333335,0,0
ACC_3f29cb83,16,13,6,4,13060.69,80765.96,6.183896869154693,687.7434089644445,713.1614845216666,816.293125,6212.766153846154,0,0
ACC_3f3090d8,3,7,1,4,5410.85,107407.88,19.85046342071948,650.0350802472223,648.5701200222222,1803.6166666666668,15343.982857142857,0,0
ACC_3f6f58f7,12,9,4,5,70152.62999999999,10040.830000000002,0.1431283474333037,375.9572121869444,544.832907716389,5846.052499999999,1115.647777777778,0,0
ACC_3fce1c90,7,12,2,6,5087.09,117363.76999999999,23.070904977108718,587.1368214400001,595.3978120258333,726.7271428571429,9780.314166666665,0,0
ACC_3fdee5b3,5,13,3,4,3113.08,12658.17,4.066124224240945,344.8557547383333,393.38463587972217,622.616,973.7053846153847,0,0
ACC_404879e8,14,13,4,2,26797.02,223438.47999999998,8.33818387268435,655.3169347827778,681.0770812305556,1914.0728571428572,17187.575384615382,0,0
ACC_408fbc0a,4,15,2,3,1350.46,13121.230000000003,9.716118952060782,552.9574434975,527.1719259475,337.615,874.7486666666668,0,0
ACC_40e2aa57,10,3,6,2,42620.5,2866.17,0.06724862448821577,352.3145374127777,622.077400693611,4262.05,955.39,0,0
ACC_40f2b523,17,5,6,3,92817.9,4766.51,0.051353348869129775,515.6716004552777,621.3475175191667,5459.876470588235,953.302,0,0
ACC_411dab9f,4,6,1,4,1965.7299999999998,81660.16000000002,41.54190046445851,351.7276068611111,263.1502817111111,491.43249999999995,13610.02666666667,0,0
ACC_41a13fa6,15,8,6,4,114932.62999999999,7330.65,0.06378214785479111,697.6404050783333,668.1894087647222,7662.175333333333,916.33125,0,0
ACC_41c67e7c,11,10,4,4,41572.2,76588.52,1.8423013456107689,490.9173533025,465.06051284305556,3779.290909090909,7658.852000000001,0,0
ACC_41d26c03,6,13,2,4,5777.87,17107.960000000003,2.960945815672558,509.04523379555553,354.3818620552778,962.9783333333334,1315.9969230769234,0,0
ACC_41f8316c,13,6,4,3,124297.67000000001,99006.35999999999,0.7965262743863177,679.7588610280557,599.4883715819444,9561.359230769232,16501.059999999998,0,0
ACC_42226758,11,5,5,3,70636.68,15377.949999999999,0.21770488080696884,698.3348564636111,643.9960261258333,6421.516363636363,3075.5899999999997,0,0
ACC_423cd793,13,14,4,3,47806.59000000001,66269.01000000001,1.3861898537419213,623.7955358994444,694.184469185,3677.4300000000007,4733.500714285715,0,0
ACC_42789cb8,5,7,4,2,114899.5,48392.49,0.42117232886130923,605.249648591111,654.1476044988889,22979.9,6913.212857142857,0,0
ACC_428a3162,23,6,5,3,138157.38999999998,6063.8,0.04389052225146987,412.90180599666667,701.9190881997223,6006.84304347826,1010.6333333333333,0,0
ACC_4368be2a,7,4,4,3,37457.29,6732.8099999999995,0.17974631907433772,595.1484957447223,562.4499459755556,5351.041428571429,1683.2024999999999,0,0
ACC_43699b34,0,7,0,4,0.0,7675.719999999999,0.0,999999.0,999999.0,0.0,1096.5314285714285,0,0
ACC_437f9bd7,6,6,3,2,210386.88,8618.310000000001,0.040964103845258795,557.5334767461111,641.6987198816666,35064.48,1436.3850000000002,0,0
ACC_43ca46ad,4,3,2,3,6486.499999999999,38442.74,5.9265767362984665,212.29477575194443,365.6331836705555,1621.6249999999998,12814.246666666666,0,0
ACC_43d83725,24,15,7,6,81994.45000000001,98172.77,1.197309939880077,602.8224365908333,703.8096578805556,3416.435416666667,6544.851333333334,0,0
ACC_43e163ad,4,4,3,3,3578.7499999999995,64429.32,18.00330282920014,512.6805483480556,479.79089107805555,894.6874999999999,16107.33,0,0
ACC_43e76161,10,6,4,3,9311.06,55245.1,5.933277199373649,655.4748583441666,505.8560167847222,931.106,9207.516666666666,0,0
ACC_43ea39b2,3,14,2,6,4944.77,89248.83,18.049136764702908,596.7006994613889,445.9944769208333,1648.256666666667,6374.916428571429,0,0
ACC_4413221c,7,5,3,2,259527.27,125231.01,0.4825350723259255,368.2623295722222,463.0221076538889,37075.32428571428,25046.201999999997,0,0
ACC_44218bb3,3,5,1,4,23915.780000000002,4659.45,0.19482743192988058,152.89350466555558,462.12088413416666,7971.926666666667,931.89,0,0
ACC_443a64df,5,9,2,3,4480.150000000001,87645.65000000001,19.563106145999576,545.1281950963888,692.7659336019444,896.0300000000001,9738.405555555557,0,0
ACC_4464c173,2,13,2,5,26677.019999999997,12431.599999999999,0.46600407391830123,487.57528311944446,518.803557671389,13338.509999999998,956.2769230769229,0,0
ACC_44d0d6a0,6,4,2,3,68159.31999999999,131862.57,1.9346227339122517,341.32375053055557,321.15728850944447,11359.886666666665,32965.6425,0,0
ACC_44d488d1,8,11,5,3,370144.87,35047.04,0.09468465684800657,714.6714579983334,660.2367988952778,46268.10875,3186.0945454545454,0,0
ACC_4503dc9b,1,5,1,4,1010.93,53123.37,52.54900932804448,11.221665601388889,999999.0,1010.93,10624.674,0,0
ACC_4509cab7,10,5,5,3,5471.29,39570.49,7.232387608772337,566.4384865447222,563.8502022458333,547.129,7914.098,0,0
ACC_459344af,7,11,1,2,22260.02,80290.09,3.6069190414024783,580.8976541975001,537.9718028983333,3180.002857142857,7299.099090909091,0,0
ACC_4636bc0b,19,13,6,4,576755.0000000001,30999.739999999998,0.053748541408396966,696.4753457072222,700.9472902905555,30355.52631578948,2384.5953846153843,0,0
ACC_46854470,4,11,2,4,59117.43,14329.65,0.2423929795324323,428.0137042097222,532.8169623772222,14779.3575,1302.6954545454546,0,0
ACC_469c4c13,11,5,3,4,12067.630000000001,4071.5899999999997,0.3373976497456418,614.7338361766666,602.7630150705555,1097.057272727273,814.318,0,0
ACC_469ffbc3,9,9,3,4,16156.749999999998,12973.3,0.8029647051541926,624.9987126272222,608.1326930355556,1795.1944444444443,1441.4777777777776,0,0
ACC_470417c9,12,10,4,4,20686.91,160847.69,7.775336674254396,557.4103620891667,560.6959634958333,1723.9091666666666,16084.769,0,0
ACC_473d397c,2,7,1,3,1454.01,54423.67000000001,37.43005206291567,627.9300067477778,581.4147330130556,727.005,7774.810000000002,0,0
ACC_473fb137,10,7,4,2,9211.82,26481.660000000003,2.8747478782694413,580.8873517322222,633.9935271122223,921.182,3783.0942857142863,0,0
ACC_484fab39,5,11,3,5,6362.950000000001,60900.81000000001,9.571159603642965,701.67653527,630.6451211180556,1272.5900000000001,5536.437272727274,0,0
ACC_4853a630,5,14,3,5,62470.14,190735.44,3.0532257491339063,711.2331715877779,481.5472678141667,12494.028,13623.960000000001,0,0
ACC_48826a3b,3,13,2,5,50434.04,123718.04000000002,2.453066222733694,688.4320412686111,688.7451274180556,16811.346666666668,9516.77230769231,0,0
ACC_48997af8,3,12,2,4,1743.73,96112.45000000003,55.1188830839637,367.5935268052778,158.3576950713889,581.2433333333333,8009.370833333335,0,0
ACC_49391033,11,13,5,3,9637.09,21711.51,2.252911407904253,679.8469442697223,688.8908448116666,876.0990909090909,1670.1161538461538,0,0
ACC_4aa09391,0,6,0,2,0.0,111006.57,0.0,999999.0,999999.0,0.0,18501.095,0,0
ACC_4af4b1a6,9,11,5,4,60795.219999999994,7302.1900000000005,0.1201112521675224,680.9373781533334,683.1215171977778,6755.024444444443,663.8354545454546,0,0
ACC_4b133be6,4,10,2,2,44843.840000000004,8565.78,0.1910135260495087,491.98307446055554,430.3616627225,11210.960000000001,856.5780000000001,0,0
ACC_4ba4e786,1,8,1,4,901.88,59720.78,66.21809996895374,673.8910847916666,999999.0,901.88,7465.0975,0,0
ACC_4c0f2a4c,16,8,6,4,23879.92,7098.16,0.29724387686390913,646.7840687972222,614.2453623952778,1492.495,887.27,0,0
ACC_4c2e0fd4,7,6,3,3,5828.24,94377.16,16.193080586935338,352.02025795,580.5989115747223,832.6057142857143,15729.526666666667,0,0
ACC_4c351aa4,12,7,3,3,74701.51,8394.27,0.11237082088434358,534.7099883458334,698.2175769577779,6225.125833333333,1199.1814285714286,0,0
ACC_4cab5393,7,3,2,3,5933.51,1745.4899999999998,0.29417494872343686,425.6597521297222,473.02958670444445,847.6442857142857,581.8299999999999,0,0
ACC_4d03fd6d,15,14,4,5,98460.30000000002,112439.16999999998,1.1419746842128244,671.1681616886111,632.0345417872222,6564.020000000001,8031.369285714284,0,0
ACC_4d065ac8,6,8,4,5,3527.3,76172.51000000001,21.595132254132057,511.3144609608333,648.1864980144444,587.8833333333333,9521.563750000001,0,0
ACC_4db2580e,2,15,1,5,32994.35,256311.24,7.768337306235765,518.6992954902778,499.30509601166665,16497.175,17087.416,0,0
ACC_4ddb44a7,2,11,1,4,1734.19,50102.78999999999,28.891176860666935,181.03196839777777,141.3390394575,867.095,4554.79909090909,0,0
ACC_4e1f0ba7,4,11,3,6,2243.9,202060.83000000002,90.04894603146307,481.2898493855556,203.72997965944447,560.975,18369.166363636366,0,0
ACC_4e4af38e,3,6,2,4,39030.21,4734.22,0.12129629843139456,421.7534196922222,467.52950497250004,13010.07,789.0366666666667,0,0
ACC_4e656a2c,3,7,2,2,1253.17,51596.729999999996,41.17296934972908,444.82928687222227,308.1264800425,417.72333333333336,7370.961428571428,0,0
ACC_4e839d1e,2,12,1,4,1170.52,24244.530000000002,20.71261490619554,79.98714402166668,116.86464629583334,585.26,2020.3775000000003,0,0
ACC_4ec07368,17,11,6,3,17750.850000000002,134520.61,7.578263012757134,592.6310911419445,632.4633452961111,1044.1676470588236,12229.146363636362,0,0
ACC_4ede43c5,11,9,5,3,54264.310000000005,18131.89,0.3341402479825137,656.7406514552778,687.6952129299999,4933.119090909091,2014.6544444444444,0,0
ACC_4ef6c9b9,7,10,3,4,33323.6,9231.6,0.2770288924365915,639.1465670202778,556.6391931797223,4760.5142857142855,923.1600000000001,0,0
ACC_4f89e8ad,18,9,8,3,605960.59,135333.88999999998,0.223337775151351,700.6788606097222,371.6725164975,33664.477222222224,15037.098888888888,0,0
ACC_4f941a06,5,11,2,3,3633.2,23155.160000000003,6.373213695915448,606.0563009980555,519.8509956011111,726.64,2105.014545454546,0,0
ACC_503b2eef,9,12,4,5,369298.43,158217.62999999998,0.42842757278984367,519.5000003766667,543.1259279133334,41033.15888888889,13184.802499999998,0,0
ACC_50521550,9,5,5,2,63908.770000000004,51167.4,0.800631900754779,480.66817776749997,514.7036446183333,7100.974444444445,10233.48,0,0
ACC_505ffd38,4,4,3,2,3343.78,72886.89,21.79775284259132,201.02393991194447,493.6015581027778,835.945,18221.7225,0,0
ACC_5061bf83,10,5,5,2,56994.62,4881.6900000000005,0.08565176853534598,634.2770795952779,512.9113329527778,5699.462,976.3380000000001,0,0
ACC_5077a110,15,10,6,5,20504.1,17430.670000000002,0.8501065640530432,525.2481786316666,607.8019234975001,1366.9399999999998,1743.0670000000002,0,0
ACC_5094762c,6,11,4,4,43832.42999999999,11567.840000000002,0.26391053382164764,692.6562646119444,681.432017525,7305.404999999999,1051.6218181818183,0,0
ACC_51126445,3,14,2,5,106762.04999999999,36149.43,0.33859812545750106,599.5246414541666,476.1556893461111,35587.35,2582.102142857143,0,0
ACC_511c2eb3,1,11,1,3,7583.57,17003.01,2.2420851920665332,131.8401436386111,999999.0,7583.57,1545.7281818181816,0,0
ACC_512f6e63,11,14,6,5,391992.65,237149.4,0.6049843026393479,530.5977481077778,597.1151241325,35635.69545454546,16939.242857142857,0,0
ACC_51325050,4,8,2,2,3449.67,69795.19,20.23242513051973,685.6470040219444,481.9286209172222,862.4175,8724.39875,0,0
ACC_51526f10,4,10,3,2,43011.270000000004,130943.09,3.044390226096555,502.9661010344444,364.85894392,10752.817500000001,13094.309,0,0
ACC_5190cded,8,4,2,2,6858.69,74430.56999999999,10.852009640324901,600.5459414697223,617.3738979422222,857.33625,18607.642499999998,0,0
ACC_51b31d22,4,6,1,3,51607.729999999996,10528.300000000001,0.20400626030247798,286.16777145805554,616.1865160255555,12901.932499999999,1754.716666666667,0,0
ACC_52276997,4,11,2,3,6449.8,52308.4,8.1100809327421,219.07361616222224,202.63774981861113,1612.45,4755.309090909091,0,0
ACC_5265ad55,4,10,3,4,7183.36,55632.75000000001,7.744669625356381,662.0140445333334,704.9583791983333,1795.84,5563.275000000001,0,0
ACC_52ac32f4,11,7,5,4,62559.380000000005,67078.49,1.0722371289485286,704.5155143713889,676.7068608291667,5687.216363636364,9582.641428571429,0,0
ACC_52dc067b,15,9,5,2,16268.08,30925.519999999997,1.9009938480754949,630.3031560630556,679.8020256186111,1084.5386666666666,3436.1688888888884,0,0
ACC_531527d5,4,13,2,3,2154.99,9183.96,4.26171815182437,646.0827938744444,337.70803670861113,538.7475,706.4584615384615,0,0
ACC_531ad75d,23,10,7,3,75353.29999999999,5312.21,0.0704973770226387,623.3561035594445,553.5524398063889,3276.230434782608,531.221,0,0
ACC_53412abd,8,3,2,2,68981.91,59074.479999999996,0.8563764036107436,198.43254205027776,619.4401544411111,8622.73875,19691.493333333332,0,0
ACC_534d153e,3,7,2,2,118765.18999999999,11735.220000000001,0.09881026586999105,540.3177255397222,347.3705802847223,39588.39666666666,1676.4600000000003,0,0
ACC_534e00cc,3,15,1,6,2231.81,14710.999999999998,6.591510926109301,396.39404227277777,403.0086711802778,743.9366666666666,980.7333333333332,0,0
ACC_535a54ad,5,15,2,5,5990.68,50012.94,8.348457937997022,384.54621880083334,396.72190619388886,1198.136,3334.1960000000004,0,0
ACC_539b7bda,2,5,1,5,65284.3,4516.27,0.0691785008034091,246.406357275,404.7400392105556,32642.15,903.2540000000001,0,0
ACC_540d6d76,12,4,4,2,67436.57,56211.979999999996,0.8335533672605233,508.2060274972222,641.9735234219445,5619.714166666668,14052.994999999999,0,0
ACC_541d2445,8,7,3,2,46771.95999999999,4204.43,0.08989210629616551,444.638681325,623.1466365425,5846.494999999999,600.6328571428572,0,0
ACC_543627ce,8,7,2,3,15520.35,5596.1,0.36056532230265426,498.1561867008333,628.8803049911111,1940.04375,799.4428571428572,0,0
ACC_547d133d,24,10,7,2,49549.869999999995,63950.77999999999,1.2906346676590674,598.9035962144444,601.0525909619445,2064.5779166666666,6395.0779999999995,0,0
ACC_548345a6,12,11,3,4,13198.079999999998,71673.65,5.430611876879062,578.8884541230556,636.3472332399999,1099.84,6515.786363636363,0,0
ACC_5486f233,22,9,7,4,699110.33,272680.02999999997,0.3900386223730952,689.6632023802778,699.0009592061111,31777.74227272727,30297.781111111108,0,0
ACC_54a990be,17,15,5,2,61095.27,33910.159999999996,0.5550374030591894,615.5321141908333,696.4278020069444,3593.839411764706,2260.677333333333,0,0
ACC_5501b275,10,5,5,3,7904.779999999999,131702.31,16.66109746254798,522.9376799422223,441.167021035,790.4779999999998,26340.462,0,0
ACC_55120209,5,8,3,3,58813.119999999995,11324.33,0.19254768323802582,321.43837389888887,322.80841941527774,11762.624,1415.54125,0,0
ACC_5562c9dc,14,10,5,4,185047.96999999997,64202.77,0.3469520362747022,653.4485070233333,607.9976197966666,13217.71214285714,6420.277,0,0
ACC_55971b2e,9,4,2,2,57271.8,2943.9700000000003,0.051403483040519074,662.2838761322222,656.7273267308333,6363.533333333334,735.9925000000001,0,0
ACC_55b34ec4,11,9,3,5,13343.289999999999,43877.71000000001,3.28837265771785,567.0725919855555,575.2140531277778,1213.0263636363636,4875.301111111112,0,0
ACC_56c9f13e,9,10,5,4,66811.92,65418.63,0.9791460865067192,616.0297362033333,640.2531312772221,7423.546666666666,6541.862999999999,0,0
ACC_5765e594,12,13,5,4,42754.950000000004,90156.41000000002,2.1086777086629738,619.4345650555556,698.0501597563889,3562.9125000000004,6935.1084615384625,0,0
ACC_57eeba75,12,9,3,4,7738.36,107432.05,13.883051447593548,465.63879766,414.08462635194445,644.8633333333333,11936.894444444444,0,0
ACC_5818ab63,17,7,4,2,36473.549999999996,111417.97,3.0547607787012785,687.7456329269445,682.0981561727777,2145.5029411764704,15916.852857142858,0,0
ACC_583cd289,3,11,2,4,1961.2399999999998,62363.719999999994,31.798107319858865,693.3633398677778,146.23794176472222,653.7466666666666,5669.4290909090905,0,0
ACC_5874aa93,16,6,8,3,70256.86,4359.55,0.06205159183032091,618.0194063297222,558.3732835883334,4391.05375,726.5916666666667,0,0
ACC_58aabf63,4,11,2,3,3355.17,32683.769999999997,9.741315641234273,438.41505047055557,335.70207098583336,838.7925,2971.2518181818177,0,0
ACC_58b9776f,12,9,5,2,11631.349999999999,7926.64,0.6814892510327694,583.1439262019444,568.4576819830555,969.2791666666666,880.7377777777779,0,0
ACC_58bee6bc,5,5,3,2,12073.98,3782.26,0.313257103291541,475.7233303963889,538.3391409836112,2414.796,756.452,0,0
ACC_58cc1ee1,3,11,2,4,4590.96,153713.36,33.48174673706588,409.7486758638889,323.60645820472223,1530.32,13973.941818181816,0,0
ACC_58fb2423,10,7,2,2,312474.33,6359.840000000001,0.020353159889966003,555.0679026002778,503.8567746761111,31247.433,908.5485714285716,0,0
ACC_590c58aa,7,5,2,5,15900.130000000001,2697.06,0.16962502822303968,500.5738613952778,525.1648266674999,2271.447142857143,539.412,0,0
ACC_5910c3c1,5,12,3,2,5188.469999999999,172646.63999999998,33.275057965064846,257.96479971611114,232.61270485583333,1037.694,14387.22,0,0
ACC_59299f9e,10,15,5,6,10839.22,111618.43000000001,10.297644110923112,633.2781284083333,614.9017575616666,1083.922,7441.228666666667,0,0
ACC_5957a67d,3,3,2,2,11525.07,90333.51999999999,7.838001851615651,587.3103847813888,571.2375497902777,3841.69,30111.17333333333,0,0
ACC_596f3c40,6,7,3,4,45475.439999999995,16032.179999999998,0.35254590169990657,536.2990100866667,516.9448139405556,7579.239999999999,2290.311428571428,0,0
ACC_5979fda8,7,3,4,2,62695.73,2178.9700000000003,0.03475467946541176,702.4473107605555,596.673689386111,8956.532857142858,726.3233333333334,0,0
ACC_59867bf8,13,8,4,4,26946.329999999998,7458.6900000000005,0.27679799067257027,607.8705010125,600.8552229080556,2072.794615384615,932.3362500000001,0,0
ACC_5992181c,12,11,4,5,5606.200000000001,172280.27,30.73031108415682,481.03579824111114,568.8590170988889,467.1833333333334,15661.842727272726,0,0
ACC_599ae02f,11,11,4,3,18122.839999999997,111497.81,6.152336499135898,621.4784666463889,561.3983639749999,1647.5309090909088,10136.164545454545,0,0
ACC_59b1bace,6,7,2,5,44649.229999999996,31887.95,0.7141881282163209,684.2196152158334,641.6018087708333,7441.538333333333,4555.421428571429,0,0
ACC_59e0d040,16,8,6,3,90812.29999999999,137619.27,1.5154254434696621,553.0113550536112,689.2603286505555,5675.768749999999,17202.40875,0,0
ACC_5a092d3d,17,10,6,4,46932.81,13435.14,0.2862632772254634,537.3388523786111,667.8175349844445,2760.7535294117647,1343.514,0,0
ACC_5a2ef56b,19,14,6,6,56833.18,18934.949999999997,0.33316717452727435,550.6446981177778,662.8260911258334,2991.22,1352.4964285714284,0,0
ACC_5a766d71,9,10,5,4,41091.44,83362.86000000002,2.028715956413307,467.0289416175,584.5050410052778,4565.7155555555555,8336.286000000002,0,0
ACC_5a76e724,6,10,4,5,11007.72,49227.61,4.47209867256798,549.9730672766667,542.2919602844445,1834.62,4922.761,0,0
ACC_5abf4730,3,13,1,4,3643.1899999999996,115522.69,31.7092136287155,558.1502807644445,414.86434236055555,1214.3966666666665,8886.360769230769,0,0
ACC_5addb049,7,14,2,5,5442.57,180322.73,33.13190827127626,653.4826257933333,673.6122690775,777.51,12880.195000000002,0,0
ACC_5ae77c0e,12,10,3,4,92479.73,14861.81,0.16070343198450082,563.9798962177778,632.5332273877779,7706.644166666666,1486.181,0,0
ACC_5b114872,10,8,4,4,9064.2,6904.0599999999995,0.761684428851967,579.7443897222222,667.2098689325,906.4200000000001,863.0074999999999,0,0
ACC_5b60c056,8,4,4,2,5247.72,20213.14,3.8517946841676003,429.3660744313889,702.5412246905556,655.965,5053.285,0,0
ACC_5b9e4efc,5,7,2,2,38205.83,19533.329999999998,0.5112656890322759,507.68314865694447,497.4445934197222,7641.166,2790.475714285714,0,0
ACC_5baa2e49,20,12,4,3,123153.71,92311.36,0.7495621528575955,574.5251482019445,683.9887606788889,6157.6855000000005,7692.613333333334,0,0
ACC_5c29a2ce,2,4,1,3,40399.26,47132.66,1.1666713697231088,430.71397298750003,129.2525314275,20199.63,11783.165,0,0
ACC_5c68f31e,13,11,6,4,20051.170000000002,11740.029999999999,0.5855034893225681,675.9427190516667,671.8847845083333,1542.3976923076925,1067.2754545454545,0,0
ACC_5cad1e2e,14,9,6,6,41267.96000000001,48209.48,1.1682060368382639,676.0481611825,670.9513886097222,2947.711428571429,5356.608888888889,0,0
ACC_5cc360e5,7,11,3,4,4968.14,9183.210000000001,1.848420133088037,591.3453505002778,630.9097392619444,709.7342857142858,834.8372727272728,0,0
ACC_5cfe00cb,11,10,4,3,81496.9,140407.40000000002,1.7228557159842894,600.4426541411111,645.0499646200001,7408.809090909091,14040.740000000002,0,0
ACC_5d1bd3e9,8,13,3,6,287277.52,58021.40000000001,0.20196985827502273,571.6343443580556,519.0855886505556,35909.69,4463.184615384616,0,0
ACC_5d2f9d00,3,12,2,5,3000.8900000000003,11864.110000000002,3.953530452632386,596.6290665677778,501.50176931361113,1000.2966666666667,988.6758333333336,0,0
ACC_5d432cad,3,12,1,4,641.8299999999999,28232.52,43.98753564027859,528.5103330591667,348.8679568288889,213.9433333333333,2352.71,0,0
ACC_5d7bb519,23,8,9,5,44202.85000000001,160517.95,3.63139367710453,688.9051672280556,660.0176555247222,1921.8630434782615,20064.74375,0,0
ACC_5d8c7755,15,14,4,4,108793.71,20847.300000000003,0.19162229139901563,566.247010528889,687.1600652011111,7252.914000000001,1489.0928571428574,0,0
ACC_5d8d5cf6,8,14,3,3,9095.61,14782.589999999998,1.6252444860762496,697.2318152861111,715.6127976947222,1136.95125,1055.8992857142855,0,0
ACC_5dc51cc8,6,13,2,4,96333.74,115002.81999999999,1.1937958601005212,551.5813525619444,513.6343332677777,16055.623333333335,8846.370769230769,0,0
ACC_5e451aa7,24,8,7,5,791662.6,37812.950000000004,0.04776397167177028,597.4592183591667,690.2401551758334,32985.941666666666,4726.618750000001,0,0
ACC_5e79bc22,24,7,7,5,134022.96999999997,45262.06,0.337718676134397,587.7111217280557,671.5088091402778,5584.290416666666,6466.0085714285715,0,0
ACC_5e8f2966,7,13,3,5,245873.63000000003,12467.85,0.050708365919517266,713.977236593611,433.64877373333337,35124.804285714294,959.0653846153847,0,0
ACC_5ecd6f57,8,7,4,4,49962.16,7072.65,0.14156013270843373,667.4366801175,620.1041260886111,6245.27,1010.3785714285714,0,0
ACC_5ee53d34,5,4,2,3,1658.03,8429.800000000001,5.084226461523616,652.1684765730555,351.8345188725,331.606,2107.4500000000003,0,0
ACC_5f147bbe,11,13,4,3,36769.45,14966.810000000003,0.40704470695101513,428.28886692388886,493.67073208222223,3342.6772727272723,1151.2930769230773,0,0
ACC_5f3b479e,17,8,5,5,18739.0,130497.32,6.9639425796467265,568.6976256372222,598.069860495,1102.2941176470588,16312.165,0,0
ACC_5ff5db41,1,10,1,3,23654.65,6742.46,0.28503740279395384,411.3913947338889,999999.0,23654.65,674.246,0,0
ACC_5ffb7733,6,9,4,5,9344.56,43203.009999999995,4.623332719785629,606.3772588433333,587.2857384297222,1557.4266666666665,4800.334444444444,0,0
ACC_6037572b,0,15,0,4,0.0,28920.799999999996,0.0,999999.0,999999.0,0.0,1928.053333333333,0,0
ACC_60a58943,4,5,1,2,5819.880000000001,6982.85,1.1998271442022859,0.0,178.0704892938889,1454.9700000000003,1396.5700000000002,0,0
ACC_60c05914,12,11,4,5,46393.48,193625.78,4.1735558531069445,533.7823423933334,549.1612881147222,3866.1233333333334,17602.343636363636,0,0
ACC_60c6ccee,3,6,1,2,2497.2400000000002,6488.92,2.5984366740881932,674.8604653799999,590.1937423647222,832.4133333333334,1081.4866666666667,0,0
ACC_60e3606b,15,14,5,5,10021.230000000001,104600.94,10.437934265554228,663.1776878733333,644.6265928527778,668.0820000000001,7471.495714285715,0,0
ACC_60e7c16b,9,13,4,2,12138.84,197609.84000000003,16.27913705098675,502.4328251605555,661.3036568741667,1348.76,15200.756923076926,0,0
ACC_60f9354d,16,8,6,5,85705.23999999999,44593.41,0.5203113601922124,600.1493099463889,530.6133166602777,5356.577499999999,5574.17625,0,0
ACC_61a4a274,18,3,2,2,85219.57,3193.7,0.03747613370966316,380.59270035027777,699.9688801905555,4734.420555555556,1064.5666666666666,0,0
ACC_61ae0f40,11,9,3,4,56350.57,111865.59,1.9851722884080854,501.4927185547223,559.3085092241666,5122.779090909091,12429.51,0,0
ACC_61cc24c6,13,15,3,5,10471.51,16307.45,1.5573159935864074,645.0086377925,605.0513169513888,805.5007692307693,1087.1633333333334,0,0
ACC_61d79f96,2,8,1,3,876.24,50655.48,57.810052040536846,157.25108974527777,117.59466009222221,438.12,6331.935,0,0
ACC_62f45fa8,8,4,1,2,8995.739999999998,19652.250000000004,2.1846173855625004,603.6612720283333,694.9907774558334,1124.4674999999997,4913.062500000001,0,0
ACC_6312eb34,4,12,2,3,49014.53,22353.15,0.4560515014629336,377.59996038583336,376.2572985288889,12253.6325,1862.7625,0,0
ACC_635d7732,9,5,4,3,12197.98,109312.31,8.961509200703723,691.4926195941666,581.1124448044444,1355.331111111111,21862.462,0,0
ACC_63745002,22,6,8,4,39284.56,35728.450000000004,0.9094781766678819,521.2640257408333,632.3814208866667,1785.661818181818,5954.741666666668,0,0
ACC_640a3c55,1,12,1,3,505.53,92976.03999999998,183.91794750064287,405.1590793027778,999999.0,505.53,7748.003333333331,0,0
ACC_64530409,11,11,4,3,87708.2,47496.85999999999,0.5415327187195723,677.22854582,671.4589230255555,7973.472727272727,4317.896363636363,0,0
ACC_646872d4,19,6,9,4,91265.68000000001,22810.21,0.24993195689770784,569.7416962847223,680.0556938658334,4803.456842105264,3801.7016666666664,0,0
ACC_648cc2da,1,9,1,4,374.5,169196.9,451.7941255006675,478.82843173027777,999999.0,374.5,18799.655555555553,0,0
ACC_648fe298,19,6,5,4,17859.699999999997,4606.360000000001,0.25791922596684164,660.8146749166667,633.3169038002777,939.9842105263157,767.7266666666668,0,0
ACC_64978b6b,6,15,3,5,149544.18000000002,9908.16,0.06625573793644125,563.1598436016666,513.8885883388889,24924.030000000002,660.544,0,0
ACC_649acdc4,5,10,2,3,5176.55,129391.58,24.995717224792575,692.7903191986111,692.0300664655555,1035.31,12939.158,0,0
ACC_64a2f091,6,5,3,3,7605.59,53206.6,6.9957228827743805,687.031181165,643.1066300455556,1267.5983333333334,10641.32,0,0
ACC_64a41830,17,9,4,3,133160.26,42456.97,0.31884114675053954,448.00634190222223,612.8555218227779,7832.956470588236,4717.441111111111,0,0
ACC_64ad6995,17,10,5,5,20997.07,50951.89000000001,2.4266190473242224,629.3181895755556,709.6373137249999,1235.1217647058822,5095.189,0,0
ACC_653cb5a5,7,3,4,1,7663.610000000001,1971.04,0.2571947163282056,408.6268133636111,435.0765497425,1094.8014285714287,657.0133333333333,0,0
ACC_65d0d9ea,23,15,6,4,111866.02000000002,397773.93000000005,3.555806580049956,616.006871233611,679.7646255333334,4863.740000000001,26518.262000000002,0,0
ACC_6671cb7a,1,10,1,4,391.05,11624.66,29.72678685590078,663.5036612363889,999999.0,391.05,1162.466,0,0
ACC_66953e7f,4,11,1,5,7729.83,79730.94,10.31470808543008,672.5294951458334,542.2721638505556,1932.4575,7248.267272727273,0,0
ACC_66cdd564,15,13,3,5,588627.4600000001,15923.65,0.02705216980532984,648.5125188252778,483.12967779777773,39241.83066666667,1224.8961538461538,0,0
ACC_670a2f4c,8,12,2,2,10054.97,115313.15000000001,11.468273898380604,649.0842839572222,665.4158863213888,1256.87125,9609.429166666667,0,0
ACC_67f98b2f,1,14,1,2,302.55,18216.320000000003,60.20928772103785,490.0876288519445,999999.0,302.55,1301.1657142857146,0,0
ACC_6836e460,7,14,3,2,3708.5200000000004,61282.17,16.52469718378221,468.48072532055556,525.7453699955556,529.7885714285715,4377.297857142857,0,0
ACC_688e35c7,18,15,5,5,12535.67,66505.81000000001,5.305325523087319,561.0028981211111,688.794795566111,696.4261111111111,4433.720666666667,0,0
ACC_695c0621,9,8,4,5,92234.87,134117.31,1.4540846645092036,597.9582814316666,528.7304951575001,10248.318888888889,16764.66375,0,0
ACC_69b1b7e5,9,12,5,3,9896.52,84402.26,8.528478697562374,590.0273999330556,518.5959950566667,1099.6133333333335,7033.5216666666665,0,0
ACC_6a447a69,5,8,3,3,46225.649999999994,8825.789999999999,0.19092841312128656,670.8780807125,634.3418941844445,9245.13,1103.2237499999999,0,0
ACC_6a521524,8,11,3,5,6303.21,165958.82,26.32925445923585,377.27408697916667,457.6781860097222,787.90125,15087.165454545455,0,0
ACC_6a60452e,3,3,1,3,36837.94,13529.859999999999,0.36728058083595333,588.0833851588889,262.73037235972225,12279.313333333334,4509.953333333333,0,0
ACC_6ab25002,7,8,4,4,8027.86,85088.94,10.599205765920184,524.2081468766667,386.97687730944443,1146.837142857143,10636.1175,0,0
ACC_6b250e44,9,7,4,5,11700.949999999999,28119.719999999998,2.4031997401920355,394.6285840263889,479.95600141861115,1300.1055555555554,4017.102857142857,0,0
ACC_6b264c50,7,8,4,2,5893.34,9235.420000000002,1.5670943811149538,415.7573497219445,509.7702823086111,841.9057142857143,1154.4275000000002,0,0
ACC_6b7cbd98,11,9,4,4,288986.22000000003,52361.37999999999,0.18118988510940068,677.2549721147222,697.6316612813889,26271.47454545455,5817.93111111111,0,0
ACC_6c598e1c,6,12,2,2,3622.48,77637.09999999999,21.43202999050374,546.5117265422223,562.7580796083333,603.7466666666667,6469.758333333332,0,0
ACC_6c9af5cc,8,5,4,4,296351.82999999996,38762.83,0.13080003588977335,624.0198828208333,217.89948325694445,37043.978749999995,7752.566000000001,0,0
ACC_6c9ff9b6,15,7,5,5,13243.619999999999,65366.25,4.935678462535169,660.2859678499999,636.7769010300001,882.9079999999999,9338.035714285714,0,0
ACC_6cb6203c,6,11,2,3,60937.16999999999,104031.42,1.707191522021781,559.1881056702778,598.1359585386111,10156.194999999998,9457.401818181817,0,0
ACC_6cd24de8,12,9,3,5,41607.84,87471.06000000001,2.102273513837777,657.1961369722222,641.5844129505556,3467.3199999999997,9719.006666666668,0,0
ACC_6d0554f1,9,5,5,2,7750.4800000000005,69935.66,9.023397260556765,396.017182235,380.45814619888887,861.1644444444445,13987.132000000001,0,0
ACC_6d163fb6,18,3,4,2,40754.090000000004,4388.83,0.10769054099846173,658.5703636133334,644.2970560802778,2264.1161111111114,1462.9433333333334,0,0
ACC_6d88bb40,2,15,1,6,5900.5199999999995,127795.29000000001,21.658309776087535,451.58228584,8.434075089444445,2950.2599999999998,8519.686,0,0
ACC_6db10486,7,5,3,3,39228.43,100620.53,2.5649899830301646,483.23532544444447,523.583479503889,5604.061428571428,20124.106,0,0
ACC_6dcb0316,0,12,0,3,0.0,118389.7,0.0,999999.0,999999.0,0.0,9865.808333333332,0,0
ACC_6df9f4c0,12,7,4,5,56634.45999999999,35082.899999999994,0.6194620730911886,496.5059611772222,495.1423771163889,4719.538333333333,5011.842857142857,0,0
ACC_6e3d26c4,23,5,6,2,20600.28,53914.189999999995,2.6171581162974484,703.0819573522222,657.173901413889,895.6643478260869,10782.838,0,0
ACC_6e45f104,7,5,4,3,14380.949999999999,33176.87,2.307001275993589,410.0445155525,303.24713017722223,2054.4214285714284,6635.374000000001,0,0
ACC_6e60ce2c,13,12,6,5,62193.719999999994,105069.56000000001,1.6893917906824036,588.1818676230556,581.9661228555556,4784.132307692307,8755.796666666667,0,0
ACC_6e7c4544,3,15,1,5,2510.95,170539.61000000002,67.91836157629584,515.3130765961112,560.7193618994444,836.9833333333332,11369.307333333334,0,0
ACC_6e84d0c4,6,11,4,5,30118.789999999997,24547.76,0.8150314139445841,400.0423366938889,352.62811041444445,5019.798333333333,2231.6145454545454,0,0
ACC_6f01b33c,1,13,1,5,779.56,89356.52,114.62430088768025,586.7524805405557,999999.0,779.56,6873.578461538462,0,0
ACC_6f0f326f,20,6,7,4,85221.41,141929.81999999998,1.6654244514377312,571.7571620541667,656.8766626080555,4261.0705,23654.969999999998,0,0
ACC_6f4bfd9f,4,13,2,4,6737.53,61304.32,9.098930913851218,522.0996398033334,345.3303703294444,1684.3825,4715.716923076923,0,0
ACC_6f63f8a7,11,15,3,3,95064.53,95258.79000000001,1.0020434540622039,552.433483048611,602.0300856169443,8642.23,6350.586,0,0
ACC_6fcdbf04,4,13,2,4,3322.35,162157.03,48.807931133083514,659.3578251108333,677.9296573338889,830.5875,12473.617692307693,0,0
ACC_6fef466b,2,10,1,5,1973.6100000000001,134873.2,68.33832418765613,193.32901165166666,393.4857817183333,986.8050000000001,13487.320000000002,0,0
ACC_70701e70,8,7,3,5,62037.71,45579.92,0.7347131285148985,708.1654464658333,464.6189272855555,7754.71375,6511.417142857143,0,0
ACC_70783356,0,4,0,3,0.0,30601.350000000002,0.0,999999.0,999999.0,0.0,7650.337500000001,0,0
ACC_7135afba,3,15,1,2,6242.56,65455.09999999999,10.48529769838015,402.63288343722223,434.28725839277774,2080.8533333333335,4363.673333333333,0,0
ACC_72045a93,2,15,1,2,44847.89,109584.68,2.4434745982475428,629.1860655483333,112.21884957666667,22423.945,7305.645333333333,0,0
ACC_721e2d26,9,9,5,3,12066.34,52818.56999999999,4.377348060803856,687.6235398797222,696.9748912041666,1340.7044444444446,5868.73,0,0
ACC_724271b1,10,9,2,2,5652.66,11889.419999999998,2.103331882688858,649.6688169072222,564.7827561555556,565.266,1321.0466666666664,0,0
ACC_728f3d15,7,9,3,4,9180.04,88576.01999999999,9.648761879033204,468.2939331147222,580.0947610619444,1311.4342857142858,9841.779999999999,0,0
ACC_729b895b,14,7,6,2,417761.2,64614.490000000005,0.15466848046204387,642.45492944,702.0745799208332,29840.085714285717,9230.641428571429,0,0
ACC_72c67ff1,9,13,5,3,18158.71,8381.519999999999,0.4615702326872338,646.8081960883333,625.3416158480555,2017.6344444444444,644.7323076923076,0,0
ACC_7304d9a1,8,3,4,3,25781.910000000003,1250.52,0.048503776485140156,502.74323370472223,518.7710721202778,3222.7387500000004,416.84,0,0
ACC_7322a473,11,6,3,4,349399.94,8871.970000000001,0.025392019243048528,368.9205712672222,610.3473355830555,31763.63090909091,1478.6616666666669,0,0
ACC_7376c40d,12,4,4,3,15695.369999999999,2747.93,0.17507902011867194,435.45652923555554,452.1178729219444,1307.9475,686.9825,0,0
ACC_73d58eba,14,9,5,3,71338.12000000001,29213.510000000002,0.40950770780054196,688.9733845280556,630.8070891822223,5095.580000000001,3245.945555555556,0,0
ACC_7420b339,14,11,4,5,399380.20999999996,142325.33000000002,0.3563655044399922,589.9776955961112,647.0343038347222,28527.157857142854,12938.666363636365,0,0
ACC_74339921,1,3,1,3,182.74,43007.18,235.34628433840427,93.9607944236111,999999.0,182.74,14335.726666666667,0,0
ACC_7442370d,10,9,4,3,299347.61,107878.44,0.36037849107931746,576.7670640683333,631.1694935488888,29934.761,11986.493333333334,0,0
ACC_7447de7e,4,11,2,4,5092.01,48969.409999999996,9.61691159286804,540.5721774655556,383.0770246875,1273.0025,4451.764545454545,0,0
ACC_748649c6,13,11,4,4,492611.85,41778.95,0.08481109417079594,682.6122427986111,603.4139985383333,37893.21923076923,3798.0863636363633,0,0
ACC_748e6417,9,8,4,3,11438.44,86648.85,7.575233161165334,562.8758328591666,506.8260188719445,1270.937777777778,10831.10625,0,0
ACC_749b7e17,8,15,2,4,73571.76999999999,59596.17999999999,0.8100414058272623,653.1976820166666,632.0883022788889,9196.471249999999,3973.0786666666663,0,0
ACC_74d760d6,7,11,3,3,11272.199999999999,8994.860000000002,0.7979684533631415,595.9478577238889,540.7105989738889,1610.3142857142855,817.7145454545457,0,0
ACC_74dd44d3,7,3,3,3,33530.469999999994,52886.0,1.5772519740999755,675.5129947825,625.4159707766667,4790.067142857142,17628.666666666668,0,0
ACC_74e81805,2,5,1,3,111995.95999999999,4736.74,0.04229384702805351,232.26014212222222,334.03055988805556,55997.979999999996,947.348,0,0
ACC_752d955b,1,9,1,2,4367.2,245947.54,56.316985711668806,120.26294566138888,999999.0,4367.2,27327.504444444447,0,0
ACC_7560a164,8,3,4,2,59849.79,1945.92,0.032513397290115806,630.8298837441666,655.4311972738889,7481.22375,648.64,0,0
ACC_7578239d,13,7,4,3,14847.639999999998,3852.3900000000003,0.2594614362955999,619.4294454644445,564.7814640188889,1142.1261538461536,550.3414285714287,0,0
ACC_75ec225b,18,8,5,4,74123.09,24628.4,0.33226353623412086,527.9084852977778,649.9320658577778,4117.949444444444,3078.55,0,0
ACC_75f13d34,27,5,7,4,128539.18,4871.570000000001,0.037899494924426944,466.6099452725,668.233685315,4760.71037037037,974.3140000000001,0,0
ACC_7613a3af,15,5,3,2,44527.619999999995,14582.07,0.3274837056191191,587.5600227272222,640.7781194008334,2968.508,2916.4139999999998,0,0
ACC_7680b71c,6,12,3,4,6150.250000000001,37903.479999999996,6.16291695459534,693.1733699844444,590.0226511680556,1025.0416666666667,3158.623333333333,0,0
ACC_76872cc5,5,11,3,4,4433.26,155364.55,35.04521503363213,601.5593316136112,653.4569677438889,886.652,14124.05,0,0
ACC_76bbb4ca,6,13,1,3,99166.8,149228.12,1.5048193548647328,593.8128001008333,295.9041018061111,16527.8,11479.086153846154,0,0
ACC_77930c1d,5,10,3,4,6781.05,122728.59,18.09875904174132,625.4035427575,632.7962678677777,1356.21,12272.859,0,0
ACC_779eefa0,9,3,2,2,6613.87,1305.13,0.1973322729355128,483.89505636138887,549.7739915574999,734.8744444444444,435.04333333333335,0,0
ACC_77bdbf25,13,6,7,2,67430.99,11198.02,0.16606637393281634,640.1237633930556,636.9864335077777,5186.999230769231,1866.3366666666668,0,0
ACC_7808f9a9,10,8,3,5,14891.86,66143.79000000001,4.441607025583104,664.36399085,693.2297614980555,1489.1860000000001,8267.973750000001,0,0
ACC_78140cb7,7,7,3,2,234939.92000000004,10420.79,0.04435512704694885,618.7018215488889,377.0893492752778,33562.84571428572,1488.6842857142858,0,0
ACC_78630a59,7,7,2,4,8481.54,22835.869999999995,2.6924202444367404,528.8295852722223,649.2003052947223,1211.6485714285716,3262.267142857142,0,0
ACC_789b824a,8,15,4,6,19281.15,33544.69,1.739766040925982,596.7131871377777,619.5182659672223,2410.14375,2236.3126666666667,0,0
ACC_7921b80c,4,7,2,4,85067.32999999999,52837.479999999996,0.6211254073684928,511.6800937697222,639.7359829330555,21266.832499999997,7548.211428571428,0,0
ACC_79678266,20,3,8,2,691125.4600000001,17633.010000000002,0.025513471895536884,492.7001128236111,639.7228897297222,34556.273,5877.670000000001,0,0
ACC_7a7935f1,13,10,3,4,86182.88999999998,16926.86,0.19640627043256503,625.0393772941666,633.6598324597222,6629.453076923076,1692.6860000000001,0,0
ACC_7ad383fe,13,9,5,5,78628.38,12459.96,0.15846644684781752,612.1213770891667,531.4512194975,6048.336923076923,1384.4399999999998,0,0
ACC_7b0cdbd1,21,7,7,3,727646.11,16664.35,0.022901723476539987,461.83514608972223,674.3786825380556,34649.81476190476,2380.621428571428,0,0
ACC_7b40bbca,1,9,1,5,38516.74,110726.47,2.8747622462337157,269.9992980472222,999999.0,38516.74,12302.941111111111,0,0
ACC_7c1935af,6,5,2,4,47388.11,2262.9700000000003,0.0477539619115428,495.4237272152778,407.59924495444443,7898.018333333333,452.59400000000005,0,0
ACC_7c5e0bd9,6,11,2,3,15440.21,102044.66,6.609020214103306,561.6428338063889,436.6006666422222,2573.3683333333333,9276.787272727273,0,0
ACC_7c80afe3,11,3,4,2,7488.320000000001,35158.07,4.695054431434554,632.4997605308333,583.8607277758333,680.7563636363637,11719.356666666667,0,0
ACC_7c862600,10,4,4,4,58155.520000000004,83723.90000000001,1.4396552554254523,348.0560605369444,710.3432453755556,5815.552000000001,20930.975000000002,0,0
ACC_7c915a53,8,5,4,3,6951.29,11062.51,1.5914326693318794,526.5365745077778,368.547755555,868.91125,2212.502,0,0
ACC_7ca831f0,2,10,1,3,249.91,37557.689999999995,150.28486255051817,696.8629659277777,171.10281431472222,124.955,3755.7689999999993,0,0
ACC_7cc71588,8,9,3,4,61666.52000000001,179016.87000000002,2.9029831746626855,660.4233508525,524.4994629286111,7708.315000000001,19890.763333333336,0,0
ACC_7ce2a273,3,6,2,2,3260.02,4917.67,1.5084784755921743,642.3464264722223,585.8824364241667,1086.6733333333334,819.6116666666667,0,0
ACC_7d085596,11,8,5,5,73163.06,133065.90000000002,1.8187579907128,540.4243617863889,636.9010568666666,6651.187272727272,16633.237500000003,0,0
ACC_7d7e6575,3,6,3,3,5759.120000000001,87446.93000000001,15.184078470321854,506.3990501883334,505.11177384499996,1919.706666666667,14574.488333333335,0,0
ACC_7dd163e0,16,4,6,2,65093.46,4856.950000000001,0.07461502276880044,398.6304559783334,533.6125300016666,4068.34125,1214.2375000000002,0,0
ACC_7e30f5d9,18,15,5,5,38906.189999999995,23162.559999999998,0.5953438257511209,659.3849689752778,581.9528927375,2161.455,1544.1706666666664,0,0
ACC_7f432b56,6,11,5,5,5195.83,95297.54,18.341158198016487,662.6876182658334,669.4273760319444,865.9716666666667,8663.412727272727,0,0
ACC_7f4b1938,5,4,2,2,221823.55,1994.12,0.008989667688574995,356.91634216833336,553.6388134919445,44364.71,498.53,0,0
ACC_7f8daa80,30,6,6,2,67387.49999999999,30368.519999999997,0.45065509181969954,409.6580438563889,684.7875737758334,2246.2499999999995,5061.419999999999,0,0
ACC_7fc0dba9,18,7,4,4,80217.25000000001,3880.25,0.048371765424519035,544.9052094275,654.5275873816666,4456.51388888889,554.3214285714286,0,0
ACC_7fc7b38a,18,6,6,5,83954.56000000001,3917.59,0.0466632187697726,519.9469712733334,642.2577433022221,4664.142222222223,652.9316666666667,0,0
ACC_7ff88d76,0,3,0,3,0.0,4517.95,0.0,999999.0,999999.0,0.0,1505.9833333333333,0,0
ACC_8030d89f,14,4,4,3,101640.57,2407.44,0.02368581758248699,600.5457391894445,657.281089756389,7260.040714285715,601.86,0,0
ACC_8058b1ef,5,12,1,4,4416.3,13691.65,3.1002536059597396,652.7400728319444,533.8504921055555,883.26,1140.9708333333333,0,0
ACC_80cefc4d,5,5,1,3,2645.62,37068.259999999995,14.011180744022194,305.5510159341667,226.77538407527777,529.124,7413.651999999999,0,0
ACC_80f4c2e7,1,3,1,2,305.28,1329.6100000000001,4.3553786687631035,544.1868596227778,999999.0,305.28,443.2033333333334,0,0
ACC_811a1f4c,18,10,7,2,50401.630000000005,24429.08,0.48468829281910125,642.8662058872222,637.6817482777778,2800.090555555556,2442.9080000000004,0,0
ACC_819ea856,3,3,1,2,3662.2,1853.64,0.5061547703566163,293.26014722944444,487.8665803419444,1220.7333333333333,617.88,0,0
ACC_81df2a5d,7,12,3,2,8470.27,9900.329999999998,1.168832870734935,497.06262420027775,643.1061459727778,1210.0385714285715,825.0274999999998,0,0
ACC_82258437,9,14,4,5,33044.61,12170.64,0.3683093854035499,465.58580373916664,339.999132,3671.6233333333334,869.3314285714285,0,0
ACC_822ba133,12,6,3,3,59903.05,16195.27,0.2703580201675875,553.5991633694445,602.9876723777778,4991.920833333334,2699.2116666666666,0,0
ACC_82dd3d1a,22,8,7,3,138914.51000000004,36838.68,0.26518957594854553,641.4078574386111,692.1151800458334,6314.295909090911,4604.835,0,0
ACC_830f3b17,11,7,4,5,14323.890000000001,50620.67,3.5340029838263205,600.3021079511111,679.3231025113888,1302.1718181818183,7231.524285714286,0,0
ACC_8341ef5c,4,12,1,5,3655.13,71307.42,19.508860149980986,711.9219565033333,672.3409174741666,913.7825,5942.285,0,0
ACC_838db8af,23,11,6,2,55854.03000000001,9302.41,0.16654859103273295,667.7203765452778,672.3515265852778,2428.436086956522,845.6736363636363,0,0
ACC_839d75cd,12,3,5,2,8003.3099999999995,3679.6000000000004,0.4597597743933448,658.0812879047222,659.1558357536111,666.9425,1226.5333333333335,0,0
ACC_83f304a2,20,12,5,3,102085.42000000001,272438.37,2.6687294816439016,665.6288641747221,649.1156751249999,5104.271000000001,22703.1975,0,0
ACC_83f4b262,4,9,2,4,4210.889999999999,88634.53,21.048882777750073,323.9095922913889,510.9322818047222,1052.7224999999999,9848.281111111111,0,0
ACC_8402b070,4,5,2,2,13237.980000000001,3830.33,0.28934399357001594,505.7437267547222,400.7731167483334,3309.4950000000003,766.066,0,0
ACC_842af1fc,1,12,1,3,44531.05,195381.37999999998,4.3875313966322365,54.90827494972222,999999.0,44531.05,16281.781666666664,0,0
ACC_843b93d2,10,3,4,3,21879.23,81220.2,3.712205594072552,0.0,515.8341389219445,2187.923,27073.399999999998,0,0
ACC_84ca624b,5,13,2,5,6526.22,35248.32,5.401031531269249,582.5815721083333,361.74007434000004,1305.2440000000001,2711.409230769231,0,0
ACC_84e132b8,6,6,5,4,49995.89000000001,34124.97,0.6825555060625983,478.2627008636111,418.3619010975,8332.648333333334,5687.495,0,0
ACC_850f2d58,12,9,5,3,23772.08,35630.950000000004,1.4988570625708815,589.7307126455556,650.9504790852777,1981.006666666667,3958.994444444445,0,0
ACC_851e7907,2,5,1,2,1218.9099999999999,5047.099999999999,4.140666661197299,653.948706945,50.70965343666666,609.4549999999999,1009.4199999999998,0,0
ACC_853e7796,2,4,1,2,1892.31,3956.33,2.0907409462508784,355.65049995833334,101.82950977666667,946.155,989.0825,0,0
ACC_8563fe93,10,9,4,3,280958.93000000005,106008.2,0.3773085269081854,542.9734448638889,511.0712610333333,28095.893000000004,11778.688888888888,0,0
ACC_85bac6f9,9,10,4,5,10653.51,14533.159999999998,1.3641663639495338,610.9167216911111,452.2396032561111,1183.7233333333334,1453.3159999999998,0,0
ACC_860b373d,11,7,4,4,10381.47,8200.74,0.789940152984115,544.4897474380556,454.8700071472222,943.77,1171.5342857142857,0,0
ACC_86291fef,8,14,3,2,216767.84999999998,95262.91,0.439469736863654,476.74326770277776,568.383378313611,27095.981249999997,6804.493571428572,0,0
ACC_86526069,14,10,5,3,503477.2200000001,128799.06,0.2558190418227859,654.4416076783333,680.4089245733333,35962.658571428576,12879.905999999999,0,0
ACC_866945ac,5,10,4,4,13491.609999999999,44480.53999999999,3.296903779459975,450.23381315638886,231.5933483088889,2698.3219999999997,4448.053999999999,0,0
ACC_866a29a6,24,13,5,4,104182.68,16904.8,0.16226113592009728,638.6775003444445,680.9682033488889,4340.945,1300.3692307692306,0,0
ACC_86ffefc6,13,12,5,4,10395.590000000004,29295.6,2.8180795895182467,590.9869312327778,642.7670343274999,799.6607692307696,2441.2999999999997,0,0
ACC_87574544,7,4,3,2,200659.83999999997,8006.679999999999,0.03990175612618848,501.49442018694447,556.3831887241666,28665.691428571423,2001.6699999999998,0,0
ACC_8781c763,11,12,3,3,7844.200000000001,39038.299999999996,4.976708905943243,511.6256236805555,388.0742913944444,713.1090909090909,3253.191666666666,0,0
ACC_87cb3edb,11,6,3,5,34995.25,125681.59,3.591389974353662,630.4003784669444,583.5002711977777,3181.3863636363635,20946.931666666667,0,0
ACC_87db14a0,11,14,6,6,393402.93999999994,299732.08,0.7618958821202507,541.1408754141667,534.8772327183333,35763.90363636363,21409.434285714287,0,0
ACC_881d78e0,4,9,2,2,27539.38,56746.35,2.060552924575644,486.2124630558334,428.9264021811111,6884.845,6305.15,0,0
ACC_8853358a,7,6,3,3,51629.99,18869.479999999996,0.3654751821567271,672.9895152344445,476.6605506858333,7375.712857142857,3144.9133333333325,0,0
ACC_88c449d4,10,9,6,3,368336.46,8831.380000000001,0.023976393756947115,622.8803458811111,694.8560272936112,36833.646,981.2644444444445,0,0
ACC_88c4acb5,8,9,1,4,5111.709999999999,5700.83,1.1152491045071025,642.8857799505555,693.8329771130556,638.9637499999999,633.4255555555555,0,0
ACC_88d467b9,20,7,7,4,738921.15,79006.37,0.10692124592725488,485.2837527444444,683.5890849736112,36946.0575,11286.624285714284,0,0
ACC_88e90a3e,11,13,4,5,278417.85,228156.98999999996,0.8194768762132169,666.6264165111111,708.1723366630556,25310.713636363635,17550.53769230769,0,0
ACC_8963c77c,0,3,0,3,0.0,6464.12,0.0,999999.0,999999.0,0.0,2154.7066666666665,0,0
ACC_896d606f,6,4,4,3,4722.87,2627.6800000000003,0.5563735609915158,373.8739655811111,422.63602631666663,787.145,656.9200000000001,0,0
ACC_8981fded,30,7,7,4,122544.18,5164.42,0.04214333149073257,635.5129421969446,696.6750776372222,4084.8059999999996,737.7742857142857,0,0
ACC_89d5508b,9,12,4,4,10234.01,79508.35,7.769031884862337,487.8115773972222,397.28127736944447,1137.1122222222223,6625.695833333334,0,0
ACC_8a473cf1,12,13,5,5,10680.07,17995.91,1.6849992556228564,677.4652145391666,681.0587129108334,890.0058333333333,1384.3007692307692,0,0
ACC_8a80ca45,1,5,1,4,11906.54,75486.23999999999,6.339897232949285,417.76643456722223,999999.0,11906.54,15097.247999999998,0,0
ACC_8b3bd1c6,5,6,4,2,3192.98,4814.66,1.5078891818927773,618.5830786688888,292.4117560388889,638.596,802.4433333333333,0,0
ACC_8b4261a2,4,15,3,5,3701.6500000000005,182138.9,49.204787054421665,280.1779736911111,312.35523368222226,925.4125000000001,12142.593333333332,0,0
ACC_8b4ecc1f,18,8,8,4,113490.69,176170.88,1.5522936727232868,635.7386904158333,645.8683915586112,6305.038333333334,22021.36,0,0
ACC_8b5aa36d,6,7,3,3,10188.51,101380.50999999998,9.950474603254056,446.18300165000005,352.5423687258333,1698.085,14482.929999999997,0,0
ACC_8bac5de4,12,5,6,2,57206.93,21664.9,0.3787111106993506,551.8010287880555,480.5798308108333,4767.244166666666,4332.9800000000005,0,0
ACC_8c5dd497,7,3,3,3,6434.279999999999,46784.799999999996,7.271178748826598,535.2153116063889,506.6253490711111,919.182857142857,15594.933333333332,0,0
ACC_8c7681cf,15,10,3,5,10924.73,33794.71,3.0934137502711736,559.1062823469445,505.7182560877778,728.3153333333333,3379.471,0,0
ACC_8cb1551f,6,8,2,3,5031.65,95572.68000000001,18.99430206791013,498.56477256027773,248.09746854805556,838.6083333333332,11946.585000000001,0,0
ACC_8ccff9ee,5,15,2,3,24615.539999999997,319986.33,12.999362597773604,616.3054071125,509.25665918361113,4923.107999999999,21332.422000000002,0,0
ACC_8cddbe01,16,10,7,4,497354.19,188508.69,0.37902302582391034,696.1284227127777,592.6552975288888,31084.636875,18850.869,0,0
ACC_8dc64b65,6,8,2,3,189729.59999999998,5384.82,0.028381549320717486,469.6337719622222,392.2642723491667,31621.599999999995,673.1025,0,0
ACC_8dcbe55b,19,15,8,5,602031.6699999999,157197.00000000003,0.2611108482050455,664.9086029344444,665.6150464577778,31685.87736842105,10479.800000000001,0,0
ACC_8e0ca2de,10,3,3,1,47171.82,105929.3,2.2456055331339773,516.1827656541666,628.5777524744445,4717.182,35309.76666666667,0,0
ACC_8e56cd52,4,11,2,6,3144.44,14166.33,4.5051996539924435,250.82859463472224,288.0323514519444,786.11,1287.8481818181817,0,0
ACC_8e91ad02,9,11,4,5,12409.5,132073.15,10.642906644103308,626.0221737538889,578.326372675,1378.8333333333333,12006.65,0,0
ACC_8e9b1e54,1,5,1,3,1565.41,5565.14,3.5550686401645577,210.01761547083333,999999.0,1565.41,1113.028,0,0
ACC_8ef6e34c,8,12,3,2,28054.36,14548.740000000002,0.518591049662156,700.5255306508334,693.0848926105556,3506.795,1212.3950000000002,0,0
ACC_8f082d44,10,4,5,2,5728.96,48901.659999999996,8.5358703848517,318.0015703302778,600.9608461147222,572.896,12225.414999999999,0,0
ACC_8f3ee2da,5,5,2,2,15982.14,99624.62999999999,6.233497516602908,508.22652021361114,436.76972176305554,3196.428,19924.926,0,0
ACC_8f463e7f,4,4,3,3,28065.840000000004,11611.449999999999,0.4137218055828722,365.4562963166667,529.5058907188888,7016.460000000001,2902.8624999999997,0,0
ACC_9046e21f,1,5,1,4,1113.66,1135.68,1.0197726415602608,0.0,999999.0,1113.66,227.13600000000002,0,0
ACC_90b5a6a8,6,13,3,3,107239.07999999999,307425.70999999996,2.86673207192751,609.3214157161111,481.1670128538889,17873.179999999997,23648.131538461537,0,0
ACC_90bb62e7,5,7,2,2,5485.34,82184.93000000001,14.982650118315366,443.08427783555555,466.4190838127778,1097.068,11740.704285714286,0,0
ACC_90cf455e,7,8,3,4,10147.14,143406.01,14.13265314167342,523.7317819486111,470.44908002027773,1449.5914285714284,17925.75125,0,0
ACC_90f8be19,16,3,3,1,19470.15,9502.19,0.4880388697570383,330.1179457263889,695.0174410675,1216.884375,3167.396666666667,0,0
ACC_912b3a00,15,8,5,5,20031.26,7305.45,0.36470247003932854,571.5142318144444,660.9520249311112,1335.4173333333333,913.18125,0,0
ACC_91469d4d,12,11,5,3,13233.21,10433.14,0.7884058365279475,597.2505629350001,662.3876167241666,1102.7675,948.4672727272726,0,0
ACC_9181dd26,1,10,1,3,179.83,13408.749999999998,74.56347661680475,0.0,999999.0,179.83,1340.8749999999998,0,0
ACC_9218bda3,34,13,9,4,70106.19,51279.89,0.7314602319709572,712.5909210330556,700.5844763658333,2061.9467647058823,3944.606923076923,0,0
ACC_92293c2a,4,4,3,3,2783.59,4247.82,1.5260221512507228,555.2786600794444,512.3059376183334,695.8975,1061.955,0,0
ACC_930a59a0,5,8,2,2,9336.61,6221.02,0.6663039368678781,415.4453758463889,443.3973478527778,1867.3220000000001,777.6275,0,0
ACC_93579bfc,9,12,4,6,52623.54,141852.21,2.69560371651166,622.3293931266667,696.6075807838888,5847.06,11821.0175,0,0
ACC_937fe681,20,6,8,5,119247.93000000002,50930.11,0.4270942900224766,553.6516692808333,654.9751281338889,5962.396500000001,8488.351666666667,0,0
ACC_9383d879,8,6,1,3,7629.12,2803.7099999999996,0.36750110104441924,514.0773838566666,580.4377131141666,953.64,467.2849999999999,0,0
ACC_9389c1b2,5,3,3,3,5130.53,11290.64,2.200677123026276,547.0104542444444,433.42238599694446,1026.106,3763.5466666666666,0,0
ACC_93b49356,9,10,4,4,302161.16000000003,8332.720000000001,0.027577071785136117,640.9880819488889,644.4778744016667,33573.462222222224,833.2720000000002,0,0
ACC_93c82a3f,11,14,3,4,14333.69,17869.640000000003,1.2466880475299802,658.8145953308333,550.4230089647222,1303.0627272727272,1276.4028571428573,0,0
ACC_93d169ff,14,4,3,3,495685.97000000003,41259.5,0.0832371753430907,531.559640383611,620.0134745022223,35406.14071428571,10314.875,0,0
ACC_94015f6c,6,14,3,3,5658.23,19492.179999999993,3.444925356516083,644.2523183136111,566.9559496783334,943.0383333333333,1392.298571428571,0,0
ACC_941f8366,3,6,1,3,5489.82,68890.78000000001,12.548823094381968,408.6897695619444,270.78599866944444,1829.9399999999998,11481.796666666669,0,0
ACC_94399eb3,6,4,3,3,5594.5,60274.36,10.773860041111806,563.4473982619444,329.2077306186111,932.4166666666666,15068.59,0,0
ACC_944add47,11,9,5,4,96536.11000000002,87945.7,0.9110135057234022,661.6420994311111,661.7965331377777,8776.010000000002,9771.744444444445,0,0
ACC_946ec8f5,6,8,1,4,16348.479999999998,111798.07,6.838438191195758,626.9596157058334,580.1287374180555,2724.7466666666664,13974.75875,0,0
ACC_947a325e,6,11,2,3,7387.24,32177.93,4.35587986853006,602.0442396091668,666.1200844236112,1231.2066666666667,2925.2663636363636,0,0
ACC_952a0a3d,24,11,6,3,120190.40999999999,36458.219999999994,0.3033371797300633,552.0315955869445,686.6962845758334,5007.933749999999,3314.383636363636,0,0
ACC_952ade85,15,6,3,3,65652.15,8159.54,0.1242844293751233,688.9371269538889,629.9179944491667,4376.8099999999995,1359.9233333333334,0,0
ACC_95b293ee,4,11,2,4,14926.59,295150.70999999996,19.77348543773226,388.0071512136111,366.42215283111113,3731.6475,26831.882727272725,0,0
ACC_95b3443b,12,3,4,3,28324.85,4226.86,0.14922797472890412,481.7807531747222,679.9809512983334,2360.4041666666667,1408.9533333333331,0,0
ACC_95e29431,12,6,5,2,368012.98999999993,103293.92000000001,0.28068009229782903,572.8526857211111,667.0035592913889,30667.74916666666,17215.653333333335,0,0
ACC_9611ac11,4,13,2,6,1850.58,130802.91999999998,70.68212128089571,385.51817899944444,342.8589718677778,462.645,10061.763076923076,0,0
ACC_96412692,12,6,3,3,12455.64,36266.030000000006,2.911615139808152,648.0587832000001,695.7975860102778,1037.97,6044.338333333334,0,0
ACC_9656c6a7,6,5,3,3,47673.96,30226.399999999998,0.6340232697262824,535.8981178127777,524.2803079736111,7945.66,6045.28,0,0
ACC_9674055a,3,11,1,4,1528.7900000000002,13416.69,8.776018943085708,513.9280746208333,381.1181296427778,509.59666666666675,1219.699090909091,0,0
ACC_97122e81,7,12,4,4,14620.049999999997,133506.22,9.131721163744311,528.0167401372222,471.49958099111115,2088.578571428571,11125.518333333333,0,0
ACC_976bd49c,10,3,5,2,6233.33,50193.64,8.052459921101562,180.70143145611112,549.2664191855556,623.333,16731.213333333333,0,0
ACC_97726886,9,5,5,4,39413.369999999995,23065.79,0.5852275509554246,539.9894825994445,584.0590015297223,4379.263333333332,4613.158,0,0
ACC_979b0a2a,13,8,3,4,11407.45,51523.31,4.516636934634821,619.3210590936112,637.5678556069445,877.4961538461539,6440.41375,0,0
ACC_97a2459f,3,9,1,4,2161.32,17312.09,8.0099615050062,428.3389472027778,269.4506782727778,720.44,1923.5655555555556,0,0
ACC_97b60b27,8,3,2,2,5966.1900000000005,3204.0299999999997,0.5370311706465934,605.78260566,631.3833863991667,745.7737500000001,1068.01,0,0
ACC_97c9c205,15,9,4,2,40383.42,75978.74999999999,1.881434261882723,573.9917664536111,590.9515952158334,2692.228,8442.083333333332,0,0
ACC_97cec316,15,11,5,2,27581.190000000002,213476.03999999998,7.739914050118938,694.0908778697222,556.0808757061111,1838.746,19406.912727272724,0,0
ACC_9851a2e9,1,4,1,3,345.53,39756.39,115.059155500246,341.1776583222222,999999.0,345.53,9939.0975,0,0
ACC_988f0be0,11,14,4,4,63059.77,17335.56,0.27490680666929174,677.2820234858334,557.5678485586111,5732.706363636364,1238.2542857142857,0,0
ACC_9890fade,10,12,4,4,56313.74,6242.340000000001,0.11084932380623275,636.6550534308333,677.3138497097223,5631.374,520.195,0,0
ACC_9910bc81,4,10,2,5,23796.11,115054.15,4.834998241309188,246.90146633333333,279.13700643444446,5949.0275,11505.414999999999,0,0
ACC_999cd301,11,10,6,3,44687.4,88720.76,1.9853641071084913,573.3561665288888,576.803260816389,4062.490909090909,8872.076,0,0
ACC_99e7646b,10,8,4,3,7711.82,95870.38999999998,12.431616661177257,445.02492630222224,442.2258936536111,771.182,11983.798749999998,0,0
ACC_9a245365,8,7,4,2,7961.72,43525.47,5.466842591801772,649.3812498222221,632.2059279430556,995.215,6217.924285714286,0,0
ACC_9abcf441,8,11,4,3,152854.4,94923.23999999999,0.6210043021332718,512.7502861877778,367.24668663166665,19106.8,8629.385454545454,0,0
ACC_9b255f5e,4,3,2,2,48561.11,2239.12,0.04610932493099931,299.38676002333335,202.93096248305554,12140.2775,746.3733333333333,0,0
ACC_9ba2338b,7,14,4,2,6725.380000000001,227173.06,33.77847199712134,430.2466647091666,469.4371851013889,960.7685714285716,16226.647142857142,0,0
ACC_9bd05a79,7,12,3,5,42525.42999999999,61547.40000000001,1.4473081165787158,697.4477770077777,510.4657016708333,6075.061428571427,5128.950000000001,0,0
ACC_9bd16570,11,6,3,3,422001.58999999997,4163.26,0.009865507852707381,545.8878387480556,522.0830907636112,38363.78090909091,693.8766666666667,0,0
ACC_9bd67f6a,7,15,4,4,39683.06,198688.80000000002,5.006892109630659,436.8492041911111,381.85263271611115,5669.0085714285715,13245.920000000002,0,0
ACC_9c2f0fc3,5,4,1,3,23710.89,4269.29,0.18005608393442846,400.938067805,333.75660551500005,4742.178,1067.3225,0,0
ACC_9c88e731,2,13,1,4,56287.67,15323.869999999999,0.27224203808755987,619.1786648191667,583.7856918541667,28143.835,1178.7592307692307,0,0
ACC_9cb6fcc7,10,3,3,2,14411.24,4713.08,0.3270419478129571,355.9461557263889,371.7085145008333,1441.124,1571.0266666666666,0,0
ACC_9ce8071b,14,14,4,2,59324.95999999999,54741.44,0.9227387595373011,557.8311333333334,618.2807018972222,4237.4971428571425,3910.1028571428574,0,0
ACC_9cfffb3b,2,9,1,5,361.67999999999995,5375.35,14.862170979871713,193.68595736833333,242.4764608852778,180.83999999999997,597.2611111111112,0,0
ACC_9d49efee,4,7,2,3,12660.94,62184.6,4.911531055356079,596.8262557416666,390.4140406127778,3165.235,8883.514285714286,0,0
ACC_9da42565,9,12,2,3,318590.61000000004,29295.190000000002,0.09195245898804111,649.6685099127777,587.567450405,35398.95666666667,2441.2658333333334,0,0
ACC_9ddbb38d,16,13,7,4,36803.990000000005,14203.980000000003,0.3859358727138009,544.2573737013889,573.2223039511111,2300.2493750000003,1092.6138461538465,0,0
ACC_9e0cb948,8,13,3,4,8827.96,54723.54000000001,6.198888531438748,680.9480102691666,555.2128405752778,1103.495,4209.503076923078,0,0
ACC_9e2ebb8e,16,5,6,2,86959.02,168747.2,1.9405370483706004,224.67776960555554,644.9533931244445,5434.93875,33749.44,0,0
ACC_9e48d250,1,7,1,3,312.62,167686.02999999997,536.3893225001598,89.62351624444445,999999.0,312.62,23955.14714285714,0,0
ACC_9e64ceb1,14,6,4,2,38163.81,5008.07,0.13122562972617252,611.7431593702778,683.9123090825,2725.9864285714284,834.6783333333333,0,0
ACC_9edb77bb,11,3,4,2,10762.619999999999,5676.85,0.5274598564290108,494.26157536777777,636.2195921211112,978.42,1892.2833333333335,0,0
ACC_9f85dc2a,16,4,4,3,127973.47999999998,2629.97,0.02055089851428593,495.27517544750003,709.8487686883334,7998.342499999999,657.4925,0,0
ACC_9f891421,3,5,3,2,875.62,87664.64,100.11721979854275,530.6754984891667,342.60573719638893,291.87333333333333,17532.928,0,0
ACC_9fbe75eb,12,12,4,5,56985.17,71138.29999999999,1.2483651448262765,614.8136437402778,663.2709847716667,4748.764166666667,5928.191666666666,0,0
ACC_9fbfd380,7,8,4,3,43094.340000000004,29154.19,0.6765201648290703,354.0401174113889,475.2604360502778,6156.334285714286,3644.27375,0,0
ACC_9fc64cd5,10,3,5,3,11002.919999999998,60862.68,5.531502546596722,699.5189126230555,714.4877664575,1100.292,20287.56,0,0
ACC_9ff81802,4,12,2,5,7751.0599999999995,120317.38,15.522700121015708,595.6702406561111,387.6089678344444,1937.7649999999999,10026.448333333334,0,0
ACC_a053d9cd,2,15,1,4,1357.5800000000002,120262.61999999998,88.58602807937652,465.2340855847222,54.069785548333336,678.7900000000001,8017.507999999999,0,0
ACC_a059218f,2,3,1,2,3536.4799999999996,9755.55,2.75854804777632,147.96029193666666,94.54794686527777,1768.2399999999998,3251.85,0,0
ACC_a0a55f75,12,14,3,3,46819.670000000006,72598.59000000001,1.5506002071351634,624.4311731883333,597.4444069038889,3901.6391666666673,5185.613571428572,0,0
ACC_a0b60eb7,3,15,2,3,104985.06,23529.730000000003,0.22412455638926151,628.485792405,498.71529370888885,34995.02,1568.648666666667,0,0
ACC_a110f188,1,13,1,5,48357.25,32314.080000000005,0.6682365105542604,0.0,999999.0,48357.25,2485.6984615384617,0,0
ACC_a1125f95,20,13,7,3,637232.9900000001,293725.05,0.46093823547961627,657.2972754113888,612.10481139,31861.649500000007,22594.234615384616,0,0
ACC_a11e31ed,6,6,2,5,172784.38,45615.35,0.26400158393947415,483.1683855502778,656.2900054147223,28797.396666666667,7602.558333333333,0,0
ACC_a12ffb82,9,7,2,2,85839.59999999999,5283.200000000001,0.061547351106016356,577.1618240641667,622.7063923463888,9537.733333333332,754.7428571428572,0,0
ACC_a1e474fc,9,3,4,2,8184.57,16116.619999999999,1.969146821396848,212.70232455972223,571.6678613916666,909.3966666666666,5372.206666666666,0,0
ACC_a1f44ce7,12,7,3,2,13062.24,57290.18,4.385938399539436,666.8265790072222,626.9565586358333,1088.52,8184.311428571428,0,0
ACC_a2502c7b,7,13,2,6,4860.83,94074.24,19.353534272953386,642.6212003822222,703.584945871111,694.4042857142857,7236.4800000000005,0,0
ACC_a2709355,5,13,3,5,66803.23,126377.98999999999,1.8917946033447783,481.6151245822222,608.4548968138888,13360.645999999999,9721.383846153845,0,0
ACC_a27f5f3d,1,12,1,2,309.95,251001.34,809.812356831747,314.39492436027774,999999.0,309.95,20916.778333333332,0,0
ACC_a2c15bfe,6,11,3,5,5645.83,134932.50000000003,23.899497505238386,676.5100948686111,698.6890721966666,940.9716666666667,12266.590909090912,0,0
ACC_a2ed1f6b,20,7,4,3,55294.979999999996,65665.83,1.1875550004720141,604.0327072116667,607.7486122377778,2764.749,9380.832857142857,0,0
ACC_a2ef843a,20,10,5,3,98800.68,44314.98,0.4485290991924348,711.4689523197222,684.391272288611,4940.034,4431.4980000000005,0,0
ACC_a3afd1f9,10,6,4,3,109872.28,8328.91,0.07580538057460899,421.56826650111105,676.9330155361112,10987.228,1388.1516666666666,0,0
ACC_a3b463fc,10,14,4,5,71610.06,9134.460000000001,0.12755833468090938,644.1114368669445,628.4777401941667,7161.005999999999,652.4614285714287,0,0
ACC_a3f8d167,12,6,5,4,42046.209999999985,48051.85,1.1428342768587232,629.7783221091667,624.1957266563888,3503.850833333332,8008.641666666666,0,0
ACC_a41e99e4,4,10,3,4,4466.25,79359.17,17.768635880212706,479.97796264777776,423.5111157969444,1116.5625,7935.9169999999995,0,0
ACC_a44c3b00,4,5,2,2,49059.899999999994,10123.43,0.20634836190045233,387.4645636638889,348.73409952722227,12264.974999999999,2024.6860000000001,0,0
ACC_a47d81c8,7,9,2,3,4640.639999999999,9790.47,2.10972408978072,638.7859633727778,632.1348932213889,662.9485714285713,1087.83,0,0
ACC_a484c25b,3,13,2,3,112736.23,11940.61,0.10591635005002385,399.19122788916667,249.8098156636111,37578.74333333333,918.5084615384616,0,0
ACC_a4a4f568,4,12,2,2,3057.37,144993.65999999997,47.42430912843391,662.9309619925,645.7346072008332,764.3425,12082.804999999998,0,0
ACC_a4ac2bc0,0,3,0,3,0.0,1354.68,0.0,999999.0,999999.0,0.0,451.56,0,0
ACC_a4c80455,2,9,2,5,1562.76,177404.07000000004,113.51971511940415,162.37713326666665,43.941431799166665,781.38,19711.56333333334,0,0
ACC_a4f01418,2,13,1,2,929.8199999999999,13800.020000000002,14.841603751263689,526.7078121108334,516.4847038930556,464.90999999999997,1061.5400000000002,0,0
ACC_a50c18e2,13,3,6,2,76461.77000000002,2210.6400000000003,0.028911703194943038,640.46889974,693.2176063430555,5881.674615384617,736.8800000000001,0,0
ACC_a51d4b02,30,11,10,4,745109.27,50871.42,0.06827377144294554,700.0114711358334,713.7405983147222,24836.97566666667,4624.674545454545,0,0
ACC_a5672dc9,11,8,7,4,12436.190000000002,57856.549999999996,4.652272922816392,710.3541104936111,598.5351782341667,1130.5627272727274,7232.068749999999,0,0
ACC_a575f72b,16,5,5,4,33784.340000000004,56234.899999999994,1.664525635249941,614.9308369416667,663.6647660708333,2111.5212500000002,11246.98,0,0
ACC_a5919ed8,13,13,4,3,11830.599999999999,55975.81,4.731443037546701,634.2052686586111,679.0153233127777,910.0461538461537,4305.831538461538,0,0
ACC_a5b0fd75,12,5,4,4,412850.14999999997,2388.06,0.00578432634698086,507.3509400447222,567.3541410358333,34404.17916666666,477.61199999999997,0,0
ACC_a5ee2bc5,11,4,5,3,70811.24000000002,5790.839999999999,0.08177854250257442,653.0229679655555,654.7597783711111,6437.385454545456,1447.7099999999998,0,0
ACC_a6452ce4,9,13,4,4,13169.77,41772.63,3.1718572154259337,581.3221278597223,453.29700719694443,1463.3077777777778,3213.2792307692307,0,0
ACC_a65e4736,4,9,2,2,34592.799999999996,20691.41,0.5981420989338823,332.20865100277774,237.42122607083334,8648.199999999999,2299.0455555555554,0,0
ACC_a661f148,10,12,5,5,355452.56,6299.210000000001,0.017721661647337697,656.7415141177778,620.0162245780556,35545.256,524.9341666666668,0,0
ACC_a677c1c2,8,4,3,3,4854.51,62036.67,12.779182656951988,539.2480330147222,394.7823226188889,606.81375,15509.1675,0,0
ACC_a68619c8,3,4,2,2,10708.95,90506.87,8.451516721994219,611.0574521638889,626.8587484713888,3569.65,22626.7175,0,0
ACC_a6ad2966,11,7,3,3,7146.15,52723.59999999999,7.377902786815278,652.60814124,583.7737556425,649.65,7531.942857142856,0,0
ACC_a71c7ac2,7,4,4,2,52079.08,6173.2699999999995,0.1185364641618093,415.97744817305556,515.6926164097223,7439.868571428572,1543.3174999999999,0,0
ACC_a72ca259,9,15,3,2,34774.59,291389.83,8.379389375978265,668.9656169480555,519.0801862388889,3863.843333333333,19425.988666666668,0,0
ACC_a78daeca,9,3,4,3,73981.09,115307.19,1.558603556665629,594.9615928097222,464.9685283036111,8220.121111111112,38435.73,0,0
ACC_a7caea75,13,12,5,5,79035.53000000001,137037.87,1.7338767766851184,587.3490556725,534.5299843683333,6079.656153846155,11419.8225,0,0
ACC_a7ff1ecb,6,9,3,2,196725.61,20529.55,0.10435626556196725,531.9658540580556,532.6191496377778,32787.60166666666,2281.061111111111,0,0
ACC_a807c7e8,15,3,5,2,11317.329999999998,2913.15,0.25740611964129356,613.9600336180555,636.2019894147222,754.4886666666665,971.0500000000001,0,0
ACC_a80aa2f0,4,5,2,2,4416.54,103309.48,23.39149651084333,548.7319394927778,540.3684077519445,1104.135,20661.896,0,0
ACC_a826e1af,5,4,2,4,10499.65,2484.09,0.23658788626287544,614.7182261080557,526.7423837163889,2099.93,621.0225,0,0
ACC_a8427edb,9,13,4,5,28195.41,12727.120000000003,0.45138978294694077,412.4664524680556,569.9695523261112,3132.8233333333333,979.009230769231,0,0
ACC_a8796a47,4,14,2,4,6768.469999999999,196106.96,28.97360260147419,570.3861814072222,549.1491283811112,1692.1174999999998,14007.64,0,0
ACC_a925e1f3,10,7,3,2,64056.54,122358.02999999998,1.910156714677377,367.8326962944444,512.8448023255555,6405.654,17479.71857142857,0,0
ACC_a947e2e2,10,9,4,2,42489.44,6762.38,0.1591543687090251,600.3568097116666,615.2800336713889,4248.944,751.3755555555556,0,0
ACC_a96eaaa2,8,4,3,1,91509.71999999999,3616.8600000000006,0.03952432594045748,439.09475886055554,639.1037932402778,11438.714999999998,904.2150000000001,0,0
ACC_aa33a206,4,10,2,4,120713.99,56557.420000000006,0.46852415366271966,413.52859207527774,199.3663985763889,30178.4975,5655.742,0,0
ACC_aa6c1176,9,11,3,5,271149.59,23656.320000000003,0.08724453538727461,649.6347488055555,644.8197474988889,30127.732222222225,2150.574545454546,0,0
ACC_aa8111db,19,13,7,5,83118.61,73959.11,0.8898020551594884,691.2053431513889,693.4003758344445,4374.663684210526,5689.162307692308,0,0
ACC_aa8a0695,5,13,2,3,152394.55,193412.18999999997,1.2691542446891966,354.3289822558333,317.91332617305557,30478.909999999996,14877.860769230767,0,0
ACC_aaa50482,7,15,3,2,8169.76,71456.06999999999,8.74640993125869,654.3908575319444,585.2677387033333,1167.1085714285714,4763.737999999999,0,0
ACC_aab2f943,6,4,2,2,13694.849999999999,5744.92,0.41949491962307006,314.4476190388889,449.3626817513889,2282.475,1436.23,0,0
ACC_aac3f357,13,4,6,2,392736.44000000006,5940.4,0.01512566544627231,363.972567175,623.3030720408333,30210.495384615388,1485.1,0,0
ACC_aaceb1bb,7,15,3,5,10873.82,63179.41,5.810231363035254,649.9072919947222,583.4996405636111,1553.402857142857,4211.960666666667,0,0
ACC_ab0ca7f2,2,6,1,3,74037.44,46223.84,0.6243306089459603,430.186862795,72.9367695375,37018.72,7703.973333333332,0,0
ACC_ab76c953,9,4,4,2,31586.27,90752.94,2.8731768581728705,565.6876574836111,480.2607786966667,3509.5855555555554,22688.235,0,0
ACC_ac0db3ca,12,10,7,5,8712.6,38451.29,4.413296834469619,661.1307667741667,633.450423305,726.0500000000001,3845.129,0,0
ACC_ac0fde08,8,13,6,2,250359.96,8878.300000000001,0.03546214019206586,658.6609948852778,448.28738003555554,31294.995,682.946153846154,0,0
ACC_ac1fce68,18,8,5,2,65066.969999999994,39015.59,0.599622050942283,542.0710739538889,534.4261059816666,3614.8316666666665,4876.94875,0,0
ACC_ac37d964,17,13,5,4,67247.70999999999,94174.19,1.400407389337124,637.9795493897223,548.5858602705556,3955.747647058823,7244.168461538462,0,0
ACC_ac3b1406,18,5,4,2,67966.61000000002,26954.879999999997,0.39659003148752,652.8096522561111,656.4032279441666,3775.9227777777787,5390.976,0,0
ACC_ac4617c6,7,11,2,3,9101.599999999999,317965.93,34.93516854179485,700.29724171,551.1632789888889,1300.2285714285713,28905.993636363637,0,0
ACC_ac58efcf,8,11,5,3,11312.53,52599.57,4.649673415230722,670.4788173708334,511.71696513583333,1414.06625,4781.779090909091,0,0
ACC_ac95da6d,1,11,1,3,400.01,161674.53,404.17622059448513,0.0,999999.0,400.01,14697.684545454546,0,0
ACC_acb24761,17,11,9,5,50373.149999999994,98433.95000000001,1.9540955846517445,439.7656829230555,595.4836790930556,2963.126470588235,8948.54090909091,0,0
ACC_ad198056,0,9,0,2,0.0,289524.37,0.0,999999.0,999999.0,0.0,32169.374444444446,0,0
ACC_ad6f431f,19,4,7,3,24131.989999999998,100911.34,4.181641878684684,383.72159047055555,598.0591744230555,1270.1047368421052,25227.835,0,0
ACC_ae1fe9d5,0,13,0,2,0.0,281394.92000000004,0.0,999999.0,999999.0,0.0,21645.763076923082,0,0
ACC_ae2fe05f,20,7,5,5,625833.93,81992.56999999999,0.1310133025226037,636.1016206988888,700.5350427772222,31291.696500000002,11713.224285714285,0,0
ACC_ae52b9b4,5,9,2,5,6483.179999999999,142267.38999999998,21.944075284042707,673.7146234141667,553.1447203908334,1296.636,15807.487777777777,0,0
ACC_ae6094a0,3,4,1,4,5598.02,55895.19,9.984814273618172,315.10956171111116,305.76585320888887,1866.006666666667,13973.7975,0,0
ACC_ae919919,12,11,4,2,62425.76,10067.279999999999,0.1612680406293812,632.5500653475001,640.7074544386112,5202.1466666666665,915.2072727272727,0,0
ACC_aeba9215,7,7,3,3,202345.58999999997,107249.24,0.530030034259704,361.8131940902778,417.24370856666667,28906.512857142854,15321.320000000002,0,0
ACC_af63f532,18,12,5,2,94070.42,233742.83000000005,2.4847643924625835,653.2275676005556,652.7604750802778,5226.134444444444,19478.56916666667,0,0
ACC_af857a9d,14,9,5,4,14748.630000000001,136618.78,9.263150543474207,680.7348071694444,696.9106473416667,1053.4735714285714,15179.864444444444,0,0
ACC_b0636be3,6,9,4,5,10049.039999999999,6267.339999999999,0.6236754953707021,644.0457725099999,317.6038606525,1674.84,696.3711111111111,0,0
ACC_b072ac76,0,12,0,2,0.0,73978.65,0.0,999999.0,999999.0,0.0,6164.8875,0,0
ACC_b130a58b,3,11,2,5,53795.18,182476.41,3.3920587309123236,638.3618179530556,597.4455990036112,17931.726666666666,16588.764545454545,0,0
ACC_b1360187,8,12,2,4,44628.67,10288.86,0.23054372895271136,549.7963561408334,519.6878701516666,5578.58375,857.4050000000001,0,0
ACC_b13d49fb,8,10,3,2,46193.81,9861.07,0.2134716751010579,433.8863130838889,461.4008540752778,5774.22625,986.107,0,0
ACC_b14d2f08,6,15,4,5,54569.02,111844.45,2.0495960895027987,676.4131550638889,426.8003198369444,9094.836666666666,7456.296666666666,0,0
ACC_b1b27898,13,13,5,5,69670.8,144463.55,2.0735164516555,587.1265546097222,624.7239204988889,5359.292307692308,11112.580769230768,0,0
ACC_b1d86363,4,5,2,5,22060.800000000003,3770.31,0.17090540687554392,179.89490692277778,228.2529042725,5515.200000000001,754.062,0,0
ACC_b22b4e61,12,4,4,4,10149.830000000002,26876.44,2.647969473380342,650.1866992516667,616.6895465105556,845.8191666666668,6719.11,0,0
ACC_b22c6e90,12,12,5,4,55213.479999999996,9304.619999999997,0.16852080325311858,626.5424426727778,608.8561660516667,4601.123333333333,775.3849999999998,0,0
ACC_b266dea4,3,8,2,3,4529.48,84567.73,18.67051626235241,395.71142907916663,351.9725845305556,1509.8266666666666,10570.96625,0,0
ACC_b2daf784,20,11,6,2,89460.45999999999,55098.880000000005,0.6159020420865263,640.515658305,641.7509265536112,4473.022999999999,5008.989090909091,0,0
ACC_b30acce3,27,13,8,4,175575.01999999996,73696.87,0.41974575882149984,687.9054164580556,701.7506970430557,6502.778518518517,5668.99,0,0
ACC_b31440ea,5,15,1,5,6228.09,171771.5,27.58012488579966,590.0336493244444,420.07546263,1245.618,11451.433333333332,0,0
ACC_b35708a5,7,7,2,5,7358.65,4377.58,0.5948890081740537,555.8746844363889,553.8138515191666,1051.2357142857143,625.3685714285714,0,0
ACC_b3585c5e,2,12,2,5,66263.20999999999,196548.04,2.966171424535576,446.1579038561111,83.15159452222223,33131.604999999996,16379.003333333334,0,0
ACC_b36c6784,9,9,3,2,7055.74,68035.66,9.642597374619815,569.6227240825,483.8380713988889,783.9711111111111,7559.517777777778,0,0
ACC_b387c53c,6,8,3,4,5476.89,54910.84,10.025916167752136,599.5398560491666,399.63053711305554,912.815,6863.855,0,0
ACC_b392171e,10,15,5,3,5728.990000000001,285630.76,49.85708824766669,531.9996144580556,564.2767819277778,572.8990000000001,19042.050666666666,0,0
ACC_b3d8d957,2,4,2,3,24013.49,23641.449999999997,0.9845070416669962,337.59313880916665,3.920112802777778,12006.745,5910.362499999999,0,0
ACC_b4189b43,3,8,1,3,102764.98,20299.43,0.1975325641089017,687.6063622916668,625.5211910391666,34254.99333333333,2537.42875,0,0
ACC_b44dca33,4,12,3,2,8498.630000000001,168851.87,19.8681281571265,590.2119603680555,366.6100674697222,2124.6575000000003,14070.989166666666,0,0
ACC_b45e2a93,0,14,0,5,0.0,117176.92,0.0,999999.0,999999.0,0.0,8369.78,0,0
ACC_b4cdcd9b,0,4,0,4,0.0,1597.3700000000001,0.0,999999.0,999999.0,0.0,399.34250000000003,0,0
ACC_b4e5fc46,2,8,1,4,1760.14,36169.82,20.54939947958685,549.0533753116667,388.99975004388887,880.07,4521.2275,0,0
ACC_b5196c97,10,6,4,3,8871.93,5699.0599999999995,0.642369811303741,461.50221104583335,587.3983247413888,887.193,949.8433333333332,0,0
ACC_b5223697,4,7,2,2,2115.8500000000004,6950.4800000000005,3.284958763617458,318.5791123091667,328.45142939305555,528.9625000000001,992.9257142857143,0,0
ACC_b535e9f0,15,15,6,2,513910.4600000001,13888.1,0.027024357511617875,653.1284026844444,667.9423905486111,34260.69733333334,925.8733333333333,0,0
ACC_b58ec94a,5,5,2,2,2174.55,36704.54000000001,16.879142811156335,614.9794708527777,509.28285721944445,434.91,7340.908000000001,0,0
ACC_b5c3e2ab,15,14,5,2,21806.21,69749.57,3.1986103958459546,596.4238297047223,649.8585105388888,1453.7473333333332,4982.112142857143,0,0
ACC_b5d7f43f,3,10,2,2,62750.08,3904.9500000000003,0.06223019954715596,618.8856512958334,455.52376718472226,20916.693333333333,390.495,0,0
ACC_b61cf059,11,7,3,4,65357.28999999999,3805.43,0.058225027384091355,673.7557333758334,676.6840398744445,5941.571818181817,543.6328571428571,0,0
ACC_b61d2fc2,4,13,2,4,3464.8300000000004,98905.9,28.545671793421317,385.67038507361116,232.01818558444444,866.2075000000001,7608.1461538461535,0,0
ACC_b63c3145,16,11,4,5,55874.89,138710.49,2.482519249702326,577.2172129594445,662.0411141533333,3492.180625,12610.044545454544,0,0
ACC_b686c128,6,8,2,4,4454.23,69581.77,15.62150360443893,415.4911903111111,525.1099494330555,742.3716666666666,8697.72125,0,0
ACC_b6aac474,15,8,6,3,64281.62999999999,48453.75,0.7537728897042594,645.2647419225,673.4905411158334,4285.441999999999,6056.71875,0,0
ACC_b78dd1a9,1,8,1,2,432.14,22265.54,51.523904290276306,134.14395011166667,999999.0,432.14,2783.1925,0,0
ACC_b7ca2dce,10,4,3,1,5616.07,7457.91,1.3279588751564706,365.8665448138889,446.13476172305553,561.607,1864.4775,0,0
ACC_b7d13a38,9,11,5,5,7905.14,27888.15,3.527850234151451,636.6737184133333,643.7245341069444,878.348888888889,2535.2863636363636,0,0
ACC_b7d1abd6,14,4,4,3,57824.99,2353.44,0.04069935852993663,590.1277639816667,626.9839121280555,4130.356428571428,588.36,0,0
ACC_b7de4cdd,8,11,2,6,10555.880000000001,69899.84,6.6218865693812345,546.9939027875,541.6396802038889,1319.4850000000001,6354.530909090909,0,0
ACC_b7e97dca,12,6,5,4,17423.609999999997,4123.93,0.23668631242320054,543.5120805980556,694.9202415905555,1451.9674999999997,687.3216666666667,0,0
ACC_b803988f,6,9,3,2,270621.81999999995,160778.59,0.5941080065162522,690.8326687050001,659.2927052477778,45103.63666666666,17864.287777777776,0,0
ACC_b82758f6,15,4,5,3,10122.02,2766.92,0.27335650393893707,678.1092809538889,584.6535386683335,674.8013333333333,691.73,0,0
ACC_b86380ed,8,3,2,2,15187.79,56345.310000000005,3.7099084198556866,553.3991683633333,603.0249240027778,1898.47375,18781.77,0,0
ACC_b87ec7bb,8,10,3,2,65733.45,62471.579999999994,0.9503773193100316,683.7761927911112,604.4255585333334,8216.68125,6247.157999999999,0,0
ACC_b8a23e64,0,11,0,3,0.0,62228.88999999999,0.0,999999.0,999999.0,0.0,5657.171818181818,0,0
ACC_b8d49441,8,8,5,4,60234.46000000001,96319.84999999999,1.5990821533055992,670.6084609844445,560.1729008458334,7529.307500000001,12039.981249999999,0,0
ACC_b969f553,1,12,1,5,2378.89,168529.92999999996,70.84393561703146,125.12188598888889,999999.0,2378.89,14044.16083333333,0,0
ACC_b99be344,14,7,3,2,40522.619999999995,33459.53,0.8257000657904154,673.5641409569445,681.1383437252778,2894.472857142857,4779.932857142857,0,0
ACC_b9b3f370,9,4,3,3,350695.70999999996,2376.1000000000004,0.006775389410951165,507.0341206125,698.244506005,38966.189999999995,594.0250000000001,0,0
ACC_ba618090,5,13,2,4,100446.55,57914.92999999999,0.5765746060964761,661.6560034786112,694.0473305044445,20089.31,4454.994615384615,0,0
ACC_ba9db741,9,3,2,1,10280.210000000001,4024.36,0.39146671128313526,135.93653126166666,578.8226595938888,1142.2455555555557,1341.4533333333334,0,0
ACC_baa80ef5,1,6,1,5,180.63,6299.17,34.873332226097546,75.81256575527777,999999.0,180.63,1049.8616666666667,0,0
ACC_bb2cfc25,7,8,1,3,201812.78,6122.860000000001,0.030339307550294885,478.6723137275,426.54331998944446,28830.397142857142,765.3575000000001,0,0
ACC_bb4700ab,8,11,3,4,2493.34,53494.75,21.45505626990302,652.500869245,539.2911734661111,311.6675,4863.159090909091,0,0
ACC_bb592462,4,6,3,3,6942.759999999999,46437.82,6.688668483427341,387.58108659055557,565.2975240869445,1735.6899999999998,7739.636666666666,0,0
ACC_bb998cfa,7,9,5,2,7759.5599999999995,87829.04000000001,11.318817046327371,628.7571563805556,413.08055130944444,1108.5085714285713,9758.782222222224,0,0
ACC_bbaa94a9,4,15,3,4,3801.19,65826.74,17.317403234250328,518.3691697544444,443.5879832330556,950.2975,4388.449333333334,0,0
ACC_bbf19955,12,6,5,3,54699.62,94959.7,1.7360212008785434,492.85431144277777,702.3881958005555,4558.301666666667,15826.616666666667,0,0
ACC_bc5154ba,14,8,7,4,66347.25999999998,9620.029999999999,0.14499513619703364,667.8101371272222,655.451192313611,4739.089999999998,1202.5037499999999,0,0
ACC_bcc45346,11,8,4,4,335377.00000000006,12522.310000000001,0.03733801065666399,368.88952250305556,504.42754148916663,30488.818181818187,1565.2887500000002,0,0
ACC_bd446e4e,2,15,2,2,1023.15,78702.8,76.92205443972047,595.6767061622222,31.83439501111111,511.575,5246.8533333333335,0,0
ACC_bd57e30c,2,11,2,2,629.56,17311.43,27.49766503589809,166.43737946416664,89.38337326027778,314.78,1573.7663636363636,0,0
ACC_bd8a51dc,18,11,6,5,170290.75,82073.68999999999,0.48196211479484347,657.5637658930556,606.8114203663889,9460.597222222223,7461.244545454544,0,0
ACC_be10acce,10,13,5,3,301292.20999999996,11109.500000000002,0.03687284181691921,676.4473688102778,688.4475398880555,30129.220999999998,854.5769230769232,0,0
ACC_be3dd2c5,11,11,5,3,330162.54,12048.130000000001,0.03649151112055293,616.9982728463889,499.2422981013889,30014.776363636363,1095.2845454545457,0,0
ACC_be55f76e,9,10,4,5,25655.81,17476.43,0.6811880038088838,572.3134831961111,562.437311886111,2850.645555555556,1747.643,0,0
ACC_be5ff2f4,12,5,5,3,22361.999999999996,110836.3,4.95645738306055,450.0448407802778,560.7528166997223,1863.4999999999998,22167.260000000002,0,0
ACC_bf1cf265,11,11,5,4,21870.969999999998,217654.9,9.951771686395254,628.6265186619444,595.8676759958333,1988.2699999999998,19786.80909090909,0,0
ACC_bf780534,8,13,5,3,7901.199999999999,303035.01000000007,38.3530362476586,639.4939872077778,605.3373877408334,987.6499999999999,23310.38538461539,0,0
ACC_bf84591d,20,15,5,4,86459.12000000001,102732.08000000002,1.1882156561389938,655.2066689569444,656.5467749208334,4322.956,6848.805333333335,0,0
ACC_c00cabfb,7,5,4,2,13195.01,4244.68,0.3216882745825884,560.3096455441666,603.4593877180556,1885.0014285714285,848.936,0,0
ACC_c01ffa3c,14,6,4,3,83403.48999999998,56350.469999999994,0.675636834861467,634.1563758425001,633.8888345969445,5957.392142857141,9391.744999999999,0,0
ACC_c021c0ea,12,7,5,2,70963.25,111944.91,1.5775053989212726,651.1970521311111,660.6393107172222,5913.604166666667,15992.130000000001,0,0
ACC_c058769c,4,10,1,6,36040.630000000005,47044.36999999999,1.3053148626980156,415.88747822694444,557.4692809958334,9010.157500000001,4704.436999999999,0,0
ACC_c071d5ec,4,11,2,3,131785.58000000002,144569.68,1.097006819714266,619.6130943261112,568.8476737825,32946.395000000004,13142.698181818181,0,0
ACC_c07fae3e,3,11,2,5,2182.01,43924.59,20.13033395813951,577.0950820738889,274.97971844666665,727.3366666666667,3993.144545454545,0,0
ACC_c0b4159e,2,15,1,5,1972.49,133724.31,67.79467069541543,256.05949087305555,29.240368143333335,986.245,8914.954,0,0
ACC_c0da5168,7,2,5,1,5890.110000000001,4251.11,0.7217369454899822,417.6303981966667,621.2897191938888,841.4442857142858,2125.555,0,0
ACC_c0e33819,5,14,2,2,6799.540000000001,11189.31,1.6455980845763092,580.4583477355555,442.7835295702778,1359.9080000000001,799.2364285714285,0,0
ACC_c0eb5d80,2,4,1,2,2039.1299999999999,142291.72999999998,69.78060741590775,226.02373702333335,144.99977508833334,1019.5649999999999,35572.932499999995,0,0
ACC_c16fd28e,5,4,1,2,43976.97,5829.82,0.13256529497143618,262.98504033138886,499.6330109155556,8795.394,1457.455,0,0
ACC_c194ba6a,5,13,2,2,31027.32,173573.71,5.594221801947445,557.8068410491667,561.4592868666666,6205.464,13351.823846153846,0,0
ACC_c1b71eaa,5,14,2,3,2492.16,12059.2,4.8388546481766825,547.4109009305555,308.82791529555556,498.43199999999996,861.3714285714286,0,0
ACC_c1dbcdf1,4,5,2,2,2817.09,32240.120000000003,11.444476392305535,656.1226274777778,520.0640988702778,704.2725,6448.024,0,0
ACC_c200dbb4,9,4,2,3,53943.58,3915.99,0.07259418080891182,392.8578438602778,410.3983724619444,5993.731111111111,978.9975,0,0
ACC_c238a2fc,13,11,5,2,57400.479999999996,49240.37,0.8578389936808892,582.3436365638888,527.8698867133334,4415.421538461538,4476.397272727273,0,0
ACC_c239b13c,6,8,3,3,155137.38,95852.83000000002,0.6178577335778135,597.8741349144444,431.2796519988889,25856.23,11981.603750000002,0,0
ACC_c30944eb,1,15,1,3,821.94,98792.29,120.1940409275616,641.7569364347222,999999.0,821.94,6586.152666666666,0,0
ACC_c3275a1d,7,12,2,5,219769.18,148653.92,0.6764093127161871,455.58173681,463.41036959416664,31395.597142857143,12387.826666666668,0,0
ACC_c33694c9,3,13,1,4,1637.2,99408.53000000001,60.71862325922307,390.31005033611115,399.28053165000006,545.7333333333333,7646.810000000001,0,0
ACC_c3369f40,0,7,0,3,0.0,6863.99,0.0,999999.0,999999.0,0.0,980.5699999999999,0,0
ACC_c34bfe12,5,5,4,3,3374.13,43588.97,12.918580493341988,697.6772987619445,711.2468624544445,674.826,8717.794,0,0
ACC_c35ab30e,14,5,4,4,72569.48000000003,14879.03,0.2050315091137486,689.3101876725,628.6480761536111,5183.534285714288,2975.806,0,0
ACC_c3c61c09,9,5,2,3,54795.76000000001,19185.78,0.35013256500137957,583.9192224816667,537.3159651233334,6088.417777777779,3837.156,0,0
ACC_c3fe7355,16,14,4,4,12900.33,88528.11,6.862468634523303,657.0421486711111,626.9774266755555,806.270625,6323.436428571428,0,0
ACC_c41d2086,5,4,2,3,6274.639999999999,4492.0199999999995,0.7159008325577244,435.7049140213889,410.45275810694443,1254.9279999999999,1123.0049999999999,0,0
ACC_c47aafd3,28,15,8,5,91668.49,97122.58999999997,1.0594980892561878,693.3934864983333,614.8821304505556,3273.874642857143,6474.8393333333315,0,0
ACC_c49baab8,4,15,2,5,36669.85,107787.43999999999,2.9394022609855233,126.12828342194445,144.71422834611113,9167.4625,7185.829333333332,0,0
ACC_c4b07494,8,6,3,2,310725.16,5337.1900000000005,0.01717656207820442,416.86927166055557,620.2810620836111,38840.645,889.5316666666668,0,0
ACC_c4d62560,4,4,2,3,4571.29,58399.44,12.775264750212742,373.4737704738889,329.4994518447222,1142.8225,14599.86,0,0
ACC_c4e3e241,11,6,5,3,80708.58,5394.73,0.06684208791679892,522.2171355336111,537.50292861,7337.143636363637,899.1216666666666,0,0
ACC_c5431927,13,14,4,5,33519.83,215692.14999999997,6.4347626464692675,639.2504399188889,658.6575864233334,2578.4484615384617,15406.58214285714,0,0
ACC_c59d9a2b,3,8,3,3,51094.270000000004,55790.53999999999,1.0919138290849442,508.68803877444446,581.5590400975,17031.423333333336,6973.817499999999,0,0
ACC_c634b766,4,8,1,5,152613.0,67307.26,0.44103228427460306,543.1038030794444,641.292230683611,38153.25,8413.4075,0,0
ACC_c6870ad9,11,6,5,3,387572.63,88556.11,0.22848907055175696,380.7893330438889,645.6733374722222,35233.87545454546,14759.351666666667,0,0
ACC_c689f2f9,8,13,2,3,21188.960000000003,24057.09,1.1353596401144745,672.00188594,516.0947049383334,2648.6200000000003,1850.5453846153846,0,0
ACC_c6a18382,19,14,6,4,67113.8,192969.90999999997,2.875264252657426,661.7416530427778,660.2500738133333,3532.305263157895,13783.564999999999,0,0
ACC_c6b023f3,19,12,6,5,18199.97,110909.97999999998,6.09396499005218,649.1319471844445,632.0324284674999,957.8931578947369,9242.498333333331,0,0
ACC_c6ba0d02,6,12,2,2,7249.65,24117.64,3.326731635320326,621.1145004277777,640.1894475130556,1208.2749999999999,2009.8033333333333,0,0
ACC_c6ec2673,10,4,5,3,310565.64999999997,14175.82,0.045645163913008414,683.7215168777778,620.9307963663889,31056.564999999995,3543.955,0,0
ACC_c7059ec6,9,4,2,4,65376.009999999995,20979.12,0.3208993635432936,454.9088410519444,574.6492545444445,7264.001111111111,5244.78,0,0
ACC_c731e297,3,10,2,6,4258.3,71735.46999999999,16.84603480262076,602.9697677002778,370.8978575030556,1419.4333333333334,7173.546999999999,0,0
ACC_c7611a88,2,11,1,4,2003.17,211545.91,105.60557017127852,553.3959760233333,588.4203874758333,1001.585,19231.446363636365,0,0
ACC_c7835af7,1,11,1,2,1629.52,78765.89,48.33686607099023,334.9251719666667,999999.0,1629.52,7160.535454545455,0,0
ACC_c7c28d58,9,14,4,3,64720.479999999996,142643.96000000002,2.2040003411593987,684.6806746288888,695.2273355808333,7191.164444444444,10188.854285714287,0,0
ACC_c7c9c66f,3,6,2,2,1024.72,10582.130000000001,10.32685026153486,467.4123297944444,324.2370164133333,341.5733333333333,1763.6883333333335,0,0
ACC_c802c2f0,12,5,4,3,7900.959999999999,5215.599999999999,0.6601223142504202,623.7521326763889,670.8224926033333,658.4133333333333,1043.12,0,0
ACC_c81e9e4a,3,4,1,2,127632.07,39785.19,0.3117178151227979,267.85841820444443,339.77444329944444,42544.02333333334,9946.2975,0,0
ACC_c8581e59,12,3,5,2,410305.5999999999,28926.39,0.07049962272023585,499.75824143611106,702.5751081461111,34192.133333333324,9642.13,0,0
ACC_c862630f,1,6,1,5,146.73,7901.860000000001,53.85306344987393,0.0,999999.0,146.73,1316.9766666666667,0,0
ACC_c86da25c,11,9,4,3,14928.39,9794.23,0.6560807963886259,632.7311516027777,629.0503071655555,1357.1263636363635,1088.2477777777776,0,0
ACC_c9320a0c,9,15,4,4,38633.58,205822.11,5.327544328017232,541.2565400125001,593.5327110569444,4292.62,13721.473999999998,0,0
ACC_c9865799,1,14,1,3,20977.96,212170.31999999998,10.1139634168432,151.8951716075,999999.0,20977.96,15155.022857142856,0,0
ACC_c9ae345c,12,15,2,6,36549.69,114704.65999999999,3.1383210090153972,597.9681112152778,602.104406858889,3045.8075000000003,7646.977333333332,0,0
ACC_c9fcd572,10,6,3,4,99092.50000000001,56000.07,0.5651292479249186,347.3964620025,578.6909653741667,9909.250000000002,9333.345,0,0
ACC_c9ff584e,6,4,2,4,4488.22,41724.8,9.29651398549982,237.6725371,456.3115656108333,748.0366666666667,10431.2,0,0
ACC_caa0ce35,11,7,5,5,361531.61,19406.79,0.053679372600365434,417.96578318111114,564.1001999436111,32866.51,2772.3985714285714,0,0
ACC_cac7cb19,18,12,6,5,56750.9,66515.84000000001,1.1720666985016979,670.0548803383333,672.0850564625,3152.827777777778,5542.986666666668,0,0
ACC_cacf80eb,3,11,1,6,46960.05,134460.79,2.8633016787673777,332.0524415186111,239.28474242416667,15653.35,12223.708181818183,0,0
ACC_cae75018,15,6,5,2,14194.259999999998,65397.41,4.607313801494407,546.70698946,709.0158260591667,946.2839999999999,10899.568333333335,0,0
ACC_cb06b1b7,13,12,8,3,37119.16,110541.7,2.978022670771644,565.6364954169444,591.7381947491667,2855.32,9211.808333333332,0,0
ACC_cb073a40,1,4,1,1,612.24,3816.74,6.234058539134979,230.0972277711111,999999.0,612.24,954.185,0,0
ACC_cb54e95b,17,12,6,2,35831.3,68296.98,1.9060703909710224,710.6556164327777,686.7523124219445,2107.723529411765,5691.415,0,0
ACC_cb5d1e67,30,14,8,4,74151.91,135118.91,1.8221905544981916,689.9337475566667,683.5029500280556,2471.7303333333334,9651.350714285714,0,0
ACC_cbad4df9,6,5,3,3,8330.55,10312.859999999999,1.237956677530295,484.5498514813889,292.5493444166667,1388.425,2062.5719999999997,0,0
ACC_cbb4425d,5,12,3,6,177059.36000000002,150037.17,0.8473834424794036,672.2954904061111,523.6840778708333,35411.872,12503.097500000002,0,0
ACC_cbbac06d,19,13,4,3,75532.25000000001,171170.74,2.266194109138811,633.7342113188888,682.4418634094444,3975.3815789473692,13166.98,0,0
ACC_cbee4df0,12,3,4,3,372051.36999999994,2235.41,0.006008336967016141,594.1671794094444,634.6600219980556,31004.280833333327,745.1366666666667,0,0
ACC_cc2f8b84,20,6,6,3,108763.44999999998,3912.91,0.03597633212260185,456.28656939694446,680.26458578,5438.172499999999,652.1516666666666,0,0
ACC_cc3428e4,10,14,4,5,55525.130000000005,148199.63,2.6690550747022113,485.8851225769444,460.81403166055554,5552.513000000001,10585.687857142857,0,0
ACC_cc586f52,8,4,2,2,6701.34,2399.1099999999997,0.35800451849928516,626.14926896,613.8233359163888,837.6675,599.7774999999999,0,0
ACC_ccda769b,8,3,1,3,18614.19,55276.82,2.9696065206167983,566.1333781927779,575.4829018666667,2326.77375,18425.606666666667,0,0
ACC_ccf091da,14,12,4,2,74669.85,123099.93,1.6485894909391137,450.4939697108333,520.6781633144444,5333.560714285714,10258.3275,0,0
ACC_cd2a45e2,3,14,2,3,58937.520000000004,93952.69,1.5941066064537497,365.0688776225,272.53977991166664,19645.84,6710.9064285714285,0,0
ACC_cdb62c1f,6,11,3,4,116549.91,12366.51,0.10610484383900425,669.5014226219445,656.1191100408333,19424.985,1124.2281818181818,0,0
ACC_cde5cb73,14,4,5,4,65829.08,57441.299999999996,0.8725824514029361,504.70240464222223,672.3112900266667,4702.077142857143,14360.324999999999,0,0
ACC_cdeb03a4,10,15,5,6,10089.730000000001,75485.83,7.4814519318158155,537.7614876469445,608.89770199,1008.9730000000002,5032.388666666667,0,0
ACC_ce345081,9,12,4,4,54949.060000000005,97959.46999999999,1.7827324070693835,344.2926696788889,439.4454385763889,6105.4511111111115,8163.289166666666,0,0
ACC_cec343a1,0,9,0,3,0.0,5793.379999999999,0.0,999999.0,999999.0,0.0,643.7088888888889,0,0
ACC_cef8fad4,8,6,3,3,7885.56,152036.06,19.280312368430394,677.4759934002778,622.251579238611,985.695,25339.343333333334,0,0
ACC_cf3237c9,5,10,1,5,8050.590000000001,101401.40999999999,12.595525296903702,644.9121234697222,480.4868301738889,1610.1180000000002,10140.141,0,0
ACC_cf9a72e3,9,9,3,4,59785.79,20277.339999999997,0.33916654776996336,538.1075645230555,584.5364294144443,6642.865555555556,2253.0377777777776,0,0
ACC_cfadd9fa,0,10,0,5,0.0,37664.270000000004,0.0,999999.0,999999.0,0.0,3766.4270000000006,0,0
ACC_cfde7959,12,7,4,2,58191.67999999999,7932.98,0.13632498666476034,686.2939479661111,614.3231226969444,4849.306666666666,1133.282857142857,0,0
ACC_cffcb2b2,15,3,5,3,52712.89000000001,4185.43,0.07940050336834122,447.9507282213889,469.4672566072222,3514.1926666666673,1395.1433333333334,0,0
ACC_d0041595,2,13,2,5,14587.21,54484.94,3.735117270540426,175.83396635083332,15.629021555833333,7293.605,4191.149230769231,0,0
ACC_d04098eb,16,14,6,4,67532.19,96775.78000000001,1.433031862286711,664.7069757205555,554.6932701969445,4220.761875,6912.555714285715,0,0
ACC_d09fe1d4,2,7,2,2,1984.9299999999998,7912.6900000000005,3.9863823913185863,648.0361573347221,447.1457282558333,992.4649999999999,1130.3842857142859,0,0
ACC_d0a747ad,13,11,6,5,19200.40000000001,75833.86,3.9495979250432267,652.94014111,684.0413850666666,1476.9538461538468,6893.987272727273,0,0
ACC_d0d81a55,3,14,1,6,6785.45,105381.27,15.530476239600912,256.1369411697222,134.39520978694443,2261.8166666666666,7527.233571428572,0,0
ACC_d0fc29d2,4,8,2,2,11522.98,46708.37,4.053497445973178,454.7329366936111,512.867442613611,2880.745,5838.54625,0,0
ACC_d0fd2118,1,4,1,3,258.11,95249.70999999999,369.0275851381194,581.3133908480556,999999.0,258.11,23812.427499999998,0,0
ACC_d15bcd59,11,13,5,5,13330.56,187426.79,14.059933716212974,635.7171936297223,614.380984175,1211.8690909090908,14417.445384615385,0,0
ACC_d1b33476,6,14,3,6,3961.8500000000004,14041.5,3.5441775938008755,567.889764425,466.54357811222224,660.3083333333334,1002.9642857142857,0,0
ACC_d1ce9691,9,15,3,6,6458.46,49096.84,7.601942258680862,619.8629554552778,531.4190643827777,717.6066666666667,3273.1226666666666,0,0
ACC_d218146c,5,13,2,4,3774.4799999999996,42309.61,11.209387783217823,549.9427404769444,561.4674908966667,754.896,3254.5853846153846,0,0
ACC_d2669d9d,12,12,5,6,34100.04,122604.4,3.5954327326302256,535.951372655,594.7968294252777,2841.67,10217.033333333333,0,0
ACC_d2dcc9e9,11,4,4,2,17969.940000000002,2389.1400000000003,0.13295202988991617,615.4064980475,666.7038338944444,1633.6309090909092,597.2850000000001,0,0
ACC_d2e4595f,0,13,0,2,0.0,36596.32000000001,0.0,999999.0,999999.0,0.0,2815.101538461539,0,0
ACC_d331cc75,1,7,1,3,557.65,19258.43,34.53497713619654,299.7098403888889,999999.0,557.65,2751.2042857142856,0,0
ACC_d368afe7,18,10,8,5,23788.66,16144.51,0.6786641197948938,703.3837090272223,663.4850408147222,1321.5922222222223,1614.451,0,0
ACC_d3ae047a,17,13,6,4,39750.55000000001,117632.87,2.959276538312048,684.5063283738889,693.5657433894445,2338.267647058824,9048.682307692306,0,0
ACC_d3d039ef,1,13,1,2,622.27,164459.28,264.28926350298104,205.5553802466667,999999.0,622.27,12650.713846153845,0,0
ACC_d3d1d9d6,19,7,6,3,92913.37999999999,165704.39,1.7834287160794282,473.2971138188889,703.7159195997222,4890.177894736841,23672.055714285718,0,0
ACC_d4d26dfd,5,7,2,4,5343.5,10260.239999999998,1.9201347431458777,563.1746427458334,475.99582060222224,1068.7,1465.748571428571,0,0
ACC_d4e82407,19,9,6,2,14038.92,124944.05,8.899833462972936,673.7231629686111,711.8625645747222,738.8905263157894,13882.672222222223,0,0
ACC_d517f8b1,5,12,3,5,42863.32,94995.97999999998,2.216253430672192,693.481980251111,644.8281578402778,8572.664,7916.331666666665,0,0
ACC_d5480f31,7,10,3,5,6714.459999999999,43741.270000000004,6.514488134563317,678.7720960383333,675.3364884627778,959.2085714285713,4374.127,0,0
ACC_d555ee6d,4,13,2,6,5767.8,39478.71000000001,6.844673879122023,494.9074497366667,522.8696466144445,1441.95,3036.8238461538467,0,0
ACC_d586adb7,11,13,4,3,13408.73,49371.64,3.6820519169227808,633.9649558191667,613.085141215,1218.9754545454546,3797.8184615384616,0,0
ACC_d5ebc4e5,11,7,4,4,10171.75,21318.320000000003,2.095836016418021,584.941230295,657.8989940961111,924.7045454545455,3045.474285714286,0,0
ACC_d61c9ea7,15,11,5,4,41527.020000000004,40509.520000000004,0.9754978806569795,485.1639788563889,605.8149651530556,2768.4680000000003,3682.6836363636367,0,0
ACC_d63a2ba8,19,14,5,4,145605.67,162619.76999999996,1.1168505319882114,617.5276882588889,631.1594093788889,7663.4563157894745,11615.697857142854,0,0
ACC_d6e36655,9,15,3,4,12580.119999999999,7453.85,0.5925102463251544,661.3136956411112,666.608063918611,1397.791111111111,496.92333333333335,0,0
ACC_d6f48659,9,8,3,4,55397.89,83213.01999999999,1.5020972820444964,634.2988985966667,648.1842067963888,6155.321111111111,10401.627499999999,0,0
ACC_d727cfff,5,12,3,2,7868.070000000001,14925.109999999999,1.896921354283833,655.2654277777777,423.81863375833336,1573.614,1243.7591666666665,0,0
ACC_d76a72a1,9,12,5,2,28241.14,167173.38999999998,5.919498646301105,472.8386509261111,487.48611608972226,3137.9044444444444,13931.115833333331,0,0
ACC_d7a4e85a,7,12,3,6,4541.04,102400.86,22.55008984725966,623.3336388452778,609.9649332525,648.72,8533.405,0,0
ACC_d7cc9f48,11,6,4,2,66185.57,12404.779999999999,0.18742423763971508,476.2726240638889,577.6026070477778,6016.870000000001,2067.463333333333,0,0
ACC_d7cf8b62,14,15,6,2,15154.210000000001,34018.05,2.244792041287537,688.5359666605555,583.5848396191667,1082.4435714285714,2267.8700000000003,0,0
ACC_d86a362c,8,11,3,2,112336.09,337988.24,3.0087235544694497,678.416286006111,605.7460923738889,14042.01125,30726.203636363636,0,0
ACC_d87f1f1b,13,6,3,4,20672.149999999998,21755.420000000002,1.0524023867860868,494.1306633913889,545.0528796627779,1590.1653846153845,3625.9033333333336,0,0
ACC_d882348c,8,9,3,5,53326.17,164553.3,3.0857888350129024,573.4886035958333,706.4906608302778,6665.77125,18283.699999999997,0,0
ACC_d8833c34,7,6,1,3,24269.949999999997,6690.44,0.2756676466164949,490.3923458983333,596.6556817094445,3467.1357142857137,1115.0733333333333,0,0
ACC_d9868c6a,3,15,3,2,1101.76,16543.52,15.015538774324718,54.03179752111111,112.93783422833333,367.25333333333333,1102.9013333333335,0,0
ACC_d9b747d6,8,13,4,5,39205.68,55830.27,1.424035241832306,681.6546939816666,500.9382137608333,4900.71,4294.636153846153,0,0
ACC_dadeb1ef,10,11,2,4,46075.62,112111.59,2.433208495078308,470.68367505472224,576.1173829308333,4607.562,10191.962727272727,0,0
ACC_db22d1ab,0,4,0,3,0.0,1864.84,0.0,999999.0,999999.0,0.0,466.21,0,0
ACC_db38a7a7,6,11,3,2,4741.06,44859.58,9.461930454370963,611.1824568874999,580.8444802769444,790.1766666666667,4078.1436363636367,0,0
ACC_db65fd62,0,11,0,2,0.0,11373.289999999999,0.0,999999.0,999999.0,0.0,1033.9354545454544,0,0
ACC_db916138,8,12,4,4,8716.11,138010.02000000002,15.833900673580303,711.9779942097223,582.0572144308334,1089.51375,11500.835000000001,0,0
ACC_dbeaafab,12,13,2,5,50649.64,18741.519999999997,0.37002276817762175,621.1275679530555,635.7176057272222,4220.803333333333,1441.6553846153843,0,0
ACC_dca413e3,18,7,4,2,15950.39,8989.66,0.5636012661759368,694.0414711405556,600.5329833488889,886.1327777777777,1284.2371428571428,0,0
ACC_dcbdd38d,3,8,2,2,2868.9799999999996,119380.77,41.61087564221432,572.3598944291666,589.6648067852778,956.3266666666665,14922.59625,0,0
ACC_dd260587,6,13,4,4,3934.0200000000004,77099.81999999999,19.59822776701694,566.5435485186111,647.1130500391666,655.6700000000001,5930.755384615384,0,0
ACC_ddbdcf53,6,8,3,3,34937.18,4779.73,0.13680926737647398,522.2043745080556,490.0342483133333,5822.863333333334,597.46625,0,0
ACC_dde9d39c,9,8,3,4,23033.73,106767.43,4.635264457819033,638.7196589572222,634.8790142588889,2559.3033333333333,13345.92875,0,0
ACC_ddeb8e38,21,6,7,3,51867.62999999999,39463.82000000001,0.7608564339646908,540.2373665672222,640.0461286927778,2469.8871428571424,6577.303333333334,0,0
ACC_de080123,4,5,1,3,6610.080000000001,192799.59,29.16751234478251,362.66265973,300.9457333008333,1652.5200000000002,38559.918,0,0
ACC_de63a9b1,2,11,1,4,2605.64,163705.28,62.82728235673385,408.3762741361111,464.20236049666664,1302.82,14882.298181818182,0,0
ACC_de6527dd,10,9,3,6,60330.6,126694.72,2.1000076246548187,704.2644714788889,700.3959873816667,6033.0599999999995,14077.191111111111,0,0
ACC_dee4cabf,10,10,2,3,12876.05,73522.54,5.710022871921125,562.5635942155556,691.2168108161111,1287.605,7352.253999999999,0,0
ACC_deeb4a45,7,8,5,3,11042.05,3192.4300000000003,0.2891156986248025,422.87260804361114,417.5538386897222,1577.435714285714,399.05375000000004,0,0
ACC_deedebfa,13,15,6,4,441746.49999999994,16967.04,0.0384089970152565,662.4157967177778,532.2990388513889,33980.49999999999,1131.136,0,0
ACC_defe777a,7,12,3,4,5084.22,192506.65000000002,37.86355625838379,591.7177786894445,595.5699407916666,726.3171428571429,16042.220833333335,0,0
ACC_df09436b,16,8,5,3,15701.91,29497.35,1.8785835608534247,653.1232482202778,686.4234752097223,981.369375,3687.16875,0,0
ACC_df3dc3dd,5,9,2,4,172613.14,54357.53999999999,0.3149096297072169,709.6388599719445,514.7227235663889,34522.628000000004,6039.726666666666,0,0
ACC_df86620d,3,4,2,2,3018.8599999999997,18369.91,6.085048660752735,511.4233512052778,546.9136886894444,1006.2866666666665,4592.4775,0,0
ACC_dfadf825,16,3,6,2,56084.439999999995,33844.81,0.6034616731485596,653.0988414669445,620.1744717091667,3505.2774999999997,11281.603333333333,0,0
ACC_dfc4ae63,16,7,6,3,87824.63,35617.799999999996,0.40555593573237936,500.1567918563889,576.9009279377777,5489.039375,5088.257142857142,0,0
ACC_dfea4a89,9,8,4,3,52999.340000000004,14067.17,0.26542160713699453,424.89998187027777,520.1594392752778,5888.815555555556,1758.39625,0,0
ACC_e00a1824,5,13,3,4,46669.13,22073.11,0.4729702482133265,419.3491051052778,490.38062843805557,9333.826,1697.9315384615386,0,0
ACC_e037c835,14,11,6,6,141440.27,114932.06,0.8125837146662687,586.2230332050001,545.0450173716666,10102.876428571428,10448.369090909091,0,0
ACC_e04656bd,12,14,4,3,20809.93,138994.15,6.679222371242959,470.82774720833334,466.8530879861111,1734.1608333333334,9928.153571428571,0,0
ACC_e0943d9b,11,13,3,4,74646.3,55062.42999999999,0.7376444646285213,639.4356015458333,669.3127745355556,6786.027272727273,4235.571538461538,0,0
ACC_e09461b3,13,5,4,3,22572.389999999996,29015.969999999998,1.28546290401681,634.3384541397222,667.0419252719445,1736.337692307692,5803.1939999999995,0,0
ACC_e0a2a67e,8,8,2,2,28776.4,32413.54,1.1263931555024256,525.8087706016667,573.2113426627777,3597.05,4051.6925,0,0
ACC_e0f26b40,9,10,2,5,44968.68,86574.18,1.925210613253491,624.8106099941667,633.6322967122222,4996.52,8657.418,0,0
ACC_e1765666,5,13,3,6,7191.909999999999,107537.87999999999,14.95261759393541,547.995167188611,418.40876645555556,1438.3819999999998,8272.144615384615,0,0
ACC_e17caad3,19,6,7,4,168772.35,4740.09,0.02808570242696745,528.0333504047222,646.8055794047223,8882.755263157895,790.015,0,0
ACC_e1d277e3,17,3,5,3,38510.47,60498.79,1.5709699206475538,305.0909210752778,644.4510428216666,2265.3217647058823,20166.263333333332,0,0
ACC_e1dc1048,10,9,2,3,38854.770000000004,6693.120000000001,0.17225993102005235,634.0934672327778,654.3150814019446,3885.4770000000003,743.6800000000001,0,0
ACC_e1ece9c6,5,8,1,3,24072.57,74772.04000000001,3.1061095678608477,413.6369920161111,509.10176712027777,4814.514,9346.505000000001,0,0
ACC_e202e225,11,10,2,4,53318.73999999999,103113.97,1.9339161052943115,628.8651604313889,593.1422979275,4847.158181818181,10311.397,0,0
ACC_e20c041c,7,11,2,5,21547.690000000002,53057.21,2.4623154500552027,443.65492638805557,368.5911112769444,3078.241428571429,4823.382727272728,0,0
ACC_e2257445,6,14,2,4,172501.02,68466.98000000001,0.3969076820531265,715.5967557808334,711.4838194161111,28750.17,4890.498571428572,0,0
ACC_e2ad71d2,12,9,4,4,9557.35,5444.530000000001,0.5696694167316254,615.6669741138888,674.5419201988889,796.4458333333333,604.9477777777779,0,0
ACC_e2d06240,21,5,5,3,17974.75,58521.11,3.2557398572998233,673.7075176877778,609.4207532366667,855.9404761904761,11704.222,0,0
ACC_e2e83ea1,9,12,3,3,251804.09,150664.84,0.5983415122446979,614.5820589499999,594.87651204,27978.23222222222,12555.403333333334,0,0
ACC_e2f3fbee,1,15,1,2,728.42,84956.48,116.63117432250625,91.02804189166667,999999.0,728.42,5663.765333333333,0,0
ACC_e39c64e2,6,14,4,2,7918.530000000001,20048.87,2.53189291446771,606.015449925,563.3557249527778,1319.755,1432.0621428571428,0,0
ACC_e3c6aaf7,15,4,6,2,16832.28,66815.38,3.969478882242929,302.70569139555556,619.4172844033334,1122.1519999999998,16703.845,0,0
ACC_e3fb0cd5,12,10,4,6,47435.25,154475.97,3.2565648963587206,596.6933371877777,452.0588616230555,3952.9375,15447.597,0,0
ACC_e4a1b4cb,9,5,4,2,64701.27999999999,4120.41,0.06368359327667089,670.1527436519444,692.6305407597222,7189.0311111111105,824.082,0,0
ACC_e512356a,7,3,4,2,4310.71,3557.79,0.8253373574190794,26.375415309166666,510.66304264416664,615.8157142857143,1185.93,0,0
ACC_e52b06b5,12,13,5,4,14506.130000000001,20803.980000000003,1.4341509417053344,535.635735013889,585.994896313889,1208.8441666666668,1600.306153846154,0,0
ACC_e53a2152,20,6,6,4,583509.9800000001,37125.63,0.06362467013846103,410.0442055477778,672.5432892022222,29175.499000000003,6187.605,0,0
ACC_e53f540e,13,15,3,2,31102.189999999995,66599.58,2.1413148077354043,654.9973827916667,673.7689480633334,2392.4761538461535,4439.972,0,0
ACC_e54aa076,6,8,3,2,6808.9800000000005,7260.280000000001,1.0662801183143438,541.0627196708333,484.0397282272222,1134.8300000000002,907.5350000000001,0,0
ACC_e5ab2667,8,4,4,4,14430.64,37158.060000000005,2.5749419291174895,460.5783474875,541.0728625566667,1803.83,9289.515000000001,0,0
ACC_e5c5f568,13,4,4,3,29516.489999999998,5781.409999999999,0.19587051170379674,385.61574918083335,708.0811643213889,2270.4992307692305,1445.3524999999997,0,0
ACC_e60d258e,15,10,3,2,76950.81999999999,60035.34,0.7801780409877374,652.5574541091667,597.9487631788888,5130.054666666666,6003.534,0,0
ACC_e673cb8c,23,12,9,2,22981.530000000002,21723.05,0.9452395032010487,610.696482598611,659.1387934858334,999.1969565217393,1810.2541666666666,0,0
ACC_e6a20ef7,8,10,2,5,20446.42,71690.87000000001,3.5062798279601033,659.6742521930556,680.3679818633333,2555.8025,7169.087000000001,0,0
ACC_e6f134e5,7,12,4,4,150131.81,77815.53000000001,0.5183147395611897,675.2249268780556,546.8680733402778,21447.40142857143,6484.627500000001,0,0
ACC_e78924e1,12,8,4,3,363826.68999999994,12248.77,0.03366649653987728,512.5806466930555,531.8109929872222,30318.890833333327,1531.09625,0,0
ACC_e7a4442b,15,8,4,4,135767.82000000004,120812.23,0.8898443681278816,457.2199362255555,660.1222605716666,9051.188000000002,15101.52875,0,0
ACC_e7b00841,9,11,3,2,8030.259999999999,7175.239999999999,0.8935252407767619,578.4665997316667,498.67337013972224,892.2511111111111,652.2945454545453,0,0
ACC_e7c1e15b,7,4,3,2,247447.93000000005,3329.73,0.01345628553045483,628.6566374183334,518.3062756447223,35349.704285714295,832.4325,0,0
ACC_e7c39065,15,12,5,2,10537.35,31066.350000000002,2.948212785947131,611.8423475752777,542.3716095116666,702.49,2588.8625,0,0
ACC_e7cf634a,7,6,3,5,15430.11,28102.1,1.8212507882315807,491.741674435,467.28050170694445,2204.3014285714285,4683.683333333333,0,0
ACC_e7d38936,5,9,3,3,5311.679999999999,149809.58000000002,28.20380369299356,685.1208394138889,658.418731678889,1062.3359999999998,16645.50888888889,0,0
ACC_e7d8ec28,7,3,4,2,52266.56,3277.2400000000002,0.06270242388249772,595.0133835822222,439.40133217805555,7466.651428571428,1092.4133333333334,0,0
ACC_e7ddc64b,8,11,3,6,57652.04,120000.42,2.0814600836327735,603.8465112019444,550.2196246513888,7206.505,10909.129090909091,0,0
ACC_e80be9bb,24,8,6,4,104807.16999999998,15789.64,0.15065419665467544,563.1655619627778,651.5369197666668,4366.965416666666,1973.705,0,0
ACC_e8a29cc9,12,9,4,2,62991.82,11512.25,0.18275785649628792,615.9113648469445,660.6993650677778,5249.318333333334,1279.138888888889,0,0
ACC_e8bf5983,11,15,3,4,15219.629999999997,59626.270000000004,3.9177213900732157,560.0263240044444,537.7067210544444,1383.602727272727,3975.084666666667,0,0
ACC_e8f75a9d,10,12,5,5,34080.33,39357.36,1.1548409302374711,698.5455228125,675.2877057019444,3408.0330000000004,3279.78,0,0
ACC_e934c866,3,11,2,3,6617.8099999999995,264396.39999999997,39.95225006459841,651.68170649,642.0608609358334,2205.9366666666665,24036.03636363636,0,0
ACC_e9436eca,15,6,6,3,21713.880000000005,44853.49999999999,2.065660305758344,516.1824867719445,562.6242973947222,1447.5920000000003,7475.583333333332,0,0
ACC_e9673592,15,14,3,5,29220.14,199914.46000000002,6.8416667408164376,665.8370853499999,622.7028823297222,1948.0093333333332,14279.604285714287,0,0
ACC_e995c2e1,9,8,4,4,46439.01,6596.83,0.14205363120359368,391.7080042047222,665.9255775436111,5159.89,824.60375,0,0
ACC_e999a788,2,14,2,2,934.56,77924.48999999999,83.38093862352336,568.8922689119445,502.06478337083337,467.28,5566.034999999999,0,0
ACC_e9b47cc2,6,5,1,2,10955.91,7328.140000000001,0.66887552015305,714.7086415458333,538.1981862963888,1825.985,1465.6280000000002,0,0
ACC_ea0a8704,10,11,4,5,34131.34,78587.93,2.3025152250102106,656.1525334444444,562.1004701130556,3413.1339999999996,7144.357272727272,0,0
ACC_ea13da54,24,12,6,5,732689.37,22035.909999999996,0.030075378328472263,549.7013472269444,677.3073686883333,30528.72375,1836.325833333333,0,0
ACC_ea15820c,2,10,1,5,940.4300000000001,67096.02,71.34610763161533,174.85868018027776,41.89195434055556,470.21500000000003,6709.602000000001,0,0
ACC_eaa70e60,14,15,3,5,88714.62,29433.35,0.33177564194041526,675.7567097844445,670.3587105441667,6336.7585714285715,1962.2233333333331,0,0
ACC_eae17fa4,3,4,2,2,10972.769999999999,74035.88,6.747237024014904,511.9750835716667,277.56731584249997,3657.5899999999997,18508.97,0,0
ACC_eb155aea,7,13,3,4,7433.43,149708.21000000005,20.13985602877811,407.5974628027777,466.71949313305555,1061.9185714285716,11516.016153846158,0,0
ACC_eb7d2ffd,7,7,4,4,272323.18000000005,76471.81,0.2808127093698009,681.9853619688889,263.63585270805555,38903.31142857143,10924.544285714286,0,0
ACC_eba6788d,0,15,0,2,0.0,88270.99,0.0,999999.0,999999.0,0.0,5884.732666666667,0,0
ACC_ec1e3fea,9,9,5,4,37261.380000000005,10838.770000000002,0.29088482498501134,612.7066459991667,525.1572043566666,4140.153333333334,1204.307777777778,0,0
ACC_ec3f0900,16,9,6,4,95551.13,10804.079999999998,0.11307119026221875,625.8047859797222,666.0523672441666,5971.945625,1200.4533333333331,0,0
ACC_ec7c1e53,20,11,7,2,166759.75999999998,67288.89,0.40350795659576394,698.3561304000001,689.5570694319445,8337.988,6117.171818181818,0,0
ACC_ec9e67b9,6,8,3,4,4651.41,140836.24,30.278182314609978,433.49306366194446,384.53696016083336,775.235,17604.53,0,0
ACC_ed3f4090,21,11,7,2,28120.22,29100.08,1.0348453888340845,613.7288934625,627.6086640636111,1339.0580952380953,2645.461818181818,0,0
ACC_eda20633,18,4,4,1,24201.98,15332.35,0.6335163486623822,449.57635486805555,668.872585488889,1344.5544444444445,3833.0875,0,0
ACC_edee7637,9,3,4,2,8226.529999999999,1578.28,0.19185245784066918,502.90325267111115,527.0503322044444,914.0588888888888,526.0933333333334,0,0
ACC_edf42887,18,14,5,4,42219.42,97634.12,2.3125405322953276,536.2660871797223,659.0228054736111,2345.523333333333,6973.865714285714,0,0
ACC_edff8b6c,25,14,5,2,204211.31999999998,11265.42,0.05516550208871869,661.1297109388888,641.3348841158333,8168.452799999999,804.6728571428572,0,0
ACC_ee095938,9,9,5,4,8625.9,294984.61,34.197545763340635,651.2056204872223,606.3438864033333,958.4333333333333,32776.067777777775,0,0
ACC_ee0d064d,18,12,5,4,63579.380000000005,153072.22,2.4075764815573852,501.00329044611107,709.6792082747222,3532.187777777778,12756.018333333333,0,0
ACC_ee362e28,13,14,7,3,17887.07,25031.08,1.3993952055870527,680.2090755566666,529.1781152008333,1375.9284615384615,1787.9342857142858,0,0
ACC_ee5c00b6,13,12,3,3,17725.350000000002,77511.78,4.3729336797298775,667.0806830775,523.9874346297222,1363.4884615384617,6459.315,0,0
ACC_ee65b0b2,6,8,4,3,112093.75,5018.43,0.0447699358795651,515.3500602622222,466.64035936638885,18682.291666666668,627.30375,0,0
ACC_ee82f9b4,15,14,4,3,51462.66999999999,358708.73,6.970270489269213,618.6289673086111,661.9597687238889,3430.844666666666,25622.05214285714,0,0
ACC_ef25e347,7,11,2,5,113690.23999999999,17019.99,0.14970493509381283,652.9373645080556,499.2473739536111,16241.462857142857,1547.2718181818184,0,0
ACC_ef3ba1c5,13,8,7,4,423903.71,7771.87,0.01833404571995843,612.9287555855556,595.9880263063889,32607.977692307693,971.48375,0,0
ACC_ef99c0bd,8,8,4,3,18460.71,50782.68,2.750851944481009,616.4060564297222,688.6187175561112,2307.58875,6347.835,0,0
ACC_efe3e58d,2,4,1,3,2042.19,3108.2200000000003,1.5220033395521475,645.0348735244444,85.65508240138888,1021.095,777.0550000000001,0,0
ACC_efe715ce,17,4,3,4,15055.609999999999,4348.219999999999,0.2888106161092111,616.7908961219445,641.0227455647223,885.6241176470587,1087.0549999999998,0,0
ACC_f005ac42,12,14,4,5,121083.09,64151.479999999996,0.5298137006579531,556.2132521641666,661.0658435125,10090.2575,4582.248571428571,0,0
ACC_f0289c3a,8,3,2,2,32551.219999999998,15586.630000000001,0.47883397304309955,423.7236351913889,496.5692665997222,4068.9024999999997,5195.543333333334,0,0
ACC_f02deb14,22,10,7,5,84183.65,112241.61,1.3332946480700232,615.9394890138889,586.2286998861111,3826.5295454545453,11224.161,0,0
ACC_f08124c0,16,6,5,3,522506.67000000004,134047.94,0.256547806365802,359.8018427530556,655.5843019302778,32656.666875000003,22341.323333333334,0,0
ACC_f0ac3bd4,15,13,6,6,441571.04000000004,36375.600000000006,0.08237768491339469,566.4707271330556,504.75909876027777,29438.069333333337,2798.1230769230774,0,0
ACC_f10f5144,6,8,5,4,4520.240000000001,52109.979999999996,11.528144523299645,525.7649987725,556.2451510072223,753.3733333333334,6513.7474999999995,0,0
ACC_f110210d,21,15,8,3,66270.93,76585.5,1.1556424513734755,702.3077370044444,691.4102187366667,3155.758571428571,5105.7,0,0
ACC_f1aada42,12,13,3,6,20327.399999999998,141376.44000000003,6.954969154933737,552.9718785494445,653.4337658024999,1693.9499999999998,10875.110769230772,0,0
ACC_f1df80dd,5,14,2,3,6229.61,113818.79999999999,18.270614051280898,666.877015875,397.2656178308333,1245.922,8129.914285714285,0,0
ACC_f1fa5e85,13,12,3,3,56587.32999999999,67822.31999999999,1.1985425005915638,707.6544993925,696.9942137869444,4352.871538461537,5651.86,0,0
ACC_f21816f3,2,8,2,3,551.13,136745.8,248.11895560031206,379.3412979902778,338.1538978247222,275.565,17093.225,0,0
ACC_f2328690,1,11,1,2,333.37,39533.799999999996,118.58835528091909,504.57530084388884,999999.0,333.37,3593.9818181818177,0,0
ACC_f235d1a7,6,13,2,3,29739.34,174778.59,5.877016436813998,589.2777131991667,557.9960073738889,4956.556666666666,13444.506923076922,0,0
ACC_f24c7648,7,13,1,4,8858.69,72912.15,8.23057923914258,443.51284217250003,309.08741373361113,1265.527142857143,5608.626923076923,0,0
ACC_f2ac9784,12,12,4,4,63900.05000000001,247796.8,3.8778811597174014,660.6843773033332,676.1246921308333,5325.0041666666675,20649.733333333334,0,0
ACC_f2cf2365,7,10,3,3,12149.660000000002,11722.969999999998,0.9648804987135439,594.8997556697223,697.3696502066666,1735.6657142857146,1172.2969999999998,0,0
ACC_f2f38096,8,12,2,6,8335.45,95672.23000000001,11.477752250928264,501.37825271888886,387.6016425227778,1041.93125,7972.685833333334,0,0
ACC_f3108d17,6,15,2,2,4051.4500000000003,433155.85000000003,106.91378395389305,626.9044252611111,560.6211709380556,675.2416666666667,28877.056666666667,0,0
ACC_f32e15c7,9,7,5,2,62110.6,205787.93000000002,3.3132497512501895,472.8917347636111,484.16436865555556,6901.177777777778,29398.27571428572,0,0
ACC_f3799286,13,14,4,2,8907.760000000002,16519.370000000003,1.8544920384024715,482.52142106888886,366.34411005805555,685.2123076923078,1179.9550000000002,0,0
ACC_f4735313,14,15,4,2,117277.43,369631.66000000003,3.1517714874891105,674.4443153883333,698.2141972677779,8376.959285714285,24642.110666666667,0,0
ACC_f4ba8d77,11,3,3,2,84409.62000000001,2113.89,0.025043235593289005,387.4199783705556,483.72373053194445,7673.601818181819,704.63,0,0
ACC_f4cdac0e,1,13,1,4,615.53,34410.770000000004,55.90429386057545,523.0263993041667,999999.0,615.53,2646.982307692308,0,0
ACC_f4d11882,23,8,7,3,49785.38,26631.429999999997,0.5349247108287614,410.4760859925,666.3902746536111,2164.5817391304345,3328.9287499999996,0,0
ACC_f4e2ff6e,2,9,1,4,3921.33,14839.489999999998,3.7843002246686708,567.2078805252778,35.4169134,1960.665,1648.832222222222,0,0
ACC_f59fae08,7,11,2,2,12574.440000000002,65682.21,5.22346999150658,555.5420548872222,497.7175834775,1796.3485714285719,5971.110000000001,0,0
ACC_f5a1256a,15,14,5,5,50938.11999999999,140619.38999999998,2.7605924600279717,660.9936479452778,713.8692136955556,3395.8746666666657,10044.242142857142,0,0
ACC_f5b2a1bb,6,5,3,3,5522.400000000001,3272.58,0.5926010430247718,361.83985727055557,596.7137172099999,920.4000000000001,654.516,0,0
ACC_f5d9110a,4,11,2,2,11891.44,11905.08,1.0011470435876564,614.1867965619444,422.7842896630556,2972.86,1082.28,0,0
ACC_f6555f33,9,14,4,3,32943.64,13438.989999999998,0.4079388312888314,650.969907871389,635.2328723036111,3660.4044444444444,959.927857142857,0,0
ACC_f6a40781,3,7,3,3,56602.409999999996,30983.120000000003,0.5473816397570351,409.9817690377777,389.7611692952778,18867.469999999998,4426.160000000001,0,0
ACC_f6bea153,8,8,2,3,19982.300000000003,35079.06,1.7555066233616747,554.9734800569445,301.01859193916664,2497.7875000000004,4384.8825,0,0
ACC_f6d8016e,5,13,2,5,7912.92,99297.43000000001,12.54877213468606,594.3743813977777,361.3146124613889,1582.584,7638.263846153846,0,0
ACC_f744a110,2,8,2,2,50263.07,39247.55,0.7808426743531584,644.0343754091666,27.483041097222223,25131.535,4905.94375,0,0
ACC_f7459bf4,10,8,4,3,57502.79,108992.59000000001,1.8954313347230631,574.6804318416666,571.2247573105556,5750.279,13624.073750000001,0,0
ACC_f784e3c5,8,14,4,2,7693.32,27978.760000000006,3.6367602023573706,408.8235792672222,301.7565326316667,961.665,1998.4828571428575,0,0
ACC_f789415f,18,11,5,3,34035.76,13288.510000000002,0.39042789113567616,382.64993420972223,703.2405487744444,1890.8755555555556,1208.0463636363638,0,0
ACC_f7b15a37,4,10,1,3,59124.51,6870.459999999999,0.11620324633557215,245.73592953666667,219.28623530333334,14781.1275,687.0459999999999,0,0
ACC_f7fe5b2b,10,8,5,5,56585.19,105274.61,1.8604622516951874,529.0360022597223,548.0026336288888,5658.519,13159.32625,0,0
ACC_f8d9490e,10,10,4,4,17287.47,8741.0,0.5056263293587783,636.8108365627778,657.0738844299999,1728.747,874.1,0,0
ACC_f8e26ec7,4,7,2,3,2977.42,3844.41,1.2911883442712146,348.10674031555556,338.6048665686111,744.355,549.2014285714286,0,0
ACC_f8fba9c9,12,12,5,5,62085.96,150409.91999999998,2.4226076233660554,538.9294742972222,631.0397422552777,5173.83,12534.159999999998,0,0
ACC_f92f929a,14,9,5,3,15987.16,8689.12,0.5435061636963664,644.3891056127777,644.0780253102778,1141.94,965.4577777777779,0,0
ACC_f92ffe22,8,9,3,2,21547.61,79956.14,3.71067324868048,490.6650583736111,440.2722371113889,2693.45125,8884.015555555556,0,0
ACC_f9482b21,11,4,6,3,12419.710000000001,3417.4400000000005,0.27516262457013896,552.5707314255556,534.8013090552778,1129.0645454545456,854.3600000000001,0,0
ACC_f9e31921,11,9,5,3,17541.41,44794.079999999994,2.553619121837982,611.8720982544445,623.8217988974999,1594.6736363636364,4977.119999999999,0,0
ACC_fa677d48,13,12,4,3,47279.7,81883.34,1.7318921228349589,558.7327836483333,523.4748168513889,3636.8999999999996,6823.611666666667,0,0
ACC_fb61c1f0,2,4,2,2,1882.56,4429.59,2.3529608618052014,584.9682870419444,234.0989750138889,941.28,1107.3975,0,0
ACC_fbbafbe6,10,11,5,2,301853.64,200325.47999999998,0.6636510329973161,689.8181085669445,657.262558261111,30185.364,18211.407272727272,0,0
ACC_fbe8b92a,6,10,3,5,6886.74,105989.47,15.39036902801616,339.8515134105556,351.9881108527778,1147.79,10598.947,0,0
ACC_fbe9b403,9,9,4,5,18717.31,8858.09,0.4732565737277418,687.0829726708333,558.6010979858333,2079.7011111111115,984.2322222222223,0,0
ACC_fbf4502f,2,4,1,1,3282.8100000000004,153214.15,46.671647155942615,129.20446591583334,275.6432887730556,1641.4050000000002,38303.5375,0,0
ACC_fc3eea20,6,3,3,2,4823.32,1194.78,0.2477090468805719,642.9298361311112,418.66907959,803.8866666666667,398.26,0,0
ACC_fc4b70ba,2,13,2,4,1961.13,93835.47,47.84765415857184,125.22794853944444,127.4986449736111,980.565,7218.113076923077,0,0
ACC_fc4ee2f6,14,9,4,2,157347.74,13291.48,0.08447201084680339,707.6360380127778,678.4902807141667,11239.124285714284,1476.831111111111,0,0
ACC_fc68c51c,5,11,3,6,4742.67,166368.62,35.079105229754546,683.496949046389,608.636398196389,948.534,15124.42,0,0
ACC_fc95b980,4,13,2,4,4625.17,14918.339999999998,3.225468469267075,649.3863670519445,437.8060163113889,1156.2925,1147.5646153846153,0,0
ACC_fcacc246,4,3,1,3,179529.39,4337.650000000001,0.024161225078523356,46.47976403833333,394.63807406583334,44882.3475,1445.8833333333334,0,0
ACC_fcbd00a3,9,7,4,2,16781.86,21927.36,1.3066108285970686,537.2513728444444,486.26099344,1864.6511111111113,3132.48,0,0
ACC_fcc2f11d,0,5,0,3,0.0,84317.51999999999,0.0,999999.0,999999.0,0.0,16863.503999999997,0,0
ACC_fd0bc9d8,14,6,3,4,263218.48,110518.41999999998,0.4198733310822249,642.2034015441667,550.3137027686112,18801.32,18419.736666666664,0,0
ACC_fd6c802f,11,7,2,3,29837.690000000002,61672.18,2.0669220707098974,663.7516358330556,650.4982486513888,2712.517272727273,8810.31142857143,0,0
ACC_fdaa6a3f,15,5,3,3,24658.479999999996,2690.27,0.10910120980693053,474.1452757438889,601.7973111925,1643.8986666666665,538.054,0,0
ACC_fdcda18a,18,3,6,1,62859.67,6140.73,0.09768950425606752,569.3064168586111,710.0013876597222,3492.2038888888887,2046.9099999999999,0,0
ACC_fe12d48f,7,15,2,4,63030.979999999996,136068.11,2.158749713236253,616.6514883644444,582.3540091797222,9004.425714285713,9071.207333333332,0,0
ACC_fe2879bd,16,11,5,6,21649.27,23067.46,1.0655075205769062,625.532174223889,668.437924711111,1353.079375,2097.041818181818,0,0
ACC_fe3bf2bb,1,7,1,3,464.33,7190.25,15.48521525639093,81.07428613861111,999999.0,464.33,1027.1785714285713,0,0
ACC_fe433f30,5,3,2,2,36743.64,1360.48,0.037026271757506876,271.7310342938889,600.4614206919445,7348.728,453.49333333333334,0,0
ACC_fe9ebf17,5,8,2,2,8135.7699999999995,7254.92,0.8917312067573199,309.83320417777776,546.3264491791667,1627.154,906.865,0,0
ACC_fea9e04b,11,5,4,3,69705.58000000002,64260.23,0.921880716005806,565.651112428889,508.0974223852778,6336.870909090911,12852.046,0,0
ACC_fef90834,12,11,4,6,377266.89999999997,50007.51999999999,0.13255210038304446,652.9845593633333,644.497451056389,31438.90833333333,4546.138181818181,0,0
ACC_ff3b666a,11,12,4,2,8746.449999999999,15090.25,1.7252999788485617,506.5266472133333,575.5043107866667,795.1318181818181,1257.5208333333333,0,0
ACC_ffb350cc,16,13,3,3,59862.64,125450.69,2.0956424574659587,687.5514356472222,599.7526798947223,3741.415,9650.053076923077,0,0
ACC_ffbb72e6,10,6,4,4,351304.57999999996,148321.05,0.4222007296346663,659.8568490522222,625.2059182705556,35130.458,24720.175,0,0
ACC_ffd3c2e0,2,3,1,3,3080.68,4101.08,1.3312255735746654,29.299890284444444,41.09736770194444,1540.34,1367.0266666666666,0,0
BRAID_0051b16e,1,1,1,1,18619.34,18619.34,1.0,40.09275403944445,999999.0,18619.34,18619.34,1,1
BRAID_00be7c0c,1,2,1,2,14794.45,14794.45,1.0,26.134460210833332,999999.0,14794.45,7397.225,0,1
BRAID_02bda5f9,1,1,1,1,5350.03,5350.03,1.0,107.71019193305557,999999.0,5350.03,5350.03,1,1
BRAID_04ce7fb2,1,1,1,1,8181.54,8181.54,1.0,30.334913630000003,999999.0,8181.54,8181.54,1,1
BRAID_07adc143,10,2,10,2,35801.46,35801.46,1.0,119.63021594694443,95.95025277388889,3580.1459999999997,17900.73,0,1
BRAID_089325e0,1,2,1,2,32654.4,32654.4,1.0,35.76295295861111,999999.0,32654.4,16327.2,0,1
BRAID_09fa9818,1,1,1,1,6975.63,6975.63,1.0,127.6231417975,999999.0,6975.63,6975.63,1,1
BRAID_0a54fedd,1,1,1,1,8379.4,8379.4,1.0,100.8958851361111,999999.0,8379.4,8379.4,1,1
BRAID_0a56697c,1,1,1,1,6167.18,6167.18,1.0,130.01456235305554,999999.0,6167.18,6167.18,1,1
BRAID_0b348b6e,1,1,1,1,8082.92,8082.92,1.0,98.61555689833334,999999.0,8082.92,8082.92,1,1
BRAID_0bc3ae07,1,2,1,2,14527.79,14527.79,1.0,49.62596465194444,999999.0,14527.79,7263.895,0,1
BRAID_0c9a84d0,1,2,1,2,8877.45,8877.45,1.0,123.35174741055556,999999.0,8877.45,4438.725,0,1
BRAID_0d546b87,1,1,1,1,19156.81,19156.81,1.0,36.28002532944445,999999.0,19156.81,19156.81,1,1
BRAID_0e55e8ef,1,1,1,1,9987.55,9987.55,1.0,43.91108534777778,999999.0,9987.55,9987.55,1,1
BRAID_0f7347b9,1,1,1,1,18515.51,18515.51,1.0,48.32704833472222,999999.0,18515.51,18515.51,1,1
BRAID_0fd5c790,1,2,1,2,35475.98,35475.98,1.0,81.87033118333333,999999.0,35475.98,17737.99,0,1
BRAID_1027f531,1,2,1,2,11487.62,11487.619999999999,0.9999999999999999,52.458624852777774,999999.0,11487.62,5743.8099999999995,0,1
BRAID_1046214e,1,1,1,1,6940.05,6940.05,1.0,92.38656974444444,999999.0,6940.05,6940.05,1,1
BRAID_10e9cf84,6,2,6,2,28978.86,28978.86,1.0,117.20739939555556,81.16252303305556,4829.81,14489.43,0,1
BRAID_138f266d,1,2,1,2,15211.66,15211.66,1.0,55.15977446583333,999999.0,15211.66,7605.83,0,1
BRAID_13ef3a7a,1,1,1,1,13064.97,13064.97,1.0,41.283316532777775,999999.0,13064.97,13064.97,1,1
BRAID_14751774,1,1,1,1,10957.11,10957.11,1.0,70.06329723,999999.0,10957.11,10957.11,1,1
BRAID_14ad1ee8,1,2,1,2,16882.69,16882.69,1.0,96.05895011000001,999999.0,16882.69,8441.345,0,1
BRAID_159057e9,1,1,1,1,7990.87,7990.87,1.0,86.62666874305555,999999.0,7990.87,7990.87,1,1
BRAID_16643029,1,2,1,2,34858.66,34858.66,1.0,82.38020516416665,999999.0,34858.66,17429.33,0,1
BRAID_169ea157,1,2,1,2,29550.03,29550.03,1.0,54.754562810555555,999999.0,29550.03,14775.015,0,1
BRAID_175acfd1,1,2,1,2,33416.65,33416.65,1.0,75.04041949916666,999999.0,33416.65,16708.325,0,1
BRAID_1823c544,1,2,1,2,36365.06,36365.06,1.0,49.027355220000004,999999.0,36365.06,18182.53,0,1
BRAID_1935c258,1,1,1,1,9525.68,9525.68,1.0,97.22656823944445,999999.0,9525.68,9525.68,1,1
BRAID_199f50ba,1,1,1,1,6081.51,6081.51,1.0,89.56354987833333,999999.0,6081.51,6081.51,1,1
BRAID_19c85ae1,1,2,1,2,11498.08,11498.08,1.0,61.620861355833334,999999.0,11498.08,5749.04,0,1
BRAID_1d5e30b7,1,1,1,1,5007.93,5007.93,1.0,105.06622066472222,999999.0,5007.93,5007.93,1,1
BRAID_1d88059a,13,2,13,2,51815.38999999999,51815.39,1.0000000000000002,142.41958232694444,111.43208213277777,3985.7992307692302,25907.695,0,1
BRAID_1fb392da,1,2,1,2,17131.61,17131.61,1.0,39.715079680555554,999999.0,17131.61,8565.805,0,1
BRAID_20e162b3,1,1,1,1,10311.07,10311.07,1.0,61.33306101611111,999999.0,10311.07,10311.07,1,1
BRAID_23a22300,1,2,1,2,13008.27,13008.27,1.0,62.37764191861111,999999.0,13008.27,6504.135,0,1
BRAID_24f7dd47,1,1,1,1,6068.22,6068.22,1.0,108.51600111277777,999999.0,6068.22,6068.22,1,1
BRAID_259295fd,1,1,1,1,5889.41,5889.41,1.0,105.4355339438889,999999.0,5889.41,5889.41,1,1
BRAID_27dc2d61,1,2,1,2,5510.01,5510.01,1.0,94.49741200194445,999999.0,5510.01,2755.005,0,1
BRAID_28e6779b,9,2,9,2,48016.44,48016.44,1.0,131.3150667625,94.54419773027777,5335.16,24008.22,0,1
BRAID_2a1448cb,1,1,1,1,6609.61,6609.61,1.0,108.8593095475,999999.0,6609.61,6609.61,1,1
BRAID_2ab93d8c,1,1,1,1,9098.38,9098.38,1.0,69.26195682111111,999999.0,9098.38,9098.38,1,1
BRAID_2c199010,1,1,1,1,7128.74,7128.74,1.0,110.54361763583333,999999.0,7128.74,7128.74,1,1
BRAID_2c58ba55,1,1,1,1,3175.58,3175.58,1.0,85.63332217527778,999999.0,3175.58,3175.58,1,1
BRAID_2d09da16,1,1,1,1,7744.58,7744.58,1.0,102.87106620666667,999999.0,7744.58,7744.58,1,1
BRAID_2f5d036f,1,2,1,2,19102.72,19102.72,1.0,132.74312339472223,999999.0,19102.72,9551.36,0,1
BRAID_2ff4bf5f,1,1,1,1,16282.18,16282.18,1.0,52.50767914166667,999999.0,16282.18,16282.18,1,1
BRAID_31fdda31,1,2,1,2,12852.31,12852.310000000001,1.0000000000000002,131.29035493916666,999999.0,12852.31,6426.155000000001,0,1
BRAID_3358df99,1,2,1,2,22048.76,22048.760000000002,1.0000000000000002,86.48364038277778,999999.0,22048.76,11024.380000000001,0,1
BRAID_344f8a6a,1,1,1,1,8756.56,8756.56,1.0,57.62468919361111,999999.0,8756.56,8756.56,1,1
BRAID_3462db8c,10,2,10,2,43155.51,43155.51,1.0,129.8329898672222,100.62672463333332,4315.551,21577.755,0,1
BRAID_3536c476,1,2,1,2,13065.15,13065.15,1.0,54.3226030125,999999.0,13065.15,6532.575,0,1
BRAID_3597849f,1,1,1,1,8403.64,8403.64,1.0,94.13681339305556,999999.0,8403.64,8403.64,1,1
BRAID_361f5ada,1,1,1,1,5876.68,5876.68,1.0,103.77539885388889,999999.0,5876.68,5876.68,1,1
BRAID_36a00544,1,1,1,1,16824.66,16824.66,1.0,62.57620615555555,999999.0,16824.66,16824.66,1,1
BRAID_373775ec,1,1,1,1,7766.05,7766.05,1.0,72.8447650261111,999999.0,7766.05,7766.05,1,1
BRAID_3914ab06,1,2,1,2,28043.1,28043.1,1.0,74.24300009222223,999999.0,28043.1,14021.55,0,1
BRAID_3aef4475,1,1,1,1,3966.47,3966.47,1.0,142.63935488027778,999999.0,3966.47,3966.47,1,1
BRAID_3c9c611c,1,1,1,1,7949.56,7949.56,1.0,50.67942153027778,999999.0,7949.56,7949.56,1,1
BRAID_3d9bc281,1,2,1,2,28504.85,28504.85,1.0,43.634725332500004,999999.0,28504.85,14252.425,0,1
BRAID_3ed6addc,1,2,1,2,16336.32,16336.32,1.0,101.4677851536111,999999.0,16336.32,8168.16,0,1
BRAID_3f9a8126,1,1,1,1,19789.02,19789.02,1.0,29.037285450000002,999999.0,19789.02,19789.02,1,1
BRAID_42389f2a,1,1,1,1,5415.77,5415.77,1.0,106.42258059055555,999999.0,5415.77,5415.77,1,1
BRAID_45b1e55f,1,1,1,1,12963.15,12963.15,1.0,52.29967973166667,999999.0,12963.15,12963.15,1,1
BRAID_468d0d63,1,1,1,1,7886.63,7886.63,1.0,113.25381734694444,999999.0,7886.63,7886.63,1,1
BRAID_4777458c,1,1,1,1,8023.41,8023.41,1.0,88.89695028722221,999999.0,8023.41,8023.41,1,1
BRAID_47f8c37b,1,1,1,1,9100.31,9100.31,1.0,80.39663182944444,999999.0,9100.31,9100.31,1,1
BRAID_48c198e3,1,2,1,2,17155.86,17155.86,1.0,90.85020080111111,999999.0,17155.86,8577.93,0,1
BRAID_4a688f68,1,2,1,2,18654.85,18654.85,1.0,88.626015335,999999.0,18654.85,9327.425,0,1
BRAID_4a72e649,1,1,1,1,6790.88,6790.88,1.0,118.97664139305554,999999.0,6790.88,6790.88,1,1
BRAID_4a77f3d6,1,1,1,1,3520.41,3520.41,1.0,82.701640975,999999.0,3520.41,3520.41,1,1
BRAID_4ae548cb,1,1,1,1,8888.46,8888.46,1.0,91.18895000583333,999999.0,8888.46,8888.46,1,1
BRAID_4bd625fa,1,1,1,1,17753.36,17753.36,1.0,49.17476580527778,999999.0,17753.36,17753.36,1,1
BRAID_4da06956,1,2,1,2,9602.08,9602.08,1.0,69.62197570638888,999999.0,9602.08,4801.04,0,1
BRAID_51503afe,1,1,1,1,8369.19,8369.19,1.0,82.18662681333332,999999.0,8369.19,8369.19,1,1
BRAID_518141a1,1,1,1,1,7204.37,7204.37,1.0,54.931406765,999999.0,7204.37,7204.37,1,1
BRAID_520fca5a,1,2,1,2,14961.73,14961.73,1.0,53.4760598275,999999.0,14961.73,7480.865,0,1
BRAID_526f603d,8,2,8,2,38339.28,38339.28,1.0,139.2256735788889,93.25534531916666,4792.41,19169.64,0,1
BRAID_55b52d3e,1,2,1,2,23467.11,23467.11,1.0,41.442213723888884,999999.0,23467.11,11733.555,0,1
BRAID_5644ecbe,1,1,1,1,10189.31,10189.31,1.0,80.39397229472222,999999.0,10189.31,10189.31,1,1
BRAID_58181692,1,1,1,1,6692.28,6692.28,1.0,124.87083511111112,999999.0,6692.28,6692.28,1,1
BRAID_58cd56bd,1,1,1,1,2401.77,2401.77,1.0,120.86703318972224,999999.0,2401.77,2401.77,1,1
BRAID_5ac0d4f1,1,2,1,2,19062.32,19062.32,1.0,81.40468801444445,999999.0,19062.32,9531.16,0,1
BRAID_5af15cd1,1,1,1,1,9518.34,9518.34,1.0,48.915867563333336,999999.0,9518.34,9518.34,1,1
BRAID_5c1928f2,1,1,1,1,15791.6,15791.6,1.0,46.254493825555556,999999.0,15791.6,15791.6,1,1
BRAID_5c625d50,1,1,1,1,2616.15,2616.15,1.0,110.65669086583334,999999.0,2616.15,2616.15,1,1
BRAID_5d0685cf,1,2,1,2,15439.7,15439.7,1.0,76.69204927,999999.0,15439.7,7719.85,0,1
BRAID_5e532146,1,1,1,1,2715.58,2715.58,1.0,86.75356107583333,999999.0,2715.58,2715.58,1,1
BRAID_5ea36025,1,1,1,1,17958.46,17958.46,1.0,49.993071654999994,999999.0,17958.46,17958.46,1,1
BRAID_5fe5d41a,1,1,1,1,5212.74,5212.74,1.0,119.89726334416666,999999.0,5212.74,5212.74,1,1
BRAID_609e25ef,1,2,1,2,10867.66,10867.66,1.0,72.67110940277777,999999.0,10867.66,5433.83,0,1
BRAID_609fbb31,1,2,1,2,26919.11,26919.11,1.0,46.40300411444444,999999.0,26919.11,13459.555,0,1
BRAID_6220f22d,1,1,1,1,7036.06,7036.06,1.0,103.93177865305555,999999.0,7036.06,7036.06,1,1
BRAID_63f15660,1,2,1,2,17719.63,17719.63,1.0,133.5474861275,999999.0,17719.63,8859.815,0,1
BRAID_63f903df,1,2,1,2,32094.35,32094.35,1.0,78.37754356444445,999999.0,32094.35,16047.175,0,1
BRAID_6468d916,1,2,1,2,14017.13,14017.13,1.0,38.52753326055556,999999.0,14017.13,7008.565,0,1
BRAID_6581a071,1,1,1,1,6742.65,6742.65,1.0,47.054265254444445,999999.0,6742.65,6742.65,1,1
BRAID_6628ae6d,1,2,1,2,24024.6,24024.6,1.0,50.0799831575,999999.0,24024.6,12012.3,0,1
BRAID_66344cbd,1,1,1,1,7103.73,7103.73,1.0,130.26492605222222,999999.0,7103.73,7103.73,1,1
BRAID_6639d887,1,2,1,2,18352.13,18352.129999999997,0.9999999999999998,25.470682405833333,999999.0,18352.13,9176.064999999999,0,1
BRAID_666c0624,13,2,13,2,61153.26,61153.259999999995,0.9999999999999999,139.87433924833334,111.57294039,4704.096923076923,30576.629999999997,0,1
BRAID_682f1a87,1,2,1,2,37015.1,37015.1,1.0,37.79576417861111,999999.0,37015.1,18507.55,0,1
BRAID_68b39b7d,1,2,1,2,26347.41,26347.41,1.0,77.06882866944446,999999.0,26347.41,13173.705,0,1
BRAID_69386ee4,6,2,6,2,21537.57,21537.57,1.0,103.48825438722223,65.19338687388888,3589.595,10768.785,0,1
BRAID_6ba29cc4,1,2,1,2,15022.24,15022.24,1.0,93.57435631888889,999999.0,15022.24,7511.12,0,1
BRAID_6c04daad,1,2,1,2,11302.75,11302.75,1.0,119.15505072194445,999999.0,11302.75,5651.375,0,1
BRAID_6c0ea279,11,2,11,2,70744.82,70744.82,1.0,129.3756164297222,100.71282646138889,6431.347272727274,35372.41,0,1
BRAID_6c942c47,1,2,1,2,16373.26,16373.259999999998,0.9999999999999999,92.3696702475,999999.0,16373.26,8186.629999999999,0,1
BRAID_6cfccdfd,1,1,1,1,7175.74,7175.74,1.0,88.59142837583333,999999.0,7175.74,7175.74,1,1
BRAID_6d21ba5e,1,2,1,2,17699.88,17699.88,1.0,64.69948495055556,999999.0,17699.88,8849.94,0,1
BRAID_6ef68a6e,1,1,1,1,7979.47,7979.47,1.0,58.4430418175,999999.0,7979.47,7979.47,1,1
BRAID_715ebde3,1,2,1,2,15700.75,15700.75,1.0,78.77606940083334,999999.0,15700.75,7850.375,0,1
BRAID_71a3cd2c,1,1,1,1,9889.04,9889.04,1.0,69.4025853338889,999999.0,9889.04,9889.04,1,1
BRAID_7303f832,1,1,1,1,8486.63,8486.63,1.0,136.1343261186111,999999.0,8486.63,8486.63,1,1
BRAID_7440deb3,1,1,1,1,4491.23,4491.23,1.0,110.54975603805556,999999.0,4491.23,4491.23,1,1
BRAID_746c3248,1,1,1,1,7681.41,7681.41,1.0,108.78631957722222,999999.0,7681.41,7681.41,1,1
BRAID_7600ea51,1,1,1,1,7833.76,7833.76,1.0,123.83681239111111,999999.0,7833.76,7833.76,1,1
BRAID_7669ad59,1,1,1,1,10255.35,10255.35,1.0,111.17745536305556,999999.0,10255.35,10255.35,1,1
BRAID_778818b3,1,2,1,2,12684.76,12684.76,1.0,55.66515661055555,999999.0,12684.76,6342.38,0,1
BRAID_7809cc03,1,2,1,2,32616.26,32616.260000000002,1.0000000000000002,14.275618509444444,999999.0,32616.26,16308.130000000001,0,1
BRAID_78111b7b,1,1,1,1,6523.39,6523.39,1.0,109.15729768277778,999999.0,6523.39,6523.39,1,1
BRAID_788cbeda,1,1,1,1,7835.51,7835.51,1.0,107.15811922722223,999999.0,7835.51,7835.51,1,1
BRAID_789475dc,1,2,1,2,17903.57,17903.57,1.0,89.13091855694445,999999.0,17903.57,8951.785,0,1
BRAID_79fb65c4,1,2,1,2,19987.15,19987.15,1.0,61.27656283472223,999999.0,19987.15,9993.575,0,1
BRAID_7cbf803e,1,1,1,1,4165.94,4165.94,1.0,130.7475637725,999999.0,4165.94,4165.94,1,1
BRAID_7cc1f964,1,2,1,2,37555.78,37555.78,1.0,51.93623896611111,999999.0,37555.78,18777.89,0,1
BRAID_7d84c177,1,1,1,1,7489.74,7489.74,1.0,56.853497069166664,999999.0,7489.74,7489.74,1,1
BRAID_7dcc3e30,1,1,1,1,8015.61,8015.61,1.0,129.48694288527778,999999.0,8015.61,8015.61,1,1
BRAID_7e198aeb,1,1,1,1,4752.86,4752.86,1.0,115.34335884222223,999999.0,4752.86,4752.86,1,1
BRAID_7ebc1888,1,1,1,1,9187.6,9187.6,1.0,91.43728026722222,999999.0,9187.6,9187.6,1,1
BRAID_80709121,1,1,1,1,9965.39,9965.39,1.0,103.036583655,999999.0,9965.39,9965.39,1,1
BRAID_80ce69cb,1,2,1,2,19153.46,19153.46,1.0,42.76262756388889,999999.0,19153.46,9576.73,0,1
BRAID_80e6b3a9,1,1,1,1,9087.8,9087.8,1.0,121.81679886722223,999999.0,9087.8,9087.8,1,1
BRAID_81ed14b4,1,1,1,1,5511.83,5511.83,1.0,139.86576991666666,999999.0,5511.83,5511.83,1,1
BRAID_82c78b66,1,2,1,2,37500.72,37500.72,1.0,28.129919978333334,999999.0,37500.72,18750.36,0,1
BRAID_82f12274,1,1,1,1,2620.3,2620.3,1.0,95.89370157055555,999999.0,2620.3,2620.3,1,1
BRAID_8363fa6a,1,2,1,2,13504.36,13504.36,1.0,31.372328019999998,999999.0,13504.36,6752.18,0,1
BRAID_84d91287,1,2,1,2,31603.23,31603.230000000003,1.0000000000000002,28.474818431666666,999999.0,31603.23,15801.615000000002,0,1
BRAID_84ed189e,1,2,1,2,16604.99,16604.99,1.0,47.14740077055556,999999.0,16604.99,8302.495,0,1
BRAID_85d0007a,1,1,1,1,7337.82,7337.82,1.0,75.87478122472223,999999.0,7337.82,7337.82,1,1
BRAID_8780c9f8,1,1,1,1,4880.96,4880.96,1.0,96.97410668416667,999999.0,4880.96,4880.96,1,1
BRAID_87d803cb,1,1,1,1,6250.61,6250.61,1.0,104.10700307083334,999999.0,6250.61,6250.61,1,1
BRAID_8924b61f,1,2,1,2,38408.36,38408.36,1.0,13.115704197777777,999999.0,38408.36,19204.18,0,1
BRAID_89c1b0f7,1,2,1,2,5691.74,5691.74,1.0,125.67849611472222,999999.0,5691.74,2845.87,0,1
BRAID_8a6cabf6,1,2,1,2,34536.41,34536.41,1.0,52.70611467138889,999999.0,34536.41,17268.205,0,1
BRAID_8a6e27a5,1,2,1,2,25975.93,25975.93,1.0,31.697269285555553,999999.0,25975.93,12987.965,0,1
BRAID_8b7a3cff,7,2,7,2,32494.33,32494.33,1.0,95.18986621166667,52.84473121944445,4642.047142857143,16247.165,0,1
BRAID_8cad6603,1,2,1,2,15697.02,15697.02,1.0,159.81665610388887,999999.0,15697.02,7848.51,0,1
BRAID_8e2abb59,1,2,1,2,21901.18,21901.18,1.0,38.54268906611111,999999.0,21901.18,10950.59,0,1
BRAID_8e9d13da,1,1,1,1,8847.37,8847.37,1.0,127.19227438388889,999999.0,8847.37,8847.37,1,1
BRAID_8eaec7b6,1,1,1,1,2138.17,2138.17,1.0,108.27745197388889,999999.0,2138.17,2138.17,1,1
BRAID_8ee837d7,1,2,1,2,20248.66,20248.66,1.0,35.76046871,999999.0,20248.66,10124.33,0,1
BRAID_903a8992,1,1,1,1,10261.11,10261.11,1.0,36.25719275083333,999999.0,10261.11,10261.11,1,1
BRAID_9179ed51,1,2,1,2,17952.78,17952.78,1.0,101.02456491583332,999999.0,17952.78,8976.39,0,1
BRAID_91c07eb0,1,1,1,1,8575.69,8575.69,1.0,89.59155571138889,999999.0,8575.69,8575.69,1,1
BRAID_9234b727,1,1,1,1,15772.81,15772.81,1.0,60.79807250555555,999999.0,15772.81,15772.81,1,1
BRAID_92880c07,1,2,1,2,19688.4,19688.4,1.0,79.4607609175,999999.0,19688.4,9844.2,0,1
BRAID_931a0932,1,2,1,2,25846.03,25846.03,1.0,47.332973762222224,999999.0,25846.03,12923.015,0,1
BRAID_958a004a,7,2,7,2,33653.79,33653.79,1.0,99.31160349944444,51.980159048333334,4807.684285714286,16826.895,0,1
BRAID_96e8cff9,15,2,15,2,72491.07999999999,72491.08,1.0000000000000002,132.79080229,110.61055950944444,4832.738666666666,36245.54,0,1
BRAID_97bc921a,1,1,1,1,4796.8,4796.8,1.0,105.34533165472222,999999.0,4796.8,4796.8,1,1
BRAID_9bd8d475,1,2,1,2,10782.35,10782.349999999999,0.9999999999999998,99.1904709111111,999999.0,10782.35,5391.174999999999,0,1
BRAID_9d78cdba,1,1,1,1,18611.7,18611.7,1.0,39.453090403055555,999999.0,18611.7,18611.7,1,1
BRAID_9fb203af,1,1,1,1,8605.37,8605.37,1.0,108.2746091136111,999999.0,8605.37,8605.37,1,1
BRAID_9fc30589,1,1,1,1,9387.03,9387.03,1.0,92.54122258916667,999999.0,9387.03,9387.03,1,1
BRAID_9fc54dfd,1,1,1,1,7012.17,7012.17,1.0,70.74659266333333,999999.0,7012.17,7012.17,1,1
BRAID_a0283d1c,1,1,1,1,5823.08,5823.08,1.0,107.06529050111111,999999.0,5823.08,5823.08,1,1
BRAID_a0caf894,15,2,15,2,76918.85999999999,76918.86,1.0000000000000002,144.75946868944445,112.63379992555555,5127.923999999999,38459.43,0,1
BRAID_a15cff98,1,1,1,1,18290.71,18290.71,1.0,54.358557466388895,999999.0,18290.71,18290.71,1,1
BRAID_a1de5722,12,2,12,2,60599.200000000004,60599.2,0.9999999999999999,139.392142585,99.26609076638888,5049.933333333333,30299.6,0,1
BRAID_a3078939,1,2,1,2,8171.35,8171.35,1.0,78.66363672472222,999999.0,8171.35,4085.675,0,1
BRAID_a330feab,1,2,1,2,11990.26,11990.26,1.0,83.44142301055555,999999.0,11990.26,5995.13,0,1
BRAID_a46fd299,1,1,1,1,5707.65,5707.65,1.0,98.6622562075,999999.0,5707.65,5707.65,1,1
BRAID_a5a07999,1,2,1,2,24896.28,24896.28,1.0,65.07468533861112,999999.0,24896.28,12448.14,0,1
BRAID_a64be2a3,1,1,1,1,5566.03,5566.03,1.0,106.34108809777779,999999.0,5566.03,5566.03,1,1
BRAID_a6e8b852,14,2,14,2,67375.52,67375.52,1.0,155.76908003944445,118.29293406777778,4812.537142857143,33687.76,0,1
BRAID_a72fac03,1,2,1,2,16953.65,16953.65,1.0,111.37547311527777,999999.0,16953.65,8476.825,0,1
BRAID_a75d51c3,1,2,1,2,28258.62,28258.62,1.0,35.52110690138889,999999.0,28258.62,14129.31,0,1
BRAID_a7f7a659,1,2,1,2,34379.76,34379.759999999995,0.9999999999999998,27.642735016666666,999999.0,34379.76,17189.879999999997,0,1
BRAID_a885db3f,15,2,15,2,74974.54,74974.54000000001,1.0000000000000002,148.97538405777777,108.78189226555556,4998.3026666666665,37487.270000000004,0,1
BRAID_a94a5721,1,1,1,1,9263.92,9263.92,1.0,69.526080405,999999.0,9263.92,9263.92,1,1
BRAID_aa788fc7,1,1,1,1,7331.56,7331.56,1.0,92.48223164305556,999999.0,7331.56,7331.56,1,1
BRAID_aade458e,1,1,1,1,14978.13,14978.13,1.0,59.52830419805556,999999.0,14978.13,14978.13,1,1
BRAID_abef7115,1,2,1,2,16966.01,16966.010000000002,1.0000000000000002,66.3046251325,999999.0,16966.01,8483.005000000001,0,1
BRAID_ac7f14af,1,1,1,1,5736.72,5736.72,1.0,114.849896995,999999.0,5736.72,5736.72,1,1
BRAID_ae26e8da,1,1,1,1,7338.89,7338.89,1.0,86.27055774305556,999999.0,7338.89,7338.89,1,1
BRAID_ae7af8c0,1,1,1,1,2893.86,2893.86,1.0,96.27925475444444,999999.0,2893.86,2893.86,1,1
BRAID_ae933307,1,1,1,1,9224.44,9224.44,1.0,91.34634676,999999.0,9224.44,9224.44,1,1
BRAID_af2226c0,1,2,1,2,31636.83,31636.83,1.0,28.633796412499997,999999.0,31636.83,15818.415,0,1
BRAID_af9addb5,1,1,1,1,7702.09,7702.09,1.0,47.853572454444446,999999.0,7702.09,7702.09,1,1
BRAID_b02335e8,1,2,1,2,21360.36,21360.36,1.0,60.132508924444444,999999.0,21360.36,10680.18,0,1
BRAID_b099d990,1,2,1,2,18645.6,18645.6,1.0,47.00618745166667,999999.0,18645.6,9322.8,0,1
BRAID_b2ae4d25,1,2,1,2,10049.95,10049.95,1.0,21.291025991666668,999999.0,10049.95,5024.975,0,1
BRAID_b4f1dac4,1,1,1,1,8842.39,8842.39,1.0,74.2853548325,999999.0,8842.39,8842.39,1,1
BRAID_b5b95ab5,1,2,1,2,13824.44,13824.439999999999,0.9999999999999999,90.31713461666666,999999.0,13824.44,6912.219999999999,0,1
BRAID_b6073b61,1,2,1,2,10502.71,10502.71,1.0,108.01561335027777,999999.0,10502.71,5251.355,0,1
BRAID_b623335c,1,1,1,1,8864.98,8864.98,1.0,133.04230684361113,999999.0,8864.98,8864.98,1,1
BRAID_b6a97e46,1,1,1,1,8803.26,8803.26,1.0,97.75996331166667,999999.0,8803.26,8803.26,1,1
BRAID_b6d2f1fb,1,1,1,1,5893.88,5893.88,1.0,135.79163349166666,999999.0,5893.88,5893.88,1,1
BRAID_b80d3052,1,1,1,1,4885.91,4885.91,1.0,127.67949139027778,999999.0,4885.91,4885.91,1,1
BRAID_b80f7cdd,1,2,1,2,12151.49,12151.49,1.0,104.90483148805556,999999.0,12151.49,6075.745,0,1
BRAID_b980d70f,1,2,1,2,9059.89,9059.89,1.0,112.93947749138889,999999.0,9059.89,4529.945,0,1
BRAID_ba76c0a8,1,1,1,1,8975.65,8975.65,1.0,80.09158037194443,999999.0,8975.65,8975.65,1,1
BRAID_bcca3f99,1,1,1,1,7274.48,7274.48,1.0,31.189421200833333,999999.0,7274.48,7274.48,1,1
BRAID_be456547,1,1,1,1,19994.99,19994.99,1.0,39.18261534472222,999999.0,19994.99,19994.99,1,1
BRAID_bf73b1e7,14,2,14,2,67513.06,67513.06,1.0,126.68173306833333,92.92810993055556,4822.361428571428,33756.53,0,1
BRAID_bf8b6f45,1,1,1,1,11091.65,11091.65,1.0,52.78278562416667,999999.0,11091.65,11091.65,1,1
BRAID_c072fea4,1,1,1,1,8494.19,8494.19,1.0,73.04357015555556,999999.0,8494.19,8494.19,1,1
BRAID_c24af6f5,1,2,1,2,34759.26,34759.26,1.0,51.757719994722216,999999.0,34759.26,17379.63,0,1
BRAID_c2f45f1c,15,2,15,2,61675.270000000004,61675.270000000004,1.0,132.96257365444444,86.44184546916667,4111.684666666667,30837.635000000002,0,1
BRAID_c36e9399,1,2,1,2,19077.77,19077.769999999997,0.9999999999999998,94.28061243888888,999999.0,19077.77,9538.884999999998,0,1
BRAID_ca895992,1,1,1,1,4204.88,4204.88,1.0,158.31473795722223,999999.0,4204.88,4204.88,1,1
BRAID_cb3fef53,1,1,1,1,11061.45,11061.45,1.0,68.498042685,999999.0,11061.45,11061.45,1,1
BRAID_cd2858bb,1,1,1,1,6998.83,6998.83,1.0,98.90786009083334,999999.0,6998.83,6998.83,1,1
BRAID_cd64bcd3,1,2,1,2,13414.75,13414.75,1.0,45.42669465694445,999999.0,13414.75,6707.375,0,1
BRAID_cd8f9648,1,2,1,2,17048.8,17048.800000000003,1.0000000000000002,15.486622425277776,999999.0,17048.8,8524.400000000001,0,1
BRAID_cd95f136,1,1,1,1,7730.95,7730.95,1.0,90.87828256861111,999999.0,7730.95,7730.95,1,1
BRAID_cea3fa1f,1,1,1,1,6814.98,6814.98,1.0,49.67799825805555,999999.0,6814.98,6814.98,1,1
BRAID_cf88c447,1,1,1,1,7573.83,7573.83,1.0,84.51995291305556,999999.0,7573.83,7573.83,1,1
BRAID_cfce5f94,1,1,1,1,8546.09,8546.09,1.0,45.70346429888889,999999.0,8546.09,8546.09,1,1
BRAID_d043221f,1,2,1,2,38510.5,38510.5,1.0,31.81674363138889,999999.0,38510.5,19255.25,0,1
BRAID_d0fd587a,1,2,1,2,12837.76,12837.759999999998,0.9999999999999999,77.87064924472222,999999.0,12837.76,6418.879999999999,0,1
BRAID_d28ae85d,1,1,1,1,11141.5,11141.5,1.0,64.12948496833334,999999.0,11141.5,11141.5,1,1
BRAID_d28be1d9,1,1,1,1,4711.51,4711.51,1.0,143.18296679583332,999999.0,4711.51,4711.51,1,1
BRAID_d3c731bd,1,1,1,1,6076.93,6076.93,1.0,86.64645221222223,999999.0,6076.93,6076.93,1,1
BRAID_d49da241,1,1,1,1,4173.98,4173.98,1.0,107.83343575694445,999999.0,4173.98,4173.98,1,1
BRAID_d60582f5,1,1,1,1,4258.82,4258.82,1.0,116.83241995888888,999999.0,4258.82,4258.82,1,1
BRAID_d6840290,1,2,1,2,5795.88,5795.88,1.0,96.76042046277777,999999.0,5795.88,2897.94,0,1
BRAID_d7dc48df,1,2,1,2,14471.62,14471.619999999999,0.9999999999999999,51.80842697638889,999999.0,14471.62,7235.8099999999995,0,1
BRAID_d88ca103,1,2,1,2,4539.94,4539.9400000000005,1.0000000000000002,63.85806201638889,999999.0,4539.94,2269.9700000000003,0,1
BRAID_da27dcf1,1,1,1,1,6228.15,6228.15,1.0,118.76534134055555,999999.0,6228.15,6228.15,1,1
BRAID_dad74f21,1,2,1,2,14357.15,14357.150000000001,1.0000000000000002,117.4094528211111,999999.0,14357.15,7178.575000000001,0,1
BRAID_dbbaab9f,1,1,1,1,9096.93,9096.93,1.0,121.32387312916667,999999.0,9096.93,9096.93,1,1
BRAID_dccc088f,1,1,1,1,7340.08,7340.08,1.0,112.46317146055556,999999.0,7340.08,7340.08,1,1
BRAID_dcd76565,1,2,1,2,40438.13,40438.130000000005,1.0000000000000002,24.553508044166666,999999.0,40438.13,20219.065000000002,0,1
BRAID_dd117845,1,1,1,1,18343.91,18343.91,1.0,45.46304167611111,999999.0,18343.91,18343.91,1,1
BRAID_dd2faab9,1,1,1,1,2976.16,2976.16,1.0,108.5539996238889,999999.0,2976.16,2976.16,1,1
BRAID_dd5bda4d,1,1,1,1,4805.28,4805.28,1.0,97.44325903527778,999999.0,4805.28,4805.28,1,1
BRAID_de1ea1ef,11,2,11,2,44273.26,44273.259999999995,0.9999999999999999,113.48202735194445,81.13451773972221,4024.8418181818183,22136.629999999997,0,1
BRAID_e18eacf3,1,2,1,2,9484.44,9484.44,1.0,76.37370599444445,999999.0,9484.44,4742.22,0,1
BRAID_e1aa9335,1,1,1,1,6299.99,6299.99,1.0,76.71461998944444,999999.0,6299.99,6299.99,1,1
BRAID_e3957c57,1,2,1,2,18200.09,18200.09,1.0,88.8926014813889,999999.0,18200.09,9100.045,0,1
BRAID_e3d31220,1,2,1,2,8750.05,8750.05,1.0,83.24503526555556,999999.0,8750.05,4375.025,0,1
BRAID_e4e864bf,1,1,1,1,4327.32,4327.32,1.0,106.4153307861111,999999.0,4327.32,4327.32,1,1
BRAID_e4f7f3d6,1,1,1,1,8302.58,8302.58,1.0,143.42589173027778,999999.0,8302.58,8302.58,1,1
BRAID_e5711ad8,1,2,1,2,16955.09,16955.09,1.0,107.58826011777778,999999.0,16955.09,8477.545,0,1
BRAID_e5d1943c,1,2,1,2,7524.81,7524.8099999999995,0.9999999999999999,181.03733456444445,999999.0,7524.81,3762.4049999999997,0,1
BRAID_e6dd3d58,1,1,1,1,19265.07,19265.07,1.0,35.63284642166666,999999.0,19265.07,19265.07,1,1
BRAID_e92dab38,1,1,1,1,8891.82,8891.82,1.0,109.70431537055556,999999.0,8891.82,8891.82,1,1
BRAID_e93d431c,1,1,1,1,5416.57,5416.57,1.0,111.91927545666667,999999.0,5416.57,5416.57,1,1
BRAID_e97f65d7,1,2,1,2,15406.31,15406.31,1.0,83.81095297361111,999999.0,15406.31,7703.155,0,1
BRAID_e99e9b76,13,2,13,2,59679.93,59679.93,1.0,136.68459635555556,110.03112531916666,4590.763846153846,29839.965,0,1
BRAID_e9ff379d,1,2,1,2,22170.41,22170.41,1.0,70.82537751861112,999999.0,22170.41,11085.205,0,1
BRAID_ea3cbe5d,6,2,6,2,32949.94,32949.94,1.0,127.63241092444444,92.21139270222221,5491.656666666667,16474.97,0,1
BRAID_ea59cc08,1,1,1,1,7131.54,7131.54,1.0,104.66260805527779,999999.0,7131.54,7131.54,1,1
BRAID_ea8e3e1f,1,1,1,1,5621.75,5621.75,1.0,118.51386507527778,999999.0,5621.75,5621.75,1,1
BRAID_eadcfb7f,14,2,14,2,52323.340000000004,52323.34,0.9999999999999999,126.97787428666666,94.45462358944445,3737.381428571429,26161.67,0,1
BRAID_ebc87a64,1,1,1,1,5355.83,5355.83,1.0,119.12995462472222,999999.0,5355.83,5355.83,1,1
BRAID_ee1a9e96,1,1,1,1,15864.02,15864.02,1.0,75.37654202055556,999999.0,15864.02,15864.02,1,1
BRAID_ef620ed6,1,1,1,1,10759.68,10759.68,1.0,86.84074709888888,999999.0,10759.68,10759.68,1,1
BRAID_ef685baf,1,2,1,2,15983.93,15983.93,1.0,27.516163450555556,999999.0,15983.93,7991.965,0,1
BRAID_f006c106,1,1,1,1,9556.47,9556.47,1.0,50.29595202027778,999999.0,9556.47,9556.47,1,1
BRAID_f01d6f96,1,1,1,1,18477.08,18477.08,1.0,45.11216773888889,999999.0,18477.08,18477.08,1,1
BRAID_f462f1bd,1,1,1,1,8193.95,8193.95,1.0,112.02093723888889,999999.0,8193.95,8193.95,1,1
BRAID_f67dac23,1,1,1,1,10654.0,10654.0,1.0,94.42938429083334,999999.0,10654.0,10654.0,1,1
BRAID_f7e8a6ec,1,1,1,1,4004.4,4004.4,1.0,96.57044329166666,999999.0,4004.4,4004.4,1,1
BRAID_f82df8e7,1,1,1,1,5432.32,5432.32,1.0,121.72069804138889,999999.0,5432.32,5432.32,1,1
BRAID_f93165fe,1,2,1,2,13398.2,13398.2,1.0,47.34786403222222,999999.0,13398.2,6699.1,0,1
BRAID_f96f675e,1,1,1,1,4476.51,4476.51,1.0,113.78570219027777,999999.0,4476.51,4476.51,1,1
BRAID_fa3db8d9,1,1,1,1,6443.84,6443.84,1.0,107.71826889861111,999999.0,6443.84,6443.84,1,1
BRAID_fb4ac792,1,1,1,1,10706.36,10706.36,1.0,87.43612925805556,999999.0,10706.36,10706.36,1,1
BRAID_fba7daf7,15,2,15,2,75056.49999999999,75056.5,1.0000000000000002,132.48580148555556,104.95657299749999,5003.7666666666655,37528.25,0,1
BRAID_fbd85703,1,1,1,1,6059.31,6059.31,1.0,96.59800383083333,999999.0,6059.31,6059.31,1,1
BRAID_fc1a6fc8,1,2,1,2,10628.51,10628.51,1.0,93.52926388527777,999999.0,10628.51,5314.255,0,1
BRAID_fcf3c1f6,1,2,1,2,9080.18,9080.18,1.0,137.25618122527777,999999.0,9080.18,4540.09,0,1
BRAID_fd7c64a5,1,1,1,1,8609.77,8609.77,1.0,58.40425210861111,999999.0,8609.77,8609.77,1,1
BRAID_fdae98ba,1,1,1,1,16421.3,16421.3,1.0,36.68140693416667,999999.0,16421.3,16421.3,1,1
BRAID_ff25ccf0,9,2,9,2,37808.310000000005,37808.31,0.9999999999999998,112.43617444305556,81.20184601805556,4200.923333333334,18904.155,0,1
BRAID_ff904d9a,11,2,11,2,43949.94,43949.94,1.0,114.39033012666667,92.42341607916667,3995.449090909091,21974.97,0,1
OUT_08b75fec,4,0,4,0,67375.52,0.0,0.0,999999.0,43.73528680138889,16843.88,0.0,0,1
OUT_2d4d081c,4,0,4,0,75056.5,0.0,0.0,999999.0,41.884851124722225,18764.125,0.0,0,1
OUT_338cca94,8,0,8,0,43155.51,0.0,0.0,999999.0,103.99571807166667,5394.43875,0.0,0,1
OUT_3483ee5b,8,0,8,0,72491.07999999999,0.0,0.0,999999.0,119.5686931138889,9061.384999999998,0.0,0,1
OUT_3abeffe6,8,0,8,0,61153.259999999995,0.0,0.0,999999.0,86.5056585188889,7644.157499999999,0.0,0,1
OUT_429261de,4,0,4,0,35801.46,0.0,0.0,999999.0,44.623576264444445,8950.365,0.0,0,1
OUT_4482fb1a,8,0,8,0,61675.270000000004,0.0,0.0,999999.0,114.74703256111111,7709.4087500000005,0.0,0,1
OUT_46e344db,8,0,8,0,67513.06,0.0,0.0,999999.0,94.13870124527777,8439.1325,0.0,0,1
OUT_5343e4cc,4,0,4,0,76918.86,0.0,0.0,999999.0,37.99080231833333,19229.715,0.0,0,1
OUT_54aec689,8,0,8,0,52323.340000000004,0.0,0.0,999999.0,111.7807370663889,6540.4175000000005,0.0,0,1
OUT_566c9d59,4,0,4,0,32494.33,0.0,0.0,999999.0,37.802894045,8123.5825,0.0,0,1
OUT_5db5bb6a,8,0,8,0,60599.2,0.0,0.0,999999.0,97.59205232416666,7574.9,0.0,0,1
OUT_771c2d45,4,0,4,0,44273.259999999995,0.0,0.0,999999.0,46.560364381666666,11068.314999999999,0.0,0,1
OUT_7cec25e3,4,0,4,0,70744.81999999999,0.0,0.0,999999.0,33.87797907444444,17686.204999999998,0.0,0,1
OUT_85f0409e,4,0,4,0,37808.31,0.0,0.0,999999.0,53.79228357611111,9452.0775,0.0,0,1
OUT_8eaa12f6,8,0,8,0,74974.54000000001,0.0,0.0,999999.0,90.32636271194445,9371.817500000001,0.0,0,1
OUT_914bd5d1,4,0,4,0,28978.86,0.0,0.0,999999.0,54.50569802944444,7244.715,0.0,0,1
OUT_947d3c14,8,0,8,0,21537.57,0.0,0.0,999999.0,93.26458060944445,2692.19625,0.0,0,1
OUT_96e5599d,8,0,8,0,48016.44,0.0,0.0,999999.0,102.73313981027778,6002.055,0.0,0,1
OUT_b9e06be2,8,0,8,0,51815.39,0.0,0.0,999999.0,105.90808325166667,6476.92375,0.0,0,1
OUT_bf11b43c,8,0,8,0,33653.79,0.0,0.0,999999.0,87.96556459638889,4206.72375,0.0,0,1
OUT_d7d4ad52,4,0,4,0,59679.93,0.0,0.0,999999.0,44.339435372222226,14919.9825,0.0,0,1
OUT_e3a87917,4,0,4,0,32949.94,0.0,0.0,999999.0,51.46104501777778,8237.485,0.0,0,1
OUT_e782d5d2,4,0,4,0,43949.94,0.0,0.0,999999.0,53.87476357833334,10987.485,0.0,0,1
OUT_ee6666d8,8,0,8,0,38339.28,0.0,0.0,999999.0,95.27012411277778,4792.41,0.0,0,1
SRC_009ca82a,0,1,0,1,0.0,8827.06,0.0,999999.0,999999.0,0.0,8827.06,0,0
SRC_00e7b576,0,1,0,1,0.0,2133.07,0.0,999999.0,999999.0,0.0,2133.07,0,0
SRC_02096fd4,0,1,0,1,0.0,4770.88,0.0,999999.0,999999.0,0.0,4770.88,0,0
SRC_021f7502,0,1,0,1,0.0,8059.13,0.0,999999.0,999999.0,0.0,8059.13,0,0
SRC_02497ff1,0,1,0,1,0.0,8097.84,0.0,999999.0,999999.0,0.0,8097.84,0,0
SRC_033d0d5d,0,1,0,1,0.0,1200.94,0.0,999999.0,999999.0,0.0,1200.94,0,0
SRC_047295e9,0,1,0,1,0.0,6992.53,0.0,999999.0,999999.0,0.0,6992.53,0,0
SRC_04eff815,0,1,0,1,0.0,2203.97,0.0,999999.0,999999.0,0.0,2203.97,0,0
SRC_050c6169,0,1,0,1,0.0,6129.74,0.0,999999.0,999999.0,0.0,6129.74,0,0
SRC_0671c949,0,1,0,1,0.0,8198.47,0.0,999999.0,999999.0,0.0,8198.47,0,0
SRC_06f831d1,0,1,0,1,0.0,3804.45,0.0,999999.0,999999.0,0.0,3804.45,0,0
SRC_084f1820,0,1,0,1,0.0,8925.51,0.0,999999.0,999999.0,0.0,8925.51,0,0
SRC_08acb51b,0,1,0,1,0.0,8102.24,0.0,999999.0,999999.0,0.0,8102.24,0,0
SRC_09dbbac4,0,1,0,1,0.0,7298.61,0.0,999999.0,999999.0,0.0,7298.61,0,0
SRC_0b4b2c9b,0,1,0,1,0.0,3513.68,0.0,999999.0,999999.0,0.0,3513.68,0,0
SRC_0b70050f,0,1,0,1,0.0,6531.51,0.0,999999.0,999999.0,0.0,6531.51,0,0
SRC_0d8cdc9e,0,1,0,1,0.0,4331.37,0.0,999999.0,999999.0,0.0,4331.37,0,0
SRC_0dbe0d3f,0,1,0,1,0.0,8799.68,0.0,999999.0,999999.0,0.0,8799.68,0,0
SRC_0dd9cf1e,0,1,0,1,0.0,8338.68,0.0,999999.0,999999.0,0.0,8338.68,0,0
SRC_0df7775c,0,1,0,1,0.0,4591.79,0.0,999999.0,999999.0,0.0,4591.79,0,0
SRC_0ee0e0f2,0,1,0,1,0.0,4490.72,0.0,999999.0,999999.0,0.0,4490.72,0,0
SRC_0fe31a11,0,1,0,1,0.0,4532.97,0.0,999999.0,999999.0,0.0,4532.97,0,0
SRC_10802fcd,0,1,0,1,0.0,5717.49,0.0,999999.0,999999.0,0.0,5717.49,0,0
SRC_13598eca,0,1,0,1,0.0,2095.98,0.0,999999.0,999999.0,0.0,2095.98,0,0
SRC_13cc3292,0,1,0,1,0.0,2636.31,0.0,999999.0,999999.0,0.0,2636.31,0,0
SRC_142b2447,0,1,0,1,0.0,3479.54,0.0,999999.0,999999.0,0.0,3479.54,0,0
SRC_14ff827f,0,1,0,1,0.0,3482.84,0.0,999999.0,999999.0,0.0,3482.84,0,0
SRC_15d12b7e,0,1,0,1,0.0,4561.54,0.0,999999.0,999999.0,0.0,4561.54,0,0
SRC_1788a53e,0,1,0,1,0.0,6743.4,0.0,999999.0,999999.0,0.0,6743.4,0,0
SRC_1a904b7f,0,1,0,1,0.0,6474.68,0.0,999999.0,999999.0,0.0,6474.68,0,0
SRC_1bc432bc,0,1,0,1,0.0,3799.52,0.0,999999.0,999999.0,0.0,3799.52,0,0
SRC_1bf99e50,0,1,0,1,0.0,984.73,0.0,999999.0,999999.0,0.0,984.73,0,0
SRC_1e0b69e2,0,1,0,1,0.0,4408.57,0.0,999999.0,999999.0,0.0,4408.57,0,0
SRC_1e96cd30,0,1,0,1,0.0,1512.97,0.0,999999.0,999999.0,0.0,1512.97,0,0
SRC_1ecae974,0,1,0,1,0.0,2131.97,0.0,999999.0,999999.0,0.0,2131.97,0,0
SRC_1fbf2a62,0,1,0,1,0.0,3516.45,0.0,999999.0,999999.0,0.0,3516.45,0,0
SRC_205e1062,0,1,0,1,0.0,8933.44,0.0,999999.0,999999.0,0.0,8933.44,0,0
SRC_208060b0,0,1,0,1,0.0,8303.18,0.0,999999.0,999999.0,0.0,8303.18,0,0
SRC_20fc1220,0,1,0,1,0.0,7902.0,0.0,999999.0,999999.0,0.0,7902.0,0,0
SRC_216bf4b2,0,1,0,1,0.0,6642.28,0.0,999999.0,999999.0,0.0,6642.28,0,0
SRC_22c5b481,0,1,0,1,0.0,4987.92,0.0,999999.0,999999.0,0.0,4987.92,0,0
SRC_23513038,0,1,0,1,0.0,4258.5,0.0,999999.0,999999.0,0.0,4258.5,0,0
SRC_240c9067,0,1,0,1,0.0,4897.01,0.0,999999.0,999999.0,0.0,4897.01,0,0
SRC_254a4d9f,0,1,0,1,0.0,7155.24,0.0,999999.0,999999.0,0.0,7155.24,0,0
SRC_254fe04e,0,1,0,1,0.0,7469.83,0.0,999999.0,999999.0,0.0,7469.83,0,0
SRC_26855c36,0,1,0,1,0.0,2672.39,0.0,999999.0,999999.0,0.0,2672.39,0,0
SRC_271b1611,0,1,0,1,0.0,3402.26,0.0,999999.0,999999.0,0.0,3402.26,0,0
SRC_27e99cb5,0,1,0,1,0.0,6047.37,0.0,999999.0,999999.0,0.0,6047.37,0,0
SRC_2800f9ef,0,1,0,1,0.0,1794.39,0.0,999999.0,999999.0,0.0,1794.39,0,0
SRC_29d804c7,0,1,0,1,0.0,4053.95,0.0,999999.0,999999.0,0.0,4053.95,0,0
SRC_29f1de2e,0,1,0,1,0.0,1616.34,0.0,999999.0,999999.0,0.0,1616.34,0,0
SRC_2addfbdb,0,1,0,1,0.0,5297.76,0.0,999999.0,999999.0,0.0,5297.76,0,0
SRC_2b1d6100,0,1,0,1,0.0,5118.01,0.0,999999.0,999999.0,0.0,5118.01,0,0
SRC_2b222221,0,1,0,1,0.0,7984.1,0.0,999999.0,999999.0,0.0,7984.1,0,0
SRC_2b863240,0,1,0,1,0.0,5205.32,0.0,999999.0,999999.0,0.0,5205.32,0,0
SRC_2cb80500,0,1,0,1,0.0,1274.21,0.0,999999.0,999999.0,0.0,1274.21,0,0
SRC_2cf9471f,0,1,0,1,0.0,1210.42,0.0,999999.0,999999.0,0.0,1210.42,0,0
SRC_2e903a5b,0,1,0,1,0.0,501.41,0.0,999999.0,999999.0,0.0,501.41,0,0
SRC_2ea02288,0,1,0,1,0.0,6357.44,0.0,999999.0,999999.0,0.0,6357.44,0,0
SRC_2ef319e0,0,1,0,1,0.0,5883.28,0.0,999999.0,999999.0,0.0,5883.28,0,0
SRC_2ff53a93,0,1,0,1,0.0,833.81,0.0,999999.0,999999.0,0.0,833.81,0,0
SRC_30384ecf,0,1,0,1,0.0,1472.61,0.0,999999.0,999999.0,0.0,1472.61,0,0
SRC_30f03f6f,0,1,0,1,0.0,5063.47,0.0,999999.0,999999.0,0.0,5063.47,0,0
SRC_3110dc8f,0,1,0,1,0.0,3877.58,0.0,999999.0,999999.0,0.0,3877.58,0,0
SRC_319b97c8,0,1,0,1,0.0,1153.03,0.0,999999.0,999999.0,0.0,1153.03,0,0
SRC_32ab49a1,0,1,0,1,0.0,2790.99,0.0,999999.0,999999.0,0.0,2790.99,0,0
SRC_33fa3c6e,0,1,0,1,0.0,1404.26,0.0,999999.0,999999.0,0.0,1404.26,0,0
SRC_367ab7a2,0,1,0,1,0.0,1385.57,0.0,999999.0,999999.0,0.0,1385.57,0,0
SRC_36b090c6,0,1,0,1,0.0,7826.82,0.0,999999.0,999999.0,0.0,7826.82,0,0
SRC_36ce4a41,0,1,0,1,0.0,6612.53,0.0,999999.0,999999.0,0.0,6612.53,0,0
SRC_36d84603,0,1,0,1,0.0,5212.82,0.0,999999.0,999999.0,0.0,5212.82,0,0
SRC_387a64b9,0,1,0,1,0.0,2394.98,0.0,999999.0,999999.0,0.0,2394.98,0,0
SRC_39baea90,0,1,0,1,0.0,4340.88,0.0,999999.0,999999.0,0.0,4340.88,0,0
SRC_39da1177,0,1,0,1,0.0,6692.13,0.0,999999.0,999999.0,0.0,6692.13,0,0
SRC_3a94344c,0,1,0,1,0.0,8079.29,0.0,999999.0,999999.0,0.0,8079.29,0,0
SRC_3b3cfd5f,0,1,0,1,0.0,7801.23,0.0,999999.0,999999.0,0.0,7801.23,0,0
SRC_3c48059a,0,1,0,1,0.0,702.12,0.0,999999.0,999999.0,0.0,702.12,0,0
SRC_3d4be791,0,1,0,1,0.0,978.02,0.0,999999.0,999999.0,0.0,978.02,0,0
SRC_3fe98d58,0,1,0,1,0.0,7167.21,0.0,999999.0,999999.0,0.0,7167.21,0,0
SRC_40ea88a6,0,1,0,1,0.0,8604.51,0.0,999999.0,999999.0,0.0,8604.51,0,0
SRC_4123cfec,0,1,0,1,0.0,438.4,0.0,999999.0,999999.0,0.0,438.4,0,0
SRC_417e8d81,0,1,0,1,0.0,4195.49,0.0,999999.0,999999.0,0.0,4195.49,0,0
SRC_4207303b,0,1,0,1,0.0,7045.45,0.0,999999.0,999999.0,0.0,7045.45,0,0
SRC_43073fd8,0,1,0,1,0.0,6730.96,0.0,999999.0,999999.0,0.0,6730.96,0,0
SRC_46c35088,0,1,0,1,0.0,5701.99,0.0,999999.0,999999.0,0.0,5701.99,0,0
SRC_46c91ee6,0,1,0,1,0.0,4182.5,0.0,999999.0,999999.0,0.0,4182.5,0,0
SRC_471216d2,0,1,0,1,0.0,2173.98,0.0,999999.0,999999.0,0.0,2173.98,0,0
SRC_47323bf1,0,1,0,1,0.0,574.83,0.0,999999.0,999999.0,0.0,574.83,0,0
SRC_4763438a,0,1,0,1,0.0,2320.0,0.0,999999.0,999999.0,0.0,2320.0,0,0
SRC_497b3de6,0,1,0,1,0.0,5888.31,0.0,999999.0,999999.0,0.0,5888.31,0,0
SRC_4a332398,0,1,0,1,0.0,6439.62,0.0,999999.0,999999.0,0.0,6439.62,0,0
SRC_4a7e3180,0,1,0,1,0.0,3748.38,0.0,999999.0,999999.0,0.0,3748.38,0,0
SRC_4af6de20,0,1,0,1,0.0,4894.22,0.0,999999.0,999999.0,0.0,4894.22,0,0
SRC_4d16d75a,0,1,0,1,0.0,7934.91,0.0,999999.0,999999.0,0.0,7934.91,0,0
SRC_4d3464fa,0,1,0,1,0.0,2267.94,0.0,999999.0,999999.0,0.0,2267.94,0,0
SRC_4d9fe65e,0,1,0,1,0.0,1705.65,0.0,999999.0,999999.0,0.0,1705.65,0,0
SRC_4e38a79b,0,1,0,1,0.0,6858.58,0.0,999999.0,999999.0,0.0,6858.58,0,0
SRC_4f1d5ac5,0,1,0,1,0.0,7689.81,0.0,999999.0,999999.0,0.0,7689.81,0,0
SRC_4f21b545,0,1,0,1,0.0,5459.28,0.0,999999.0,999999.0,0.0,5459.28,0,0
SRC_5057cb6f,0,1,0,1,0.0,8862.88,0.0,999999.0,999999.0,0.0,8862.88,0,0
SRC_51590140,0,1,0,1,0.0,3053.63,0.0,999999.0,999999.0,0.0,3053.63,0,0
SRC_5319de4c,0,1,0,1,0.0,5654.19,0.0,999999.0,999999.0,0.0,5654.19,0,0
SRC_5445dc53,0,1,0,1,0.0,5567.64,0.0,999999.0,999999.0,0.0,5567.64,0,0
SRC_54db4121,0,1,0,1,0.0,2164.98,0.0,999999.0,999999.0,0.0,2164.98,0,0
SRC_55940427,0,1,0,1,0.0,625.24,0.0,999999.0,999999.0,0.0,625.24,0,0
SRC_5599dde6,0,1,0,1,0.0,2152.81,0.0,999999.0,999999.0,0.0,2152.81,0,0
SRC_564b9c16,0,1,0,1,0.0,6804.79,0.0,999999.0,999999.0,0.0,6804.79,0,0
SRC_585a2071,0,1,0,1,0.0,5228.67,0.0,999999.0,999999.0,0.0,5228.67,0,0
SRC_589da315,0,1,0,1,0.0,3356.57,0.0,999999.0,999999.0,0.0,3356.57,0,0
SRC_5912d701,0,1,0,1,0.0,7934.78,0.0,999999.0,999999.0,0.0,7934.78,0,0
SRC_5aa67ebd,0,1,0,1,0.0,2671.96,0.0,999999.0,999999.0,0.0,2671.96,0,0
SRC_5c2a2177,0,1,0,1,0.0,1250.08,0.0,999999.0,999999.0,0.0,1250.08,0,0
SRC_5c5dccc4,0,1,0,1,0.0,6522.26,0.0,999999.0,999999.0,0.0,6522.26,0,0
SRC_5c772c8e,0,1,0,1,0.0,2098.88,0.0,999999.0,999999.0,0.0,2098.88,0,0
SRC_5df42d6f,0,1,0,1,0.0,5214.54,0.0,999999.0,999999.0,0.0,5214.54,0,0
SRC_61f40602,0,1,0,1,0.0,5312.44,0.0,999999.0,999999.0,0.0,5312.44,0,0
SRC_62255eb2,0,1,0,1,0.0,3133.42,0.0,999999.0,999999.0,0.0,3133.42,0,0
SRC_623b3b0c,0,1,0,1,0.0,7367.16,0.0,999999.0,999999.0,0.0,7367.16,0,0
SRC_62757f01,0,1,0,1,0.0,4596.99,0.0,999999.0,999999.0,0.0,4596.99,0,0
SRC_62b4bad4,0,1,0,1,0.0,4208.78,0.0,999999.0,999999.0,0.0,4208.78,0,0
SRC_6369bd14,0,1,0,1,0.0,4785.67,0.0,999999.0,999999.0,0.0,4785.67,0,0
SRC_65c7bad5,0,1,0,1,0.0,8677.56,0.0,999999.0,999999.0,0.0,8677.56,0,0
SRC_6a30a8cc,0,1,0,1,0.0,5183.67,0.0,999999.0,999999.0,0.0,5183.67,0,0
SRC_6afbfd02,0,1,0,1,0.0,3187.11,0.0,999999.0,999999.0,0.0,3187.11,0,0
SRC_6b1e5a58,0,1,0,1,0.0,4144.9,0.0,999999.0,999999.0,0.0,4144.9,0,0
SRC_6b4b6895,0,1,0,1,0.0,7467.1,0.0,999999.0,999999.0,0.0,7467.1,0,0
SRC_6bf06c9b,0,1,0,1,0.0,417.72,0.0,999999.0,999999.0,0.0,417.72,0,0
SRC_6d0df62a,0,1,0,1,0.0,8649.67,0.0,999999.0,999999.0,0.0,8649.67,0,0
SRC_6f642aa5,0,1,0,1,0.0,8595.72,0.0,999999.0,999999.0,0.0,8595.72,0,0
SRC_702c5103,0,1,0,1,0.0,6768.94,0.0,999999.0,999999.0,0.0,6768.94,0,0
SRC_708e3a84,0,1,0,1,0.0,2408.63,0.0,999999.0,999999.0,0.0,2408.63,0,0
SRC_7101ebc3,0,1,0,1,0.0,4915.15,0.0,999999.0,999999.0,0.0,4915.15,0,0
SRC_7120ca0c,0,1,0,1,0.0,3485.95,0.0,999999.0,999999.0,0.0,3485.95,0,0
SRC_728e6a84,0,1,0,1,0.0,1900.31,0.0,999999.0,999999.0,0.0,1900.31,0,0
SRC_73241595,0,1,0,1,0.0,6936.86,0.0,999999.0,999999.0,0.0,6936.86,0,0
SRC_740ce1ae,0,1,0,1,0.0,3861.06,0.0,999999.0,999999.0,0.0,3861.06,0,0
SRC_7860a526,0,1,0,1,0.0,6715.85,0.0,999999.0,999999.0,0.0,6715.85,0,0
SRC_7c0eb0b8,0,1,0,1,0.0,3478.8,0.0,999999.0,999999.0,0.0,3478.8,0,0
SRC_7cb6ed47,0,1,0,1,0.0,4253.82,0.0,999999.0,999999.0,0.0,4253.82,0,0
SRC_7cca7c5f,0,1,0,1,0.0,2368.06,0.0,999999.0,999999.0,0.0,2368.06,0,0
SRC_7f493075,0,1,0,1,0.0,4056.93,0.0,999999.0,999999.0,0.0,4056.93,0,0
SRC_7fc5df17,0,1,0,1,0.0,5762.3,0.0,999999.0,999999.0,0.0,5762.3,0,0
SRC_80d1876c,0,1,0,1,0.0,3432.51,0.0,999999.0,999999.0,0.0,3432.51,0,0
SRC_8139301e,0,1,0,1,0.0,7873.53,0.0,999999.0,999999.0,0.0,7873.53,0,0
SRC_815c52a6,0,1,0,1,0.0,6132.49,0.0,999999.0,999999.0,0.0,6132.49,0,0
SRC_81679e3b,0,1,0,1,0.0,1300.85,0.0,999999.0,999999.0,0.0,1300.85,0,0
SRC_81f7fb07,0,1,0,1,0.0,7318.66,0.0,999999.0,999999.0,0.0,7318.66,0,0
SRC_837283ca,0,1,0,1,0.0,8842.65,0.0,999999.0,999999.0,0.0,8842.65,0,0
SRC_837f322b,0,1,0,1,0.0,2701.55,0.0,999999.0,999999.0,0.0,2701.55,0,0
SRC_84226368,0,1,0,1,0.0,1304.92,0.0,999999.0,999999.0,0.0,1304.92,0,0
SRC_84ef953a,0,1,0,1,0.0,7675.97,0.0,999999.0,999999.0,0.0,7675.97,0,0
SRC_86f4b7f4,0,1,0,1,0.0,2533.72,0.0,999999.0,999999.0,0.0,2533.72,0,0
SRC_8707b2ca,0,1,0,1,0.0,3138.22,0.0,999999.0,999999.0,0.0,3138.22,0,0
SRC_8a172164,0,1,0,1,0.0,2914.03,0.0,999999.0,999999.0,0.0,2914.03,0,0
SRC_8c5ff4ec,0,1,0,1,0.0,4279.77,0.0,999999.0,999999.0,0.0,4279.77,0,0
SRC_8cb71f9b,0,1,0,1,0.0,8566.53,0.0,999999.0,999999.0,0.0,8566.53,0,0
SRC_8e2311f7,0,1,0,1,0.0,6099.07,0.0,999999.0,999999.0,0.0,6099.07,0,0
SRC_8f8822fd,0,1,0,1,0.0,3763.76,0.0,999999.0,999999.0,0.0,3763.76,0,0
SRC_8fc88673,0,1,0,1,0.0,7789.85,0.0,999999.0,999999.0,0.0,7789.85,0,0
SRC_90ea4e93,0,1,0,1,0.0,4899.98,0.0,999999.0,999999.0,0.0,4899.98,0,0
SRC_92162b2b,0,1,0,1,0.0,1735.5,0.0,999999.0,999999.0,0.0,1735.5,0,0
SRC_925de6c8,0,1,0,1,0.0,8274.37,0.0,999999.0,999999.0,0.0,8274.37,0,0
SRC_9415eb23,0,1,0,1,0.0,474.64,0.0,999999.0,999999.0,0.0,474.64,0,0
SRC_9437e8e0,0,1,0,1,0.0,4771.89,0.0,999999.0,999999.0,0.0,4771.89,0,0
SRC_9479c033,0,1,0,1,0.0,8773.45,0.0,999999.0,999999.0,0.0,8773.45,0,0
SRC_959672ea,0,1,0,1,0.0,4402.51,0.0,999999.0,999999.0,0.0,4402.51,0,0
SRC_96e33c0d,0,1,0,1,0.0,3509.18,0.0,999999.0,999999.0,0.0,3509.18,0,0
SRC_97626b00,0,1,0,1,0.0,7171.95,0.0,999999.0,999999.0,0.0,7171.95,0,0
SRC_976c381d,0,1,0,1,0.0,450.11,0.0,999999.0,999999.0,0.0,450.11,0,0
SRC_977652ec,0,1,0,1,0.0,5555.54,0.0,999999.0,999999.0,0.0,5555.54,0,0
SRC_97fe0cb9,0,1,0,1,0.0,1508.61,0.0,999999.0,999999.0,0.0,1508.61,0,0
SRC_984db564,0,1,0,1,0.0,3354.05,0.0,999999.0,999999.0,0.0,3354.05,0,0
SRC_98ec1846,0,1,0,1,0.0,6921.52,0.0,999999.0,999999.0,0.0,6921.52,0,0
SRC_9963a37b,0,1,0,1,0.0,7586.23,0.0,999999.0,999999.0,0.0,7586.23,0,0
SRC_9ab0bfb5,0,1,0,1,0.0,2531.29,0.0,999999.0,999999.0,0.0,2531.29,0,0
SRC_9b1e433d,0,1,0,1,0.0,5895.26,0.0,999999.0,999999.0,0.0,5895.26,0,0
SRC_9be9dccd,0,1,0,1,0.0,7299.42,0.0,999999.0,999999.0,0.0,7299.42,0,0
SRC_9d5e753d,0,1,0,1,0.0,1636.47,0.0,999999.0,999999.0,0.0,1636.47,0,0
SRC_9d6090ad,0,1,0,1,0.0,1504.72,0.0,999999.0,999999.0,0.0,1504.72,0,0
SRC_9d9ab99e,0,1,0,1,0.0,2326.49,0.0,999999.0,999999.0,0.0,2326.49,0,0
SRC_9f917eba,0,1,0,1,0.0,535.0,0.0,999999.0,999999.0,0.0,535.0,0,0
SRC_a1552cc0,0,1,0,1,0.0,3075.24,0.0,999999.0,999999.0,0.0,3075.24,0,0
SRC_a2e00e17,0,1,0,1,0.0,2739.74,0.0,999999.0,999999.0,0.0,2739.74,0,0
SRC_a2f0b832,0,1,0,1,0.0,6408.58,0.0,999999.0,999999.0,0.0,6408.58,0,0
SRC_a32a63d6,0,1,0,1,0.0,5346.15,0.0,999999.0,999999.0,0.0,5346.15,0,0
SRC_a5ef4244,0,1,0,1,0.0,2403.13,0.0,999999.0,999999.0,0.0,2403.13,0,0
SRC_a728f2f5,0,1,0,1,0.0,951.13,0.0,999999.0,999999.0,0.0,951.13,0,0
SRC_a799df87,0,1,0,1,0.0,2550.52,0.0,999999.0,999999.0,0.0,2550.52,0,0
SRC_a9d3628b,0,1,0,1,0.0,994.9,0.0,999999.0,999999.0,0.0,994.9,0,0
SRC_aa403e0c,0,1,0,1,0.0,8526.03,0.0,999999.0,999999.0,0.0,8526.03,0,0
SRC_ab1b65e7,0,1,0,1,0.0,4763.97,0.0,999999.0,999999.0,0.0,4763.97,0,0
SRC_ac352996,0,1,0,1,0.0,8868.25,0.0,999999.0,999999.0,0.0,8868.25,0,0
SRC_acc01605,0,1,0,1,0.0,3310.24,0.0,999999.0,999999.0,0.0,3310.24,0,0
SRC_ad35de7b,0,1,0,1,0.0,1589.5,0.0,999999.0,999999.0,0.0,1589.5,0,0
SRC_ad37f8f2,0,1,0,1,0.0,3332.94,0.0,999999.0,999999.0,0.0,3332.94,0,0
SRC_aec34d17,0,1,0,1,0.0,1603.52,0.0,999999.0,999999.0,0.0,1603.52,0,0
SRC_af0eef16,0,1,0,1,0.0,7043.08,0.0,999999.0,999999.0,0.0,7043.08,0,0
SRC_af2bb00d,0,1,0,1,0.0,7040.16,0.0,999999.0,999999.0,0.0,7040.16,0,0
SRC_b0736c69,0,1,0,1,0.0,3675.61,0.0,999999.0,999999.0,0.0,3675.61,0,0
SRC_b17a49ee,0,1,0,1,0.0,5230.04,0.0,999999.0,999999.0,0.0,5230.04,0,0
SRC_b3627738,0,1,0,1,0.0,1514.27,0.0,999999.0,999999.0,0.0,1514.27,0,0
SRC_b488449b,0,1,0,1,0.0,7255.55,0.0,999999.0,999999.0,0.0,7255.55,0,0
SRC_b5bf573c,0,1,0,1,0.0,4587.23,0.0,999999.0,999999.0,0.0,4587.23,0,0
SRC_b690a0a1,0,1,0,1,0.0,3159.38,0.0,999999.0,999999.0,0.0,3159.38,0,0
SRC_b6f39367,0,1,0,1,0.0,3177.54,0.0,999999.0,999999.0,0.0,3177.54,0,0
SRC_b86f5776,0,1,0,1,0.0,5689.7,0.0,999999.0,999999.0,0.0,5689.7,0,0
SRC_b9be594d,0,1,0,1,0.0,5559.47,0.0,999999.0,999999.0,0.0,5559.47,0,0
SRC_ba133036,0,1,0,1,0.0,6272.27,0.0,999999.0,999999.0,0.0,6272.27,0,0
SRC_bba982f6,0,1,0,1,0.0,2868.18,0.0,999999.0,999999.0,0.0,2868.18,0,0
SRC_bbd66f35,0,1,0,1,0.0,2995.46,0.0,999999.0,999999.0,0.0,2995.46,0,0
SRC_bc4e505a,0,1,0,1,0.0,7047.1,0.0,999999.0,999999.0,0.0,7047.1,0,0
SRC_bcc69cc2,0,1,0,1,0.0,675.92,0.0,999999.0,999999.0,0.0,675.92,0,0
SRC_bcc7ffe8,0,1,0,1,0.0,5020.16,0.0,999999.0,999999.0,0.0,5020.16,0,0
SRC_c095a836,0,1,0,1,0.0,4901.33,0.0,999999.0,999999.0,0.0,4901.33,0,0
SRC_c0e347df,0,1,0,1,0.0,1129.18,0.0,999999.0,999999.0,0.0,1129.18,0,0
SRC_c2259ce4,0,1,0,1,0.0,6477.52,0.0,999999.0,999999.0,0.0,6477.52,0,0
SRC_c3eaeed7,0,1,0,1,0.0,7578.45,0.0,999999.0,999999.0,0.0,7578.45,0,0
SRC_c56b46bd,0,1,0,1,0.0,8785.71,0.0,999999.0,999999.0,0.0,8785.71,0,0
SRC_c725e788,0,1,0,1,0.0,6887.87,0.0,999999.0,999999.0,0.0,6887.87,0,0
SRC_c7728e5a,0,1,0,1,0.0,4403.31,0.0,999999.0,999999.0,0.0,4403.31,0,0
SRC_c7a262cd,0,1,0,1,0.0,1758.58,0.0,999999.0,999999.0,0.0,1758.58,0,0
SRC_c83a46d0,0,1,0,1,0.0,535.37,0.0,999999.0,999999.0,0.0,535.37,0,0
SRC_c85f34a5,0,1,0,1,0.0,6997.68,0.0,999999.0,999999.0,0.0,6997.68,0,0
SRC_c90fba51,0,1,0,1,0.0,6925.46,0.0,999999.0,999999.0,0.0,6925.46,0,0
SRC_c947c683,0,1,0,1,0.0,2048.01,0.0,999999.0,999999.0,0.0,2048.01,0,0
SRC_c9550fa3,0,1,0,1,0.0,6216.81,0.0,999999.0,999999.0,0.0,6216.81,0,0
SRC_c9a03ad8,0,1,0,1,0.0,5606.52,0.0,999999.0,999999.0,0.0,5606.52,0,0
SRC_cb2b6ffc,0,1,0,1,0.0,4585.64,0.0,999999.0,999999.0,0.0,4585.64,0,0
SRC_cb618e99,0,1,0,1,0.0,7689.65,0.0,999999.0,999999.0,0.0,7689.65,0,0
SRC_cbf8f8c6,0,1,0,1,0.0,937.44,0.0,999999.0,999999.0,0.0,937.44,0,0
SRC_cc808695,0,1,0,1,0.0,1910.36,0.0,999999.0,999999.0,0.0,1910.36,0,0
SRC_cce5b42b,0,1,0,1,0.0,5606.16,0.0,999999.0,999999.0,0.0,5606.16,0,0
SRC_cd25f12b,0,1,0,1,0.0,6853.98,0.0,999999.0,999999.0,0.0,6853.98,0,0
SRC_cec394e4,0,1,0,1,0.0,3934.35,0.0,999999.0,999999.0,0.0,3934.35,0,0
SRC_cfec8b49,0,1,0,1,0.0,1859.34,0.0,999999.0,999999.0,0.0,1859.34,0,0
SRC_d0b45338,0,1,0,1,0.0,2875.8,0.0,999999.0,999999.0,0.0,2875.8,0,0
SRC_d49d8485,0,1,0,1,0.0,6051.62,0.0,999999.0,999999.0,0.0,6051.62,0,0
SRC_d4c7cb69,0,1,0,1,0.0,8708.76,0.0,999999.0,999999.0,0.0,8708.76,0,0
SRC_d66a5fd6,0,1,0,1,0.0,4593.92,0.0,999999.0,999999.0,0.0,4593.92,0,0
SRC_d7a34399,0,1,0,1,0.0,6952.95,0.0,999999.0,999999.0,0.0,6952.95,0,0
SRC_df70aadf,0,1,0,1,0.0,4015.31,0.0,999999.0,999999.0,0.0,4015.31,0,0
SRC_dfac7853,0,1,0,1,0.0,1459.32,0.0,999999.0,999999.0,0.0,1459.32,0,0
SRC_e014f019,0,1,0,1,0.0,2451.91,0.0,999999.0,999999.0,0.0,2451.91,0,0
SRC_e105318a,0,1,0,1,0.0,4445.36,0.0,999999.0,999999.0,0.0,4445.36,0,0
SRC_e1304eef,0,1,0,1,0.0,6082.0,0.0,999999.0,999999.0,0.0,6082.0,0,0
SRC_e2314aed,0,1,0,1,0.0,5801.17,0.0,999999.0,999999.0,0.0,5801.17,0,0
SRC_e6f22d96,0,1,0,1,0.0,4298.09,0.0,999999.0,999999.0,0.0,4298.09,0,0
SRC_e74e047f,0,1,0,1,0.0,855.26,0.0,999999.0,999999.0,0.0,855.26,0,0
SRC_e8e7fb76,0,1,0,1,0.0,1342.51,0.0,999999.0,999999.0,0.0,1342.51,0,0
SRC_e9143d11,0,1,0,1,0.0,401.22,0.0,999999.0,999999.0,0.0,401.22,0,0
SRC_e978a874,0,1,0,1,0.0,4554.06,0.0,999999.0,999999.0,0.0,4554.06,0,0
SRC_ecaa0db8,0,1,0,1,0.0,4732.6,0.0,999999.0,999999.0,0.0,4732.6,0,0
SRC_ecea55ef,0,1,0,1,0.0,4712.78,0.0,999999.0,999999.0,0.0,4712.78,0,0
SRC_edad4465,0,1,0,1,0.0,7518.89,0.0,999999.0,999999.0,0.0,7518.89,0,0
SRC_ee540a98,0,1,0,1,0.0,3407.84,0.0,999999.0,999999.0,0.0,3407.84,0,0
SRC_eecc80d5,0,1,0,1,0.0,8337.8,0.0,999999.0,999999.0,0.0,8337.8,0,0
SRC_f03b0ebb,0,1,0,1,0.0,864.91,0.0,999999.0,999999.0,0.0,864.91,0,0
SRC_f09fad0c,0,1,0,1,0.0,1235.02,0.0,999999.0,999999.0,0.0,1235.02,0,0
SRC_f0a557d6,0,1,0,1,0.0,2851.85,0.0,999999.0,999999.0,0.0,2851.85,0,0
SRC_f1616f5e,0,1,0,1,0.0,7369.26,0.0,999999.0,999999.0,0.0,7369.26,0,0
SRC_f24483f1,0,1,0,1,0.0,6900.44,0.0,999999.0,999999.0,0.0,6900.44,0,0
SRC_f264af1f,0,1,0,1,0.0,993.84,0.0,999999.0,999999.0,0.0,993.84,0,0
SRC_f36cef74,0,1,0,1,0.0,5950.64,0.0,999999.0,999999.0,0.0,5950.64,0,0
SRC_f371d881,0,1,0,1,0.0,5155.89,0.0,999999.0,999999.0,0.0,5155.89,0,0
SRC_f477f391,0,1,0,1,0.0,7044.63,0.0,999999.0,999999.0,0.0,7044.63,0,0
SRC_f495e337,0,1,0,1,0.0,991.93,0.0,999999.0,999999.0,0.0,991.93,0,0
SRC_f49db6cc,0,1,0,1,0.0,7845.81,0.0,999999.0,999999.0,0.0,7845.81,0,0
SRC_f5b7f130,0,1,0,1,0.0,7477.45,0.0,999999.0,999999.0,0.0,7477.45,0,0
SRC_f724e8fa,0,1,0,1,0.0,4285.81,0.0,999999.0,999999.0,0.0,4285.81,0,0
SRC_f8a8055b,0,1,0,1,0.0,4588.67,0.0,999999.0,999999.0,0.0,4588.67,0,0
SRC_f9b64ce1,0,1,0,1,0.0,1991.8,0.0,999999.0,999999.0,0.0,1991.8,0,0
SRC_fb3efac3,0,1,0,1,0.0,2618.93,0.0,999999.0,999999.0,0.0,2618.93,0,0
SRC_fd922e83,0,1,0,1,0.0,5430.73,0.0,999999.0,999999.0,0.0,5430.73,0,0
SRC_fddb5c89,0,1,0,1,0.0,3259.8,0.0,999999.0,999999.0,0.0,3259.8,0,0
SRC_fe0669b4,0,1,0,1,0.0,6924.01,0.0,999999.0,999999.0,0.0,6924.01,0,0
SRC_ff348ee2,0,1,0,1,0.0,7182.94,0.0,999999.0,999999.0,0.0,7182.94,0,0
SRC_ff465af1,0,1,0,1,0.0,7255.75,0.0,999999.0,999999.0,0.0,7255.75,0,0
SRC_ff5739ee,0,1,0,1,0.0,5735.05,0.0,999999.0,999999.0,0.0,5735.05,0,0
SRC_fff26715,0,1,0,1,0.0,7197.68,0.0,999999.0,999999.0,0.0,7197.68,0,0
