account_id,in_degree,out_degree,unique_senders,unique_receivers,total_in,total_out,pass_through_ratio,velocity_hours,in_span_hours,avg_in_amount,avg_out_amount,label,is_passthrough,risk_score,reason
ACC_002e2660,12,11,4,5,50138.09,72594.2,1.4478852305702112,701.9254527155556,693.417736491389,4178.174166666667,6599.472727272727,0,0,0.0,received money from 4 different senders; passed on 145% of everything it received
ACC_004ab8c8,13,9,5,4,11376.94,12682.570000000002,1.1147610869003444,648.9102321491667,657.1913526505555,875.1492307692307,1409.1744444444446,0,0,0.0,received money from 5 different senders; passed on 111% of everything it received
ACC_005d9f47,18,8,4,3,139754.59999999998,12066.88,0.0863433475534973,666.1955974147222,692.9376473338889,7764.144444444443,1508.36,0,0,0.0,received money from 4 different senders
ACC_00b2bca9,17,9,5,4,40479.50000000001,12220.23,0.3018868810138465,664.646970841111,603.5831515263889,2381.1470588235297,1357.8033333333333,0,0,0.0,received money from 5 different senders
ACC_00c8209a,9,9,5,2,227753.92,13243.6,0.0581487247288652,705.9837937447222,633.3526104722223,25305.99111111111,1471.511111111111,0,0,0.0,received money from 5 different senders
ACC_00f10257,3,12,2,4,4514.1,116430.69,25.792669635143216,586.6644021763889,384.7618508397222,1504.7,9702.5575,0,0,0.0,passed on 2579% of everything it received
ACC_00fba4f2,11,15,4,6,9905.7,54062.26,5.457692035898523,619.5267255519444,546.1173147722222,900.5181818181819,3604.150666666667,0,0,0.0,received money from 4 different senders; passed on 546% of everything it received
ACC_010184b3,3,12,1,3,946.2,197296.9,208.51500739801315,574.0977956950001,489.2881835780555,315.4,16441.408333333333,0,0,0.0,passed on 20852% of everything it received
ACC_01801b90,6,9,2,3,2027.01,71518.09,35.28255410678783,527.3460845161111,373.0091963716667,337.835,7946.454444444444,0,0,0.0,received money from 2 different senders; passed on 3528% of everything it received
ACC_01a1a895,14,3,5,3,81368.63999999998,1030.25,0.0126615118551815,692.8046017925,634.3275076130556,5812.045714285713,343.4166666666667,0,0,0.0,received money from 5 different senders
ACC_01a80974,10,13,4,2,18899.74,126214.15,6.67808922239142,578.147612576389,540.8699658655555,1889.974,9708.78076923077,0,0,0.0,received money from 4 different senders; passed on 668% of everything it received
ACC_01ee0bb4,10,3,3,3,81205.41,432.34,0.0053240295197081,609.9701591616667,527.8604774897223,8120.541,144.11333333333334,0,0,0.4,received money from 3 different senders
ACC_0211b100,1,11,1,3,1354.4,61002.63999999999,45.04034258712344,536.3996390277778,999999.0,1354.4,5545.694545454545,0,0,0.0,passed on 4504% of everything it received
ACC_0220f98a,25,15,6,3,150306.98,20779.36,0.1382461413302296,656.4540589955556,666.936854333889,6012.279200000001,1385.2906666666668,0,0,0.0,received money from 6 different senders
ACC_022c4b4f,5,3,2,3,3842.34,48719.26,12.679580672194549,0.0,386.9274915175,768.4680000000001,16239.753333333334,0,0,0.0,received money from 2 different senders; forwarded funds onward within 0.0 hours of receiving them; passed on 1268% of everything it received
ACC_028309ec,21,4,6,3,36224.560000000005,2999.42,0.0828007296706985,519.0541514063889,662.7990731441666,1724.9790476190478,749.855,0,0,0.0,received money from 6 different senders
ACC_02a46eb2,8,9,5,2,3759.93,59378.57,15.79246688103236,575.4384895613889,486.8415926141667,469.99125,6597.618888888889,0,0,0.4,received money from 5 different senders; passed on 1579% of everything it received
ACC_030cbefb,6,8,4,5,205292.97,4808.290000000001,0.0234216008468288,656.6996905880555,653.15405624,34215.494999999995,601.0362500000001,0,0,0.0,received money from 4 different senders
ACC_033f9551,17,15,5,4,477233.01,156887.27,0.328743541860191,655.2982588997222,597.9491610516667,28072.53,10459.151333333331,0,0,0.0,received money from 5 different senders
ACC_03660ce3,8,12,3,3,59450.4,338998.42999999993,5.702206040665831,631.7459888180556,538.0328907455556,7431.3,28249.86916666666,0,0,0.0,received money from 3 different senders; passed on 570% of everything it received
ACC_038ab956,17,13,5,5,591932.95,75522.05000000002,0.1275854807541969,680.685816885,639.0330201063889,34819.58529411764,5809.388461538463,0,0,0.0,received money from 5 different senders
ACC_03a789ef,21,3,4,2,81074.95000000001,8193.220000000001,0.101057354953657,533.2660317722223,620.9363414475,3860.711904761905,2731.0733333333337,0,0,0.0,received money from 4 different senders
ACC_03b30b34,5,5,2,2,8314.43,97880.19,11.772327146900029,509.4355077983333,590.5214147991667,1662.886,19576.038,0,0,0.0,received money from 2 different senders; passed on 1177% of everything it received
ACC_03c1ebf1,21,7,7,5,128351.9,8951.59,0.0697425593232355,526.5055778975001,664.9917247072221,6111.995238095238,1278.7985714285714,0,0,0.1,received money from 7 different senders
ACC_03f927ff,4,15,3,6,3126.8,58264.30999999998,18.63384610464372,610.6922124602778,625.1243648797222,781.7,3884.287333333332,0,0,0.0,passed on 1863% of everything it received
ACC_044c4de6,18,3,7,2,51689.45,109636.12,2.121054102916552,675.3915890158333,584.4646129722222,2871.6361111111114,36545.37333333333,0,0,0.5,received money from 7 different senders; passed on 212% of everything it received
ACC_044d45b7,0,10,0,4,0.0,99575.54,0.0,999999.0,999999.0,0.0,9957.554,0,0,0.3,flagged by the model based on a combination of subtler behavioral signals
ACC_0475756a,8,11,4,2,116197.89,23263.36,0.200204668088207,564.9745652688889,463.3951124369444,14524.736250000002,2114.8509090909088,0,0,0.0,received money from 4 different senders
ACC_04eb0617,4,3,3,2,131943.49,2131.84,0.0161572200341221,347.84832579666664,421.9901682672222,32985.8725,710.6133333333333,0,0,0.0,flagged by the model based on a combination of subtler behavioral signals
ACC_0542e29b,7,13,3,5,5378.07,93848.63,17.450243302894908,643.9099667769444,622.4920265819444,768.2957142857142,7219.125384615385,0,0,0.0,received money from 3 different senders; passed on 1745% of everything it received
ACC_054abb00,4,9,2,3,4100.83,7906.52,1.9280292038441,506.96882693138895,656.1803263108333,1025.2075,878.5022222222223,0,0,0.0,passed on 193% of everything it received
ACC_05793608,13,10,4,6,27436.200000000004,130388.37000000002,4.752420889190194,696.2285083655555,627.4267844394444,2110.4769230769234,13038.837000000003,0,0,0.0,received money from 4 different senders; passed on 475% of everything it received
ACC_064ca9e2,11,12,4,2,65852.65999999999,171546.74,2.605008514462438,616.3550162227777,643.06491208,5986.6054545454535,14295.561666666666,0,0,0.0,received money from 4 different senders; passed on 261% of everything it received
ACC_06c36ecb,10,7,4,3,44369.28,128754.34999999998,2.9018805353614026,656.8783676463889,547.0853693025,4436.928,18393.478571428568,0,0,0.0,received money from 4 different senders; passed on 290% of everything it received
ACC_06ca4c75,3,8,1,2,4381.530000000001,234440.65,53.5065719052477,631.8921063669445,662.5651921080556,1460.5100000000002,29305.08125,0,0,0.0,passed on 5351% of everything it received
ACC_0702a92c,14,13,4,3,58266.67,16700.620000000003,0.2866238966462302,667.3725947377777,663.1372620627778,4161.905,1284.6630769230771,0,0,0.0,received money from 4 different senders
ACC_070b11d8,27,7,8,3,71023.38000000002,115068.14,1.62014452142379,644.2418325197222,675.4786670722223,2630.495555555556,16438.305714285714,0,0,0.0,received money from 8 different senders; passed on 162% of everything it received
ACC_075aa1e5,15,6,4,4,29420.65,125877.85,4.278554348731248,594.4864717147223,685.7426924761111,1961.3766666666663,20979.641666666663,0,0,0.2,received money from 4 different senders; passed on 428% of everything it received
ACC_07601ecd,6,4,3,2,8680.11,8355.14,0.9625615343584354,666.4271498763889,660.1420435919445,1446.6850000000002,2088.785,0,0,0.0,received money from 3 different senders; passed on 96% of everything it received
ACC_07623dde,18,13,6,3,650143.8500000001,179666.49,0.2763488264943212,639.8748895827778,628.3709481866666,36119.102777777785,13820.49923076923,0,0,0.0,received money from 6 different senders
ACC_078c25dd,0,6,0,2,0.0,5868.89,0.0,999999.0,999999.0,0.0,978.1483333333334,0,0,0.2,flagged by the model based on a combination of subtler behavioral signals
ACC_07dd04f7,6,14,4,2,6789.52,235521.82,34.6890236717765,593.9934865530556,568.3547989511111,1131.5866666666666,16822.987142857142,0,0,0.0,received money from 4 different senders; passed on 3469% of everything it received
ACC_07e3d9a3,13,10,4,2,535059.77,148429.99,0.2774082416998011,612.6207972641666,672.9948885280556,41158.443846153845,14842.999,0,0,0.0,received money from 4 different senders
ACC_0900ac03,5,5,2,2,11308.34,2580.94,0.228233321601579,502.4260192358333,460.26238557444447,2261.668,516.188,0,0,0.0,received money from 2 different senders
ACC_094f196b,1,8,1,5,151.63,124935.62,823.9505374925806,0.0,999999.0,151.63,15616.9525,0,0,0.0,forwarded funds onward within 0.0 hours of receiving them; passed on 82395% of everything it received
ACC_09598b96,5,4,3,2,13184.54,1539.5,0.1167655451005495,381.5964652347222,606.2792218736112,2636.9080000000004,384.875,0,0,0.0,received money from 3 different senders
ACC_09b23bb5,4,4,2,4,45078.73,48234.51,1.0700059651192482,350.03964000944444,332.2752078225,11269.6825,12058.6275,0,0,0.0,passed on 107% of everything it received
ACC_09fad678,6,3,3,1,27880.65,1116.43,0.0400431840721073,0.4484926199999999,521.4871620116667,4646.775000000001,372.1433333333334,0,0,0.0,received money from 3 different senders; forwarded funds onward within 0.4 hours of receiving them
ACC_0a5c90cd,7,8,2,3,8935.8,87790.78000000001,9.82461335302939,378.4013769383333,431.5656464172222,1276.542857142857,10973.847500000002,0,0,0.0,received money from 2 different senders; passed on 982% of everything it received
ACC_0aba4f80,4,5,2,3,126306.85,59227.7,0.4689191441319295,135.63449073750002,431.3824240761112,31576.7125,11845.54,0,0,0.0,flagged by the model based on a combination of subtler behavioral signals
ACC_0accc7f3,14,3,6,2,15138.270000000002,1195.99,0.0790044040699498,388.0367333747222,662.8889893613889,1081.305,398.66333333333336,0,0,0.0,received money from 6 different senders
ACC_0ae8c78a,16,13,4,4,418985.58,207496.04,0.4952343228614216,713.5734957030555,702.96778583,26186.59875,15961.233846153844,0,0,0.0,received money from 4 different senders
ACC_0afb01be,15,8,4,4,29952.46,31247.620000000003,1.0432405218135674,594.8126673191667,674.4257970305556,1996.8306666666665,3905.9525,0,0,0.0,received money from 4 different senders; passed on 104% of everything it received
ACC_0b6d784f,15,15,5,4,16887.469999999998,41578.59,2.462097045916292,674.552868085,679.3897926369444,1125.831333333333,2771.906,0,0,0.3,received money from 5 different senders; passed on 246% of everything it received
ACC_0bd1d587,13,11,3,2,48273.14,37009.15,0.7666613358898964,603.1275438666667,641.2089524227778,3713.3184615384616,3364.468181818181,0,0,0.0,received money from 3 different senders; passed on 77% of everything it received
ACC_0bd39896,2,4,2,1,4678.93,9602.39,2.052261948778887,272.43461922583333,148.87675638333334,2339.465,2400.5975,0,0,0.0,passed on 205% of everything it received
ACC_0c731c82,8,11,4,3,11669.83,113019.76000000002,9.684782040526729,516.1250491055556,531.08292715,1458.72875,10274.523636363638,0,0,0.0,received money from 4 different senders; passed on 968% of everything it received
ACC_0c9e7eb2,19,9,5,2,536626.86,110051.49,0.2050800997922467,689.9781646086111,699.1681508988888,28243.51894736842,12227.943333333336,0,0,0.0,received money from 5 different senders
ACC_0cc51b45,4,10,2,4,18558.89,134376.41,7.240541325477979,571.9177456294444,343.88245499305555,4639.7225,13437.641,0,0,0.0,passed on 724% of everything it received
ACC_0ccc884e,7,3,3,2,34821.55,22430.25,0.6441485229692532,659.9457055922222,395.7599696102778,4974.507142857144,7476.75,0,0,0.0,received money from 3 different senders
ACC_0ccfb046,8,10,3,6,7898.98,9382.71,1.1878381765746973,539.4516278875,651.9973603669443,987.3725,938.271,0,0,0.0,received money from 3 different senders; passed on 119% of everything it received
ACC_0cd3440e,13,8,4,6,40151.30999999999,99343.47,2.474227366429639,662.4310230358333,632.6113598883333,3088.562307692307,12417.93375,0,0,0.0,received money from 4 different senders; passed on 247% of everything it received
ACC_0d74a838,8,5,3,3,59150.34,2059.89,0.034824651895492,186.0361667188889,470.7100714808333,7393.7925,411.978,0,0,0.0,received money from 3 different senders
ACC_0d9efc95,4,11,3,6,5333.29,70340.53,13.18895653527185,686.3457680727778,497.2408779997222,1333.3225,6394.5936363636365,0,0,0.0,passed on 1319% of everything it received
ACC_0dc8aac2,7,13,3,4,65530.18,13180.7,0.2011393834108192,465.50294833916666,505.63703422944445,9361.454285714286,1013.9,0,0,0.0,received money from 3 different senders
ACC_0e1f9c90,17,4,6,2,126062.34,3568.0400000000004,0.028303774148568,277.4198331780556,704.5671476169445,7415.431764705883,892.0100000000001,0,0,0.0,received money from 6 different senders
ACC_0e40786b,19,3,6,1,70095.75000000001,32429.38,0.4626440262070096,505.0396996375,633.8648550469444,3689.250000000001,10809.793333333331,0,0,0.2,received money from 6 different senders
ACC_0e688119,13,9,6,3,68869.58999999998,7669.1,0.1113568412415407,561.8008085816666,606.3542911452778,5297.660769230768,852.1222222222223,0,0,0.0,received money from 6 different senders
ACC_0ec071ab,15,3,4,2,46766.420000000006,12785.93,0.2733998026789307,490.7721537041666,654.2563923833333,3117.761333333334,4261.9766666666665,0,0,0.0,received money from 4 different senders
ACC_0ec52742,26,13,7,2,108949.12,180121.17000000004,1.653259521508756,704.3568373477777,705.8263642255556,4190.350769230769,13855.47461538462,0,0,0.0,received money from 7 different senders; passed on 165% of everything it received
ACC_0f8729b6,4,12,3,4,1951.24,122565.19999999998,62.81400545294274,534.5586558447222,489.1553205161111,487.81,10213.766666666665,0,0,0.0,passed on 6281% of everything it received
ACC_0fbf6c39,7,10,3,2,27901.18,32730.74,1.1730951880888192,679.9595035472222,530.4556436233333,3985.882857142857,3273.074,0,0,0.0,received money from 3 different senders; passed on 117% of everything it received
ACC_0fcf920c,8,13,3,4,65304.97,47604.12999999999,0.7289511043340191,660.7389418661111,660.797225941389,8163.12125,3661.856153846153,0,0,0.0,received money from 3 different senders; passed on 73% of everything it received
ACC_100e7de5,9,12,3,6,11774.170000000002,7838.35,0.6657242081607451,523.8471553327778,677.0213467661112,1308.2411111111114,653.1958333333333,0,0,0.0,received money from 3 different senders
ACC_101aed11,9,3,3,3,10504.420000000002,5720.610000000001,0.5445907532257849,655.5978522872223,507.3628622922223,1167.157777777778,1906.87,0,0,0.0,received money from 3 different senders
ACC_103c31f9,37,9,8,4,108261.94,18518.17,0.1710496782156314,674.82948749,654.4361471394444,2925.998378378378,2057.5744444444445,0,0,0.0,received money from 8 different senders
ACC_10446f68,21,3,6,3,108331.37,1947.98,0.0179816797295187,544.0468911255555,614.3174349366667,5158.636666666666,649.3266666666667,0,0,0.0,received money from 6 different senders
ACC_1064c4a5,1,6,1,3,281.68,110273.76,391.4859414938938,420.9968267669445,999999.0,281.68,18378.960000000003,0,0,0.0,passed on 39149% of everything it received
ACC_10b7bace,12,10,4,4,364240.09,212347.83,0.5829886270893465,559.0910431466667,560.1246985966667,30353.34083333333,21234.783,0,0,0.0,received money from 4 different senders
ACC_111be9ff,9,12,4,2,11000.3,260876.35,23.715385034953595,680.700291338889,646.0520851541667,1222.2555555555557,21739.69583333333,0,0,0.0,received money from 4 different senders; passed on 2372% of everything it received
ACC_1171811f,1,15,1,3,664.97,200600.05000000005,301.6678196008843,560.7988901308333,999999.0,664.97,13373.33666666667,0,0,0.0,passed on 30167% of everything it received
ACC_1178d4ba,13,10,5,4,58433.27000000001,98196.26,1.6804854494708237,631.5374512855556,686.0493146638889,4494.866923076924,9819.626,0,0,0.0,received money from 5 different senders; passed on 168% of everything it received
ACC_1193a03a,12,5,3,4,15836.05,23125.1,1.4602820779171573,562.2189742666667,668.1822202411112,1319.6708333333331,4625.02,0,0,0.0,received money from 3 different senders; passed on 146% of everything it received
ACC_11a6f905,7,4,4,3,225343.8,2044.11,0.0090710727341954,674.6221242833333,637.7378325502777,32191.971428571425,511.0275,0,0,0.0,received money from 4 different senders
ACC_11d573fc,5,9,2,2,4793.389999999999,162465.33999999997,33.8936201727796,690.6320683386111,459.5599872213888,958.678,18051.70444444444,0,0,0.0,received money from 2 different senders; passed on 3389% of everything it received
ACC_1219face,18,15,6,3,51367.3,14738.040000000005,0.2869148271371087,629.8538924594445,676.2250810422222,2853.7388888888886,982.5360000000002,0,0,0.0,received money from 6 different senders
ACC_127dc194,6,6,3,4,114902.18,31407.07,0.273337459741843,499.5269806888889,244.64982855388888,19150.36333333333,5234.511666666666,0,0,0.0,received money from 3 different senders
ACC_12c5459a,2,3,2,3,405.49,3765.82,9.287084761646405,584.7904469397222,501.7198561194445,202.745,1255.2733333333333,0,0,0.0,passed on 929% of everything it received
ACC_12e3fa33,0,9,0,5,0.0,20796.390000000003,0.0,999999.0,999999.0,0.0,2310.7100000000005,0,0,0.3,flagged by the model based on a combination of subtler behavioral signals
ACC_13373350,10,4,7,3,6503.99,3661.45,0.5629544325867659,457.87756271555554,588.3385291441667,650.399,915.3625,0,0,0.0,received money from 7 different senders
ACC_137d63dc,9,5,3,3,128418.77,79444.09,0.6186330082432654,510.15034353944446,429.7784073575,14268.75222222222,15888.818,0,0,0.0,received money from 3 different senders
ACC_13a69568,7,15,2,3,12669.4,423448.82,33.42295767755379,634.7450661338889,586.5887180261111,1809.9142857142856,28229.92133333333,0,0,0.0,received money from 2 different senders; passed on 3342% of everything it received
ACC_13b04220,13,15,4,3,61105.82,17342.769999999997,0.2838153550676514,674.6653407052778,621.9177605158334,4700.447692307693,1156.1846666666663,0,0,0.0,received money from 4 different senders
ACC_13b5c93a,10,5,2,3,338212.54000000004,3827.01,0.0113153994822309,672.3717063975,533.4468514711111,33821.254,765.402,0,0,0.0,received money from 2 different senders
ACC_13ba11b4,8,15,4,6,36132.94,50272.7,1.3913260310398212,640.8029079627777,490.6625246108333,4516.6175,3351.5133333333333,0,0,0.0,received money from 4 different senders; passed on 139% of everything it received
ACC_13c4bb8c,6,8,2,3,2091.55,52125.36,24.9218809017236,438.5726585752778,311.6060307877778,348.5916666666667,6515.67,0,0,0.0,received money from 2 different senders; passed on 2492% of everything it received
ACC_13d9acb7,10,15,3,2,51426.56,59591.9,1.158776709933544,615.8159104152778,688.7991990797221,5142.656,3972.793333333333,0,0,0.0,received money from 3 different senders; passed on 116% of everything it received
ACC_13ee559c,2,15,2,6,949.7,223559.42,235.40004211856376,406.9246044188889,33.244074555,474.85,14903.961333333336,0,0,0.0,passed on 23540% of everything it received
ACC_140e0d9b,4,14,3,3,12314.22,109962.75,8.929737328064629,562.8543601050001,558.6808886922222,3078.555,7854.482142857143,0,0,0.0,passed on 893% of everything it received
ACC_141002e0,8,4,5,3,6600.68,9993.15,1.5139576528478882,456.55051065861113,579.1901675063889,825.085,2498.2875,0,0,0.0,received money from 5 different senders; passed on 151% of everything it received
ACC_14205305,13,4,5,3,49454.73,5184.59,0.1048350683544324,655.1455681691667,639.6507937902777,3804.21,1296.1475,0,0,0.0,received money from 5 different senders
ACC_142b1651,6,13,2,2,3759.1,19702.5,5.241281157723923,550.1300799577778,651.9230417713889,626.5166666666667,1515.5769230769229,0,0,0.0,received money from 2 different senders; passed on 524% of everything it received
ACC_1446ddcb,11,9,5,5,23749.46,76350.53,3.214832253028069,563.0965772530556,543.2222183294444,2159.041818181818,8483.392222222223,0,0,0.0,received money from 5 different senders; passed on 321% of everything it received
ACC_14596805,12,11,5,2,70662.62000000001,297922.94,4.216132093601964,614.9329579144445,618.0135467294444,5888.551666666667,27083.90363636364,0,0,0.0,received money from 5 different senders; passed on 422% of everything it received
ACC_1472744d,16,4,6,2,73796.23000000001,40912.77,0.5544018983083552,598.5241448680556,611.0600302066667,4612.264375000001,10228.1925,0,0,0.0,received money from 6 different senders
ACC_1496bcc9,2,14,1,3,2009.92,19139.24,9.522388950804014,586.142855485,106.73861639194445,1004.96,1367.0885714285716,0,0,0.0,passed on 952% of everything it received
ACC_160a5861,14,9,4,3,14702.21,55005.11,3.7412817528793294,544.9277921058333,544.9711661724999,1050.157857142857,6111.678888888889,0,0,0.0,received money from 4 different senders; passed on 374% of everything it received
ACC_1614b573,13,8,3,3,9696.86,34444.3,3.552108620728772,662.7803161730556,637.8354789325,745.9123076923078,4305.5375,0,0,0.0,received money from 3 different senders; passed on 355% of everything it received
ACC_16a5f948,6,5,3,2,3669.34,3532.21,0.9626281565622156,640.0762570519444,659.6779442808333,611.5566666666667,706.442,0,0,0.0,received money from 3 different senders; passed on 96% of everything it received
ACC_16c7e717,14,6,6,2,408254.20000000007,142951.46000000002,0.3501530663983371,582.8271952483334,647.6592534338888,29161.01428571429,23825.243333333336,0,0,0.0,received money from 6 different senders
ACC_17095e41,17,14,6,2,40368.84,17403.239999999998,0.4311057736610712,632.9921088316667,671.4337189247223,2374.6376470588234,1243.0885714285712,0,0,0.0,received money from 6 different senders
ACC_171bb2db,9,3,3,3,7580.73,5659.7300000000005,0.7465943253486143,551.3432485558333,575.4056696333333,842.3033333333333,1886.5766666666668,0,0,0.5,received money from 3 different senders; passed on 75% of everything it received
ACC_1753d6e3,9,3,3,3,6958.52,21408.82,3.0766341118513703,566.7685049258333,590.7011463688888,773.1688888888889,7136.2733333333335,0,0,0.0,received money from 3 different senders; passed on 308% of everything it received
ACC_175f704e,5,3,4,2,22993.960000000003,897.76,0.0390432965874516,540.1032997486111,308.8317248227778,4598.792,299.25333333333333,0,0,0.0,received money from 4 different senders
ACC_1765dfb4,18,5,4,3,13754.19,4780.509999999999,0.347567541236525,556.3353084569444,581.9566699341666,764.1216666666666,956.102,0,0,0.0,received money from 4 different senders
ACC_17ad8e70,10,11,3,5,17592.17,60556.8,3.442258686677085,372.62539602916667,588.8596178594445,1759.217,5505.163636363636,0,0,0.0,received money from 3 different senders; passed on 344% of everything it received
ACC_17ceaf27,11,6,5,3,11461.170000000002,150763.77000000002,13.154308853284611,629.8614162488889,559.3947449063888,1041.9245454545455,25127.295,0,0,0.0,received money from 5 different senders; passed on 1315% of everything it received
ACC_17f67cf2,5,6,4,5,3419.6600000000003,74132.82,21.67841832228935,534.4299990897222,535.6883808963888,683.932,12355.47,0,0,0.0,received money from 4 different senders; passed on 2168% of everything it received
ACC_17fa92a0,5,3,2,2,43823.95,67553.09,1.5414651121133534,578.883295075,518.8091798175,8764.79,22517.696666666667,0,0,1.0,received money from 2 different senders; passed on 154% of everything it received
ACC_18793d6c,6,3,3,2,6537.32,679.63,0.1039615622303941,405.0031727277778,400.1056533544445,1089.5533333333333,226.5433333333333,0,0,0.0,received money from 3 different senders
ACC_187b4237,4,9,1,4,9422.91,152377.02000000002,16.1709089867143,209.7543121936111,302.17102529416667,2355.7275,16930.780000000002,0,0,0.0,passed on 1617% of everything it received
ACC_18fb1fae,11,6,3,4,12282.58,21552.99,1.7547608075827716,533.6257056144444,615.2097596222221,1116.5981818181815,3592.1649999999995,0,0,0.0,received money from 3 different senders; passed on 175% of everything it received
ACC_191e8f21,7,4,4,3,9682.51,16472.29,1.701241723478726,621.5148036963889,669.0354000119445,1383.2157142857145,4118.0725,0,0,0.0,received money from 4 different senders; passed on 170% of everything it received
ACC_19266db2,5,8,3,2,16505.44,6953.92,0.4213107920782482,475.4049772386112,470.8532818741667,3301.088,869.24,0,0,0.0,received money from 3 different senders
ACC_1926951a,8,8,3,4,11571.69,7675.69,0.6633162485341381,428.5883170933333,511.8005385972223,1446.46125,959.46125,0,0,0.0,received money from 3 different senders
ACC_19428fcf,10,4,3,3,12141.93,3599.6,0.2964602826733476,310.8407242133333,694.0913083080555,1214.193,899.9,0,0,0.0,received money from 3 different senders
ACC_1980dc41,16,5,4,2,439947.93000000005,3975.71,0.0090367739655008,364.5474743119444,639.4039529216667,27496.745625000003,795.142,0,0,0.1,received money from 4 different senders
ACC_1991fafa,0,3,0,2,0.0,3227.0200000000004,0.0,999999.0,999999.0,0.0,1075.6733333333334,0,0,0.1,flagged by the model based on a combination of subtler behavioral signals
ACC_19e18f34,11,4,3,1,329139.61000000004,160762.81999999998,0.4884335252144218,400.9751956727778,678.5895874544444,29921.78272727273,40190.705,0,0,0.0,received money from 3 different senders
ACC_1a0cc562,3,4,2,3,4632.23,19630.01,4.237701927581317,450.2016577647222,246.8909740886112,1544.0766666666666,4907.5025000000005,0,0,0.2,passed on 424% of everything it received
ACC_1ace18ca,17,9,6,3,13890.98,13919.47,1.0020509712057757,682.0766675136111,637.8285130013888,817.1164705882353,1546.607777777778,0,0,0.0,received money from 6 different senders; passed on 100% of everything it received
ACC_1ae92f8a,20,5,6,2,70220.26,46446.07,0.6614340362738618,508.40085045555554,615.8301811472222,3511.013,9289.214,0,0,0.0,received money from 6 different senders
ACC_1af03686,8,7,3,2,4035.14,4092.39,1.0141878596529488,525.4688618377778,649.2739689477778,504.3925,584.6271428571429,0,0,0.0,received money from 3 different senders; passed on 101% of everything it received
ACC_1b0c0180,9,8,4,3,74282.18000000001,8687.67,0.1169549682036795,517.31635809,512.5587652872222,8253.575555555557,1085.95875,0,0,0.0,received money from 4 different senders
ACC_1b247565,9,4,2,2,6520.860000000001,6862.16,1.0523397220612003,501.9132339813889,646.4620466380557,724.5400000000001,1715.54,0,0,0.0,received money from 2 different senders; passed on 105% of everything it received
ACC_1b5129cf,3,8,1,2,58650.93,6537.29,0.1114609776861168,481.83402852555554,654.1806337488889,19550.31,817.16125,0,0,0.0,flagged by the model based on a combination of subtler behavioral signals
ACC_1b57a51a,3,9,1,4,1616.73,46601.13,28.824312037260395,464.4485478627778,405.7332225144445,538.91,5177.903333333333,0,0,0.0,passed on 2882% of everything it received
ACC_1c0170b1,9,6,3,3,16474.13,1471.14,0.0893000115939354,549.4065771094445,528.2943710811111,1830.458888888889,245.19,0,0,0.0,received money from 3 different senders
ACC_1c054460,14,4,3,2,79082.27000000002,7086.299999999999,0.0896066842795483,690.2433368538889,658.1888394919443,5648.733571428573,1771.5749999999998,0,0,0.0,received money from 3 different senders
ACC_1c166ad0,7,7,3,5,3282.94,6466.870000000001,1.969841057101257,613.2166874191666,604.4971110316666,468.99142857142857,923.8385714285716,0,0,0.1,received money from 3 different senders; passed on 197% of everything it received
ACC_1c168178,1,6,1,3,17339.38,8607.57,0.4964174036211213,296.28232554944447,999999.0,17339.38,1434.595,0,0,0.0,flagged by the model based on a combination of subtler behavioral signals
ACC_1c2400a3,11,14,2,2,7433.139999999999,15191.56,2.0437607794283443,584.3861709197223,523.4198336544445,675.7399999999999,1085.1114285714286,0,0,0.0,received money from 2 different senders; passed on 204% of everything it received
ACC_1cbef39b,9,5,5,2,30666.73,69228.48,2.257445772666339,490.80169556583337,662.6962294624999,3407.4144444444446,13845.696,0,0,0.0,received money from 5 different senders; passed on 226% of everything it received
ACC_1ce5d067,11,13,3,2,11795.149999999998,23904.09,2.026603307291557,561.7421882433333,688.7977340011112,1072.2863636363634,1838.7761538461536,0,0,0.0,received money from 3 different senders; passed on 203% of everything it received
ACC_1d273b81,8,10,3,3,17196.25,15995.990000000002,0.9302022243221634,624.8010607819444,540.4360177325,2149.53125,1599.5990000000002,0,0,0.0,received money from 3 different senders; passed on 93% of everything it received
ACC_1dc001bd,20,5,6,4,18950.38,60079.21,3.170343285992154,662.7819934330556,671.6502699833334,947.519,12015.842,0,0,0.0,received money from 6 different senders; passed on 317% of everything it received
ACC_1dfeb7d8,10,7,4,2,11847.62,25369.95,2.1413541285085107,612.6363225566666,626.0022505044444,1184.762,3624.278571428572,0,0,0.0,received money from 4 different senders; passed on 214% of everything it received
ACC_1e31b9dd,2,14,1,3,999.61,104246.49,104.28716199317736,511.7075392883333,349.86552725972217,499.805,7446.177857142858,0,0,0.0,passed on 10429% of everything it received
ACC_1e4553ad,15,12,6,2,64168.37,62101.89000000001,0.9677959717536848,656.6743303291667,654.7861021633333,4277.891333333334,5175.1575,0,0,0.0,received money from 6 different senders; passed on 97% of everything it received
ACC_1e502e81,5,14,3,4,5072.379999999999,74354.68000000001,14.658736135699616,494.0472235627778,395.2549647772222,1014.476,5311.048571428572,0,0,0.0,received money from 3 different senders; passed on 1466% of everything it received
ACC_1ee1dd27,15,9,4,2,63199.57000000001,7007.2,0.1108741720869303,545.3687509563889,561.8368040933333,4213.304666666667,778.5777777777778,0,0,0.0,received money from 4 different senders
ACC_1efe795b,12,7,3,4,59580.31,6586.360000000001,0.1105459169312815,695.6760300375,675.8270463030555,4965.025833333333,940.9085714285716,0,0,0.0,received money from 3 different senders
ACC_1f091be1,13,5,4,3,54956.73000000001,184062.71,3.349229657586977,353.39779092361107,629.5981084333333,4227.4407692307705,36812.542,0,0,0.0,received money from 4 different senders; passed on 335% of everything it received
ACC_1f0c76ee,6,9,4,4,162536.53999999998,87604.01999999999,0.5389804655617746,615.7783791408333,483.4776362244445,27089.42333333333,9733.78,0,0,0.3,received money from 4 different senders
ACC_1fa21486,2,9,1,3,1568.27,35632.1,22.720641216117123,154.9916937988889,92.60067754,784.135,3959.1222222222223,0,0,0.0,passed on 2272% of everything it received
ACC_1fc3fda5,9,7,3,4,50221.29000000001,22911.9,0.4562188665404652,700.7783302330555,598.3136373725,5580.143333333334,3273.128571428572,0,0,0.0,received money from 3 different senders
ACC_1fcf5467,9,13,5,3,54547.31,275288.37,5.04678177530661,664.8719433430555,649.2791079330556,6060.812222222222,21176.028461538463,0,0,0.0,received money from 5 different senders; passed on 505% of everything it received
ACC_20bc373c,3,4,1,2,2038.54,8535.73,4.187178078428679,267.3084079672222,322.28940226333333,679.5133333333333,2133.9325,0,0,0.0,passed on 419% of everything it received
ACC_20dd7a79,4,3,2,2,2788.5,42031.39000000001,15.073118163887395,321.34345345194447,508.13663602,697.125,14010.463333333337,0,0,0.0,passed on 1507% of everything it received
ACC_20dded28,15,7,5,3,118295.03,6817.22,0.0576289637865597,669.1118761411111,571.5137348491667,7886.335333333334,973.8885714285716,0,0,0.0,received money from 5 different senders
ACC_2103a077,3,12,3,4,2686.05,158546.09,59.02574039947134,612.4411902705556,703.0994726183333,895.35,13212.174166666666,0,0,0.0,passed on 5903% of everything it received
ACC_21157c9f,23,4,7,3,877273.37,46336.17999999999,0.0528184048263085,393.05969452333335,667.8952516769444,38142.32043478261,11584.044999999998,0,0,0.0,received money from 7 different senders
ACC_219bbc46,8,13,3,3,7467.549999999999,35156.81,4.707944372652342,682.7475552661111,687.8785707802779,933.44375,2704.37,0,0,0.0,received money from 3 different senders; passed on 471% of everything it received
ACC_21e69852,7,15,1,5,58531.39,10308.37,0.1761169519466392,378.58634219777775,419.20008571222223,8361.627142857144,687.2246666666667,0,0,2.2,received money from 1 different senders
ACC_221383c8,10,3,4,2,65341.85,1244.64,0.0190481291852006,459.1730417411111,636.3693278552778,6534.185,414.88,0,0,0.0,received money from 4 different senders
ACC_22222ba4,19,8,9,2,42797.34,66704.33,1.5586092500141362,649.0168870911111,600.1358732347222,2252.4915789473685,8338.04125,0,0,0.0,received money from 9 different senders; passed on 156% of everything it received
ACC_222f6ed5,6,8,2,2,5908.83,39699.54,6.71868034788613,496.4908747933334,489.083382605,984.805,4962.4425,0,0,0.0,received money from 2 different senders; passed on 672% of everything it received
ACC_22a0dbc4,13,7,6,2,9538.37,8712.810000000001,0.9134485242237406,678.8201863544444,583.7691688227777,733.7207692307693,1244.687142857143,0,0,0.0,received money from 6 different senders; passed on 91% of everything it received
ACC_22b4ba36,7,5,2,5,122104.45,3938.400000000001,0.0322543527283403,574.9709949188889,548.7117229344444,17443.492857142857,787.6800000000001,0,0,0.0,received money from 2 different senders
ACC_22e430d5,6,7,2,4,3890.57,20617.32,5.299305757254079,553.7337334822222,633.7886267852778,648.4283333333334,2945.3314285714287,0,0,0.0,received money from 2 different senders; passed on 530% of everything it received
ACC_235745bc,8,3,4,2,96478.02,1180.34,0.0122342892194512,332.81459257000006,642.8442847025,12059.7525,393.44666666666666,0,0,0.0,received money from 4 different senders
ACC_236d12b5,5,11,2,4,42075.99,303418.79000000004,7.211209765949656,674.7830219924999,420.8679081205556,8415.198,27583.526363636367,0,0,0.0,received money from 2 different senders; passed on 721% of everything it received
ACC_23a6c0f3,6,4,3,3,8210.68,35766.58,4.356104488300604,572.9973680338888,631.3567826025001,1368.4466666666667,8941.645,0,0,0.0,received money from 3 different senders; passed on 436% of everything it received
ACC_23ff28cb,4,13,2,6,8283.74,33601.91,4.056369465965855,564.5145410261111,500.5694603244445,2070.935,2584.762307692308,0,0,0.0,passed on 406% of everything it received
ACC_2402b18f,6,13,2,5,12511.73,9931.21,0.7937519431765232,435.9905349638889,460.7891375311111,2085.2883333333334,763.9392307692308,0,0,0.0,received money from 2 different senders; passed on 79% of everything it received
ACC_2473fbd7,6,12,3,2,3842.19,9849.750000000002,2.563577022479368,688.7513525608333,520.8591697719444,640.3649999999999,820.8125000000001,0,0,0.0,received money from 3 different senders; passed on 256% of everything it received
ACC_248b6cd9,1,9,1,3,163.14,47483.99,291.06282947161947,123.485654305,999999.0,163.14,5275.998888888888,0,0,0.0,passed on 29106% of everything it received
ACC_24d970de,10,6,3,2,47209.22,56255.88,1.19162909279162,651.6856959780555,652.1344379975,4720.922,9375.98,0,0,0.0,received money from 3 different senders; passed on 119% of everything it received
ACC_2526d547,12,14,5,3,21432.57,93993.08,4.385525394294758,625.3771002977777,610.9647717080555,1786.0475,6713.791428571429,0,0,0.0,received money from 5 different senders; passed on 439% of everything it received
ACC_25655dcc,12,10,3,4,10254.65,72197.45,7.040459693894963,537.6839777408334,666.2196899469444,854.5541666666668,7219.745,0,0,0.0,received money from 3 different senders; passed on 704% of everything it received
ACC_2572a11a,12,13,6,3,142550.2,19440.300000000003,0.1363751155733208,590.7438732069445,600.7223076461111,11879.183333333334,1495.4076923076923,0,0,0.0,received money from 6 different senders
ACC_2576061c,13,11,6,4,51140.8,296385.18,5.795474063761223,586.6059644416666,568.2627439161112,3933.9076923076927,26944.10727272728,0,0,0.0,received money from 6 different senders; passed on 580% of everything it received
ACC_25aba42c,1,14,1,2,1375.32,71962.66,52.32430270773348,293.19904924194446,999999.0,1375.32,5140.1900000000005,0,0,0.0,passed on 5232% of everything it received
ACC_25db53e7,14,9,6,2,88579.47,46337.45999999999,0.523117376972339,541.8235386386111,560.7549432541666,6327.1050000000005,5148.606666666666,0,0,0.0,received money from 6 different senders
ACC_2620d580,21,11,6,4,63760.15,78875.59999999999,1.2370673531978829,591.2795345102778,679.8658848152778,3036.197619047619,7170.50909090909,0,0,0.0,received money from 6 different senders; passed on 124% of everything it received
ACC_26b59536,1,8,1,4,13079.24,6245.17,0.4774872240283074,461.1418371125,999999.0,13079.24,780.64625,0,0,0.0,flagged by the model based on a combination of subtler behavioral signals
ACC_26ca53b5,7,7,4,4,66900.93000000001,127326.55,1.9032104635914624,583.4507533497223,469.6883104636111,9557.275714285715,18189.507142857143,0,0,0.0,received money from 4 different senders; passed on 190% of everything it received
ACC_26d1f494,11,15,3,6,12559.85,152505.7,12.142318578645448,617.4345671172223,689.1100388444444,1141.8045454545454,10167.046666666669,0,0,0.0,received money from 3 different senders; passed on 1214% of everything it received
ACC_26d76e62,6,13,3,4,13115.36,70595.79000000001,5.382680307669787,561.5255919058333,424.1891153930556,2185.893333333333,5430.445384615386,0,0,0.0,received money from 3 different senders; passed on 538% of everything it received
ACC_26e35fe1,4,15,2,3,3037.49,90539.48,29.80733434513365,573.6052940227778,608.3934800980555,759.3725,6035.965333333335,0,0,0.0,passed on 2981% of everything it received
ACC_27244588,18,3,8,3,129749.91,41859.60999999999,0.3226176418927766,612.5181014525,611.5189654086112,7208.328333333334,13953.203333333331,0,0,0.0,received money from 8 different senders
ACC_272f7ed5,5,8,3,3,4781.889999999999,126046.54,26.35914669722641,498.72555114833335,563.2167518347222,956.378,15755.8175,0,0,0.0,received money from 3 different senders; passed on 2636% of everything it received
ACC_27a73690,12,6,3,4,379617.96,5655.090000000001,0.0148967925542827,667.3881249527778,618.3370753361112,31634.83,942.5150000000002,0,0,0.0,received money from 3 different senders
ACC_28057bbf,7,12,3,5,68046.55,27716.66,0.4073191072875847,520.8677749158334,544.2226343988889,9720.935714285715,2309.721666666667,0,0,0.0,received money from 3 different senders
ACC_2845b169,17,7,5,4,511861.92,4360.81,0.0085195046351562,619.8316340372222,690.1106126969445,30109.524705882355,622.972857142857,0,0,0.0,received money from 5 different senders
ACC_286411e0,1,14,1,5,113.98,102217.37,896.800929987717,140.05536876888888,999999.0,113.98,7301.240714285714,0,0,0.0,passed on 89680% of everything it received
ACC_28672e56,10,9,4,3,49498.87,7083.990000000001,0.1431141761417988,584.2234843586111,625.1584828255556,4949.887,787.1100000000001,0,0,0.0,received money from 4 different senders
ACC_2894ab8e,2,7,1,2,769.9100000000001,8233.49,10.694094114896544,629.8935202177778,352.2511803075,384.955,1176.212857142857,0,0,0.2,passed on 1069% of everything it received
ACC_289f5927,0,7,0,3,0.0,8480.6,0.0,999999.0,999999.0,0.0,1211.5142857142855,0,0,0.2,flagged by the model based on a combination of subtler behavioral signals
ACC_29104142,3,14,2,2,1275.45,88505.14,69.39130502959739,479.6432279125,311.496690345,425.15,6321.795714285714,0,0,0.0,passed on 6939% of everything it received
ACC_2989df84,14,11,5,5,114275.01,6976.95,0.061054030973176,451.7477283011111,496.7495150975,8162.500714285714,634.2681818181818,0,0,0.0,received money from 5 different senders
ACC_2a2fb106,10,3,4,2,11050.12,1051.21,0.0951310935989835,227.99314318222224,588.3459152630556,1105.0120000000002,350.40333333333336,0,0,0.0,received money from 4 different senders
ACC_2a4c6921,3,11,2,5,41251.14,172387.27999999997,4.178970084220702,554.8347008963889,334.4923994280556,13750.38,15671.570909090906,0,0,0.0,passed on 418% of everything it received
ACC_2a4e8415,3,12,1,2,3476.07,20168.87,5.802204788741308,194.84687379805555,196.6552233105556,1158.69,1680.7391666666665,0,0,0.0,passed on 580% of everything it received
ACC_2a61ac41,0,5,0,2,0.0,129857.72,0.0,999999.0,999999.0,0.0,25971.544,0,0,0.1,flagged by the model based on a combination of subtler behavioral signals
ACC_2ae253a5,9,4,5,2,11048.799999999996,77379.20000000001,7.003403084497867,372.5393007958333,704.6406316044444,1227.6444444444442,19344.800000000003,0,0,0.1,received money from 5 different senders; passed on 700% of everything it received
ACC_2b3d657f,6,3,2,3,4860.139999999999,3571.1,0.734773072380631,421.7462124722222,393.8517561458333,810.0233333333332,1190.3666666666666,0,0,0.0,received money from 2 different senders; passed on 73% of everything it received
ACC_2b6d915b,8,3,5,2,5664.97,3971.5,0.7010628476408525,546.9616797502778,645.8242496580556,708.12125,1323.8333333333333,0,0,0.0,received money from 5 different senders; passed on 70% of everything it received
ACC_2c32221f,10,15,4,6,26996.599999999995,118959.43000000002,4.406459702332888,662.0857558038889,617.1714940852778,2699.6599999999994,7930.628666666668,0,0,0.0,received money from 4 different senders; passed on 441% of everything it received
ACC_2c44107a,12,10,3,5,61435.08,73554.82,1.1972771908167128,612.706961176389,600.5273239427778,5119.589999999999,7355.482000000001,0,0,0.0,received money from 3 different senders; passed on 120% of everything it received
ACC_2c607765,7,4,2,3,4767.91,47055.75,9.869261374480642,452.6528557266667,515.4850937616667,681.13,11763.9375,0,0,0.0,received money from 2 different senders; passed on 987% of everything it received
ACC_2c6d75b6,2,6,1,4,46525.36,113128.16,2.4315375528528955,190.3758969763889,314.4296155216666,23262.68,18854.693333333333,0,0,0.0,passed on 243% of everything it received
ACC_2cbed01e,9,6,3,2,238014.41,61642.14000000001,0.2589849076784889,337.68290831527776,555.2789541266667,26446.04555555556,10273.69,0,0,0.0,received money from 3 different senders
ACC_2cdf180e,10,7,4,4,66743.58,3034.9500000000003,0.0454717891968036,511.3585798269445,557.9314748902779,6674.358,433.56428571428575,0,0,0.0,received money from 4 different senders
ACC_2d350263,13,13,2,3,6287.009999999999,39291.66,6.249657627393626,696.2565320502778,706.4691149344444,483.6161538461538,3022.4353846153845,0,0,0.0,received money from 2 different senders; passed on 625% of everything it received
ACC_2d3e3a7e,9,14,2,2,5640.09,60515.69,10.729561053103764,707.5648650750001,670.3511668616667,626.6766666666667,4322.549285714286,0,0,0.0,received money from 2 different senders; passed on 1073% of everything it received
ACC_2d551a40,5,4,2,2,9904.58,1490.24,0.1504596863269315,462.74062241527776,559.3259642980555,1980.916,372.56,0,0,0.0,received money from 2 different senders
ACC_2d72b6d5,11,9,4,4,72262.42000000001,6774.02,0.0937419477509886,509.3031029566666,606.0184762569445,6569.31090909091,752.6688888888889,0,0,0.0,received money from 4 different senders
ACC_2d8e6a05,8,3,2,3,51682.37,56724.26,1.0975553172193924,459.60822365138887,472.47391802722217,6460.296249999999,18908.086666666662,0,0,0.0,received money from 2 different senders; passed on 110% of everything it received
ACC_2da0fc25,23,11,8,3,103500.31999999998,62790.95,0.6066739697036686,671.0858381386112,596.9075378594443,4500.013913043477,5708.268181818182,0,0,0.0,received money from 8 different senders
ACC_2da2172a,12,8,4,2,389832.06000000006,58588.82,0.1502924618360018,399.1405086980556,586.3488526219444,32486.005000000005,7323.6025,0,0,0.0,received money from 4 different senders
ACC_2e1b9a9d,13,8,6,3,388933.76,48855.75,0.1256145776597022,667.5968274052777,606.3392400277777,29917.98153846154,6106.96875,0,0,0.0,received money from 6 different senders
ACC_2e22dbd9,8,8,4,3,12406.86,136804.71,11.026537737993335,666.5743933408334,615.3624844394444,1550.8575,17100.58875,0,0,0.0,received money from 4 different senders; passed on 1103% of everything it received
ACC_2e7270c4,11,5,6,3,13357.14,8124.710000000001,0.6082671889341582,659.009024948889,643.1246957941667,1214.2854545454545,1624.9420000000002,0,0,0.0,received money from 6 different senders
ACC_2e74ffbb,4,4,2,4,14217.7,5911.39,0.4157768134086385,427.1890128127778,365.1336922011111,3554.425,1477.8475,0,0,0.0,flagged by the model based on a combination of subtler behavioral signals
ACC_2e93edc3,5,4,3,4,3630.2,23897.73,6.583033992617486,217.8237956938889,615.4320378433333,726.0400000000001,5974.4325,0,0,0.0,received money from 3 different senders; passed on 658% of everything it received
ACC_2eb4ac68,20,13,5,3,55111.15,10603.97,0.1924106101941259,563.9306478902778,679.9661107094445,2755.5575,815.69,0,0,0.0,received money from 5 different senders
ACC_2ebd3f53,1,8,1,2,247.44,107370.48,433.9253152279341,53.23514189833333,999999.0,247.44,13421.31,0,0,0.0,forwarded funds onward within 53.2 hours of receiving them; passed on 43393% of everything it received
ACC_2ecf3dbd,3,10,1,4,3562.83,21355.46,5.993959857753527,532.6762181963888,490.7786834883333,1187.61,2135.546,0,0,0.0,passed on 599% of everything it received
ACC_2f21be38,11,11,5,4,16217.66,23020.54,1.4194735862017085,465.58125494611113,478.3673522244444,1474.3327272727272,2092.7763636363634,0,0,0.0,received money from 5 different senders; passed on 142% of everything it received
ACC_2f28bb49,11,15,3,3,51172.44,110437.75,2.1581489958266604,604.8749255430556,606.9683887213889,4652.04,7362.516666666667,0,0,0.0,received money from 3 different senders; passed on 216% of everything it received
ACC_2f37c3f2,10,8,6,3,41061.51,7857.32,0.1913548722392333,627.0572425802777,636.9130438963889,4106.151,982.165,0,0,0.0,received money from 6 different senders
ACC_2f4ad123,10,5,4,3,9997.88,39169.79,3.917809575630033,459.13894998055554,600.8644106952778,999.788,7833.958,0,0,0.0,received money from 4 different senders; passed on 392% of everything it received
ACC_2fb598b9,8,13,3,3,56297.84,21432.759999999995,0.3807030607213348,571.7340498397223,567.9672214241667,7037.23,1648.6738461538455,0,0,0.0,received money from 3 different senders
ACC_2fb7d25d,13,8,5,2,11309.22,134919.03,11.930003130189348,642.2685968936111,657.5351984772223,869.94,16864.87875,0,0,0.0,received money from 5 different senders; passed on 1193% of everything it received
ACC_2fde16c2,8,6,3,3,13553.86,62107.91,4.582304229201128,440.6163354608333,595.0037141119444,1694.2325,10351.318333333336,0,0,0.0,received money from 3 different senders; passed on 458% of everything it received
ACC_2fdf24df,18,10,4,2,54306.64000000001,10832.45,0.1994682418208896,626.7138918361112,642.1658478536111,3017.035555555556,1083.245,0,0,0.0,received money from 4 different senders
ACC_30230e26,10,14,6,3,7054.039999999999,239687.12,33.97870156676175,638.361995423611,600.7854699494444,705.4039999999999,17120.50857142857,0,0,0.0,received money from 6 different senders; passed on 3398% of everything it received
ACC_308cf9a9,5,4,3,3,55156.10999999999,7437.049999999999,0.1348363762419068,370.0127150825,523.930752918889,11031.221999999998,1859.2625,0,0,0.0,received money from 3 different senders
ACC_30a2d294,4,8,3,3,107184.22,56441.28999999999,0.5265820845643135,464.2922611677778,445.9139443375,26796.055,7055.161249999999,0,0,0.0,flagged by the model based on a combination of subtler behavioral signals
ACC_30e2b8b6,22,13,5,4,39321.8,62381.4,1.5864329710237066,673.0959113144444,630.3023826733333,1787.3545454545456,4798.569230769231,0,0,0.0,received money from 5 different senders; passed on 159% of everything it received
ACC_30ec8eeb,2,5,1,2,683.05,172280.13,252.22184320327943,0.0,13.373462467777776,341.525,34456.026,0,0,0.0,forwarded funds onward within 0.0 hours of receiving them; passed on 25222% of everything it received
ACC_311bcde3,17,15,4,3,206545.10000000003,61194.78999999999,0.296278101005543,569.8948198922222,572.4246404013888,12149.711764705884,4079.6526666666655,0,0,0.1,received money from 4 different senders
ACC_3167011b,3,6,1,2,30191.19,47185.100000000006,1.562876455018832,478.4580910411111,427.29791193722224,10063.73,7864.183333333334,0,0,0.0,passed on 156% of everything it received
ACC_319014b5,0,8,0,4,0.0,98991.84,0.0,999999.0,999999.0,0.0,12373.98,0,0,0.3,flagged by the model based on a combination of subtler behavioral signals
ACC_3193fdad,10,3,4,3,66759.63,3776.12,0.056562925828079,470.8255407380556,562.9750417683333,6675.963000000001,1258.7066666666667,0,0,0.0,received money from 4 different senders
ACC_31d70cb5,13,14,5,3,104535.52,59595.15,0.5700947390896416,671.4637768074999,495.4669165275,8041.193846153846,4256.796428571429,0,0,0.0,received money from 5 different senders
ACC_31ef75a2,16,5,4,4,58777.93,14106.15,0.2399905883041475,531.4753124252778,692.1796262394444,3673.620625,2821.23,0,0,0.0,received money from 4 different senders
ACC_329fd0a5,9,8,3,2,43620.060000000005,19526.47,0.4476488569708524,663.5944946927777,620.0295054561111,4846.673333333334,2440.80875,0,0,0.0,received money from 3 different senders
ACC_32f32df5,17,3,4,2,520912.0500000001,4204.31,0.0080710553729751,142.7690043388889,644.5111611702778,30641.88529411765,1401.4366666666665,0,0,0.0,received money from 4 different senders
ACC_32fdfd4d,1,9,1,2,549.1,9190.35,16.73711527954835,28.46054769638889,999999.0,549.1,1021.15,0,0,0.0,forwarded funds onward within 28.5 hours of receiving them; passed on 1674% of everything it received
ACC_33172883,1,10,1,3,37940.87,101808.04,2.683334356855813,12.159226683611111,999999.0,37940.87,10180.804,0,0,0.4,forwarded funds onward within 12.2 hours of receiving them; passed on 268% of everything it received
ACC_332d0aa4,16,14,5,6,79721.25,151231.94,1.897009141226461,657.1014572027779,669.5150513711111,4982.578125,10802.281428571428,0,0,0.0,received money from 5 different senders; passed on 190% of everything it received
ACC_3338c60d,9,14,5,6,57052.47,312347.33,5.4747380788246325,611.8739818502778,548.8855636388889,6339.163333333333,22310.52357142857,0,0,0.0,received money from 5 different senders; passed on 547% of everything it received
ACC_33468cc1,10,4,4,3,32828.060000000005,60264.93,1.8357749437523871,496.65498422194446,537.5712297575,3282.8060000000005,15066.2325,0,0,0.0,received money from 4 different senders; passed on 184% of everything it received
ACC_33afecf0,7,6,4,2,9835.37,6612.18,0.6722858418137804,208.26567644,549.4411912277778,1405.052857142857,1102.03,0,0,0.6,received money from 4 different senders
ACC_33d7d255,6,15,3,4,174452.65,111437.19,0.6387818700375145,681.8936515358333,655.4965518344445,29075.441666666666,7429.146,0,0,0.0,received money from 3 different senders
ACC_33d809a2,22,10,5,3,100421.57,74543.64,0.7423070561434163,588.5726504247222,635.2784856594444,4564.6168181818175,7454.364,0,0,0.0,received money from 5 different senders; passed on 74% of everything it received
ACC_346fa014,22,15,8,4,626708.37,86989.69,0.1388040979889896,627.2533179013889,710.4806946875,28486.74409090909,5799.312666666667,0,0,0.0,received money from 8 different senders
ACC_358e4dcf,13,5,4,3,15830.660000000002,30006.550000000003,1.895470561555867,639.5660948844444,673.9594838355555,1217.743076923077,6001.31,0,0,0.0,received money from 4 different senders; passed on 190% of everything it received
ACC_35996260,3,13,2,5,1916.22,51541.810000000005,26.897647451753976,710.1916372341667,215.28212157555555,638.74,3964.754615384616,0,0,0.0,passed on 2690% of everything it received
ACC_35bb30dd,8,9,3,3,56282.54,229046.08000000005,4.069576106550985,687.2796263647222,588.157121486389,7035.3175,25449.564444444448,0,0,0.0,received money from 3 different senders; passed on 407% of everything it received
ACC_360a2c92,7,5,3,4,63311.82,4660.5,0.0736118468873584,314.74823976277776,503.40028556944446,9044.545714285714,932.1,0,0,0.0,received money from 3 different senders
ACC_367de4c3,13,15,6,2,56298.15,284631.84,5.055793840472556,607.7994419497222,584.5397785011111,4330.626923076923,18975.456,0,0,0.0,received money from 6 different senders; passed on 506% of everything it received
ACC_36981ee1,5,3,3,2,55882.12,986.42,0.0176517998959237,260.57215563361115,424.6310778636111,11176.424,328.8066666666667,0,0,0.2,received money from 3 different senders
ACC_36db3420,14,5,5,4,63771.88999999999,80879.87000000001,1.2682683545994955,681.1101484830556,663.2307123911112,4555.134999999999,16175.974000000002,0,0,0.0,received money from 5 different senders; passed on 127% of everything it received
ACC_37246ff1,0,8,0,5,0.0,3881.09,0.0,999999.0,999999.0,0.0,485.13625,0,0,0.3,flagged by the model based on a combination of subtler behavioral signals
ACC_37408951,5,13,3,4,185764.96,144113.24,0.7757826879730171,603.0261786127777,337.49872313277774,37152.992,11085.633846153843,0,0,0.0,received money from 3 different senders; passed on 78% of everything it received
ACC_374f98bf,14,12,5,2,106700.62,62863.79000000001,0.5891604941002219,709.0343428158333,702.9500263669444,7621.472857142857,5238.649166666667,0,0,0.0,received money from 5 different senders
ACC_376bb6c6,1,3,1,3,1008.62,40452.72,40.10699767999841,288.05028555444443,999999.0,1008.62,13484.239999999998,0,0,0.0,passed on 4011% of everything it received
ACC_38792fc9,7,11,3,3,7466.31,247418.27,33.13795837569027,698.0238266236112,599.7459168072222,1066.6157142857144,22492.57,0,0,0.0,received money from 3 different senders; passed on 3314% of everything it received
ACC_38ca0417,6,14,4,3,16085.669999999998,115859.07,7.202626312736742,456.65654400388894,442.3546546986111,2680.945,8275.647857142858,0,0,0.0,received money from 4 different senders; passed on 720% of everything it received
ACC_38ce997a,5,10,2,2,23892.61,9498.82,0.3975630958693922,604.4370757819445,596.1931926086112,4778.522,949.882,0,0,0.0,received money from 2 different senders
ACC_3930c741,8,6,4,3,50974.66,67711.32,1.3283329403276058,495.50923819583335,394.8789002308334,6371.8325,11285.22,0,0,0.0,received money from 4 different senders; passed on 133% of everything it received
ACC_3965bd86,7,10,3,6,7686.299999999999,9452.56,1.2297932685427322,562.7476469269444,574.3893463833333,1098.042857142857,945.256,0,0,0.0,received money from 3 different senders; passed on 123% of everything it received
ACC_39be6078,18,7,3,3,513122.62,5490.490000000001,0.0107001519441883,551.7389934663889,556.8450341641667,28506.812222222223,784.3557142857144,0,0,0.0,received money from 3 different senders
ACC_3a49d141,6,11,1,3,211662.53000000003,12639.72,0.0597163796539708,635.5432637213888,519.2666441608334,35277.08833333334,1149.0654545454547,0,0,0.0,received money from 1 different senders
ACC_3a5ffec3,10,8,2,4,106275.67,10802.19,0.1016431136119866,634.7540943833333,577.2054216580556,10627.567,1350.2737499999998,0,0,0.0,received money from 2 different senders
ACC_3aa89512,14,11,5,3,23407.84,22358.64,0.9551774106453224,610.8585415844444,595.3147817772222,1671.9885714285713,2032.6036363636365,0,0,0.0,received money from 5 different senders; passed on 96% of everything it received
ACC_3ac4abfe,19,8,4,3,71869.31999999999,100308.48,1.3957065407047125,612.5022223175,672.4876767316666,3782.595789473684,12538.56,0,0,0.0,received money from 4 different senders; passed on 140% of everything it received
ACC_3af79bf9,17,14,5,3,25219.78,25780.220000000005,1.0222222398450742,573.1490359977778,605.713485523889,1483.5164705882353,1841.444285714286,0,0,0.0,received money from 5 different senders; passed on 102% of everything it received
ACC_3b4c462d,16,12,4,2,114676.11,102718.52,0.8957272792040122,494.64812206944447,631.2063049972221,7167.256874999999,8559.876666666667,0,0,0.0,received money from 4 different senders; passed on 90% of everything it received
ACC_3babac03,3,14,1,2,59035.37,219443.22,3.7171482113180616,638.1497877827778,464.6212658186112,19678.45666666667,15674.515714285712,0,0,0.0,passed on 372% of everything it received
ACC_3bccdc39,9,9,3,4,256453.33,10602.74,0.041343740789016,618.4720241027778,612.6714254919444,28494.814444444448,1178.0822222222223,0,0,0.0,received money from 3 different senders
ACC_3bd0c6b6,2,15,1,4,3315.58,128198.3,38.66542203777318,617.9838150597222,47.06511076527778,1657.79,8546.553333333333,0,0,0.0,passed on 3867% of everything it received
ACC_3bea21b2,17,6,6,3,95672.59,4230.389999999999,0.0442173667504977,638.7282864308334,629.3888041008333,5627.799411764706,705.0649999999999,0,0,0.0,received money from 6 different senders
ACC_3bf615fa,4,15,3,2,1581.62,20819.16,13.16318711194851,488.9328762025,48.21334230861111,395.405,1387.944,0,0,0.0,passed on 1316% of everything it received
ACC_3bf8b56a,9,15,2,6,45074.46000000001,130349.69,2.8918746891255043,628.2896707875,580.0817115236111,5008.273333333334,8689.979333333333,0,0,0.0,received money from 2 different senders; passed on 289% of everything it received
ACC_3bf96fc9,5,13,3,4,4471.84,194159.56,43.41827077891874,680.8721440855556,625.5990831613889,894.368,14935.350769230768,0,0,0.0,received money from 3 different senders; passed on 4342% of everything it received
ACC_3c100db7,24,6,7,4,79827.03,3961.52,0.0496262982601256,642.3369622047222,684.5722485197222,3326.12625,660.2533333333334,0,0,0.0,received money from 7 different senders
ACC_3c9d1e80,6,8,2,1,52107.3,5495.99,0.1054744728665657,371.0949658230556,335.4739114580556,8684.550000000001,686.99875,0,0,0.0,received money from 2 different senders
ACC_3ce11820,4,8,2,4,3185.67,60081.27,18.85985365715846,360.5290379477778,342.64798359416665,796.4175,7510.15875,0,0,0.0,passed on 1886% of everything it received
ACC_3d689b1f,3,14,2,3,17595.8,82114.26000000001,4.666696598051809,416.6133682627778,341.58238580472226,5865.266666666666,5865.304285714286,0,0,0.0,passed on 467% of everything it received
ACC_3d98c207,7,11,3,4,16825.620000000003,31593.820000000003,1.8777209992856128,565.6374806,557.5964006755555,2403.6600000000003,2872.165454545455,0,0,0.0,received money from 3 different senders; passed on 188% of everything it received
ACC_3e351b03,6,13,3,3,10408.4,76232.66,7.324147803697013,294.0226134616667,445.6308909608333,1734.7333333333336,5864.050769230769,0,0,0.0,received money from 3 different senders; passed on 732% of everything it received
ACC_3e39bf0e,13,6,3,4,44070.64,51300.66,1.1640552531118225,692.3965140530555,700.3554424450001,3390.0492307692307,8550.11,0,0,0.0,received money from 3 different senders; passed on 116% of everything it received
ACC_3e4a9471,3,15,2,3,18345.24,71064.54000000001,3.873731823622913,290.77253419194443,178.33388413499998,6115.080000000001,4737.636,0,0,0.1,passed on 387% of everything it received
ACC_3e561007,22,15,7,2,92266.11,72268.44,0.7832609394717085,693.6924213350001,683.3663173586111,4193.914090909091,4817.896,0,0,0.0,received money from 7 different senders; passed on 78% of everything it received
ACC_3e5aa317,15,5,5,4,457379.94,53460.36,0.1168839193078734,573.1237322230555,591.9309846163889,30491.996,10692.072,0,0,0.0,received money from 5 different senders
ACC_3e6d0833,4,11,2,6,1958.82,8564.59,4.372321091269233,673.7639319836112,345.5865112275,489.705,778.5990909090909,0,0,0.0,passed on 437% of everything it received
ACC_3e75aa1a,5,8,2,2,4221.84,9786.53,2.3180722149584065,174.45982361111112,229.03184403666668,844.368,1223.31625,0,0,0.0,received money from 2 different senders; passed on 232% of everything it received
ACC_3f1f787d,4,6,2,3,17323.940000000002,65910.89,3.804613153820666,647.5656835672222,236.3380515602778,4330.985000000001,10985.148333333333,0,0,0.0,passed on 380% of everything it received
ACC_3f561dad,5,5,3,3,5752.21,1176.56,0.2045405157322142,690.4038089808332,568.6123214727778,1150.442,235.312,0,0,0.0,received money from 3 different senders
ACC_3f83e0c1,9,15,2,3,208097.07000000004,323709.52,1.5555698117229613,501.7558777161111,501.5547328491666,23121.89666666667,21580.634666666665,0,0,0.0,received money from 2 different senders; passed on 156% of everything it received
ACC_3fdc3a34,5,6,2,4,4484.549999999999,6199.289999999999,1.3823661236913405,430.3228966663889,324.7406662866667,896.9099999999999,1033.215,0,0,0.0,received money from 2 different senders; passed on 138% of everything it received
ACC_402650f9,38,5,11,2,267879.86,36868.27,0.1376298688524027,535.3866564130556,717.0852476061111,7049.469999999999,7373.653999999999,0,0,0.0,received money from 11 different senders
ACC_4045ee6d,6,3,2,2,2794.01,27390.0,9.80311451999098,675.4409072005556,598.6226722052777,465.66833333333335,9130.0,0,0,0.0,received money from 2 different senders; passed on 980% of everything it received
ACC_4054a051,3,9,1,5,5787.81,4522.59,0.7813991820740487,251.8329976211112,49.94855651388889,1929.27,502.51,0,0,0.5,passed on 78% of everything it received
ACC_405cdb16,8,15,3,3,7970.54,66032.04,8.284512718084345,467.4607574544445,467.9425500505556,996.3175,4402.136,0,0,0.0,received money from 3 different senders; passed on 828% of everything it received
ACC_406a0f7a,24,14,6,4,85790.93000000001,135495.74,1.5793713857630405,654.9725311872222,714.1267414338889,3574.6220833333336,9678.267142857145,0,0,0.0,received money from 6 different senders; passed on 158% of everything it received
ACC_407c066a,11,12,3,2,32627.49,231388.05,7.091812762796035,697.9402894941667,681.2977408175,2966.135454545454,19282.3375,0,0,0.0,received money from 3 different senders; passed on 709% of everything it received
ACC_40811e53,4,10,2,3,2238.77,9950.69,4.44471294505465,669.3028477830555,685.0302604119445,559.6925,995.0689999999998,0,0,0.0,passed on 444% of everything it received
ACC_40a3a73f,10,4,5,3,18568.0,2608.84,0.1405019388194743,521.1547421433334,638.3420346077777,1856.8,652.21,0,0,0.0,received money from 5 different senders
ACC_40c46e07,7,4,3,1,214405.23,2376.7499999999995,0.0110853172751429,597.74754648,548.0656164138888,30629.31857142857,594.1874999999999,0,0,0.0,received money from 3 different senders
ACC_40d91d7e,8,9,2,5,27080.5,8492.45,0.3136001920200882,457.06235357416665,651.3139981594445,3385.0625,943.6055555555556,0,0,0.0,received money from 2 different senders
ACC_41454148,11,9,2,3,12639.25,47412.08,3.751178274027335,563.7502070972223,573.2852196002777,1149.0227272727273,5268.008888888889,0,0,0.0,received money from 2 different senders; passed on 375% of everything it received
ACC_425d5d7b,10,4,3,2,11077.240000000002,7846.61,0.7083542470868194,466.0771018713888,613.663913575,1107.7240000000002,1961.6525,0,0,0.0,received money from 3 different senders; passed on 71% of everything it received
ACC_426a5bc1,6,9,3,3,13807.41,156414.03,11.328267213039954,697.7127492633334,561.322149031111,2301.235,17379.336666666666,0,0,0.0,received money from 3 different senders; passed on 1133% of everything it received
ACC_426f5372,7,10,4,3,9122.43,27469.390000000003,3.0111921933081427,621.4107720241667,504.9509375,1303.2042857142858,2746.9390000000003,0,0,0.0,received money from 4 different senders; passed on 301% of everything it received
ACC_427d9925,15,7,5,4,54654.79,10977.46,0.2008508311897273,519.4529392302777,550.2328159761112,3643.652666666667,1568.2085714285713,0,0,0.0,received money from 5 different senders
ACC_429c78f6,16,7,6,2,530460.1799999999,18912.02,0.0356521011624284,642.9332749247222,672.2416285661111,33153.76125,2701.717142857143,0,0,0.0,received money from 6 different senders
ACC_4321e19a,10,8,4,4,22753.6,5465.990000000001,0.2402252830321356,603.4772829727779,626.217451226111,2275.36,683.2487500000001,0,0,0.0,received money from 4 different senders
ACC_4330d23e,10,14,5,5,6740.24,118402.71,17.566542140932665,644.900570276111,644.2359323822221,674.024,8457.336428571429,0,0,0.0,received money from 5 different senders; passed on 1757% of everything it received
ACC_43a9b849,10,10,5,2,101957.25,55940.53,0.5486665244501985,479.7766624244444,633.5227514222222,10195.725,5594.053,0,0,0.0,received money from 5 different senders
ACC_43b8fc5b,12,13,5,2,81167.33,101826.7,1.2545281457453388,670.6290776686112,642.2225866483333,6763.944166666667,7832.823076923078,0,0,0.0,received money from 5 different senders; passed on 125% of everything it received
ACC_43d1bfe3,24,9,6,4,77315.51999999999,60919.64000000001,0.7879354623754715,683.0873313208333,701.0608883347222,3221.48,6768.84888888889,0,0,0.0,received money from 6 different senders; passed on 79% of everything it received
ACC_44082f35,13,10,4,5,93784.94,72437.47,0.7723784863539924,682.7199397941667,705.2604525727777,7214.226153846154,7243.747,0,0,0.0,received money from 4 different senders; passed on 77% of everything it received
ACC_44632630,0,8,0,4,0.0,162862.13,0.0,999999.0,999999.0,0.0,20357.76625,0,0,0.3,flagged by the model based on a combination of subtler behavioral signals
ACC_44a32308,10,6,5,3,233560.08,92503.32,0.3960579222271203,605.1920026561111,600.1604071102778,23356.008,15417.22,0,0,0.0,received money from 5 different senders
ACC_44ee5660,9,12,2,3,8304.060000000001,64601.92,7.779558432862959,562.3944638911111,646.4037936994445,922.6733333333336,5383.493333333333,0,0,0.0,received money from 2 different senders; passed on 778% of everything it received
ACC_44f3fd4f,2,3,2,3,941.99,4148.34,4.403804711302668,448.7055860091667,285.98869324,470.995,1382.78,0,0,4.9,passed on 440% of everything it received
ACC_4504e310,11,14,4,2,5467.300000000001,10671.149999999998,1.9518135094104945,643.3875791124999,479.63608818527774,497.0272727272728,762.2249999999998,0,0,0.0,received money from 4 different senders; passed on 195% of everything it received
ACC_4511988e,11,3,4,1,9871.36,1732.13,0.1754702492868257,152.00158408333334,665.6293183294445,897.3963636363637,577.3766666666667,0,0,0.0,received money from 4 different senders
ACC_4516b78b,10,14,3,2,39218.16,63831.06,1.6275893616630663,648.6177942344444,596.7734082294444,3921.816,4559.361428571428,0,0,0.0,received money from 3 different senders; passed on 163% of everything it received
ACC_4571b26e,13,10,5,3,396607.73999999993,64959.54,0.1637878776647173,581.79499464,597.7598945630555,30508.287692307687,6495.954,0,0,0.0,received money from 5 different senders
ACC_4586127e,13,4,6,3,31123.76,35669.71,1.146060437427869,533.3564949047222,582.9936761847223,2394.1353846153843,8917.4275,0,0,0.0,received money from 6 different senders; passed on 115% of everything it received
ACC_45e447d2,2,4,1,3,1433.62,12966.94,9.044893346912014,85.64601346444444,106.94458090472224,716.81,3241.735,0,0,0.0,forwarded funds onward within 85.6 hours of receiving them; passed on 904% of everything it received
ACC_4687ab13,8,10,2,3,6325.4,71886.3,11.364704208429508,643.6236776275,579.7358773233334,790.675,7188.63,0,0,0.0,received money from 2 different senders; passed on 1136% of everything it received
ACC_468a8eff,7,13,3,3,40257.8,102864.62,2.5551475738863028,469.97372353527777,518.5555093069445,5751.114285714285,7912.663076923077,0,0,0.0,received money from 3 different senders; passed on 256% of everything it received
ACC_46999592,4,5,3,3,5733.95,56347.45,9.826986632251764,577.7057325702777,693.9579849697222,1433.4875,11269.490000000002,0,0,0.0,passed on 983% of everything it received
ACC_478ed480,13,5,5,4,8631.06,4839.860000000001,0.5607492011409956,539.0733274530555,707.909662221389,663.9276923076923,967.972,0,0,0.0,received money from 5 different senders
ACC_47a55024,15,11,4,4,35619.490000000005,275445.66,7.733004037957869,701.4492954872222,657.2270621463889,2374.632666666667,25040.51454545454,0,0,0.0,received money from 4 different senders; passed on 773% of everything it received
ACC_47ac548d,4,12,3,4,22026.59,73547.8,3.3390461256145416,689.2311729733333,355.101726885,5506.6475,6128.983333333334,0,0,0.0,passed on 334% of everything it received
ACC_47c30b68,19,9,6,3,29623.75,6935.35,0.2341145195999831,673.8654733861111,657.5454286475,1559.1447368421052,770.5944444444444,0,0,0.0,received money from 6 different senders
ACC_482d28b8,12,13,3,6,66952.49,28197.360000000004,0.4211547621305795,609.3007914527777,584.2959173963889,5579.374166666667,2169.0276923076926,0,0,0.0,received money from 3 different senders
ACC_484c38a7,14,7,3,2,9297.580000000002,9476.99,1.0192964190681877,677.1168769019445,683.3723902619444,664.1128571428573,1353.8557142857142,0,0,0.0,received money from 3 different senders; passed on 102% of everything it received
ACC_48516bcc,2,10,2,4,433.14,59903.8,138.30124209262593,594.6092141052778,123.72918658861111,216.57,5990.379999999999,0,0,0.0,passed on 13830% of everything it received
ACC_487a52e0,9,8,3,5,5324.71,6936.32,1.302666248490528,449.10267345222223,433.164882015,591.6344444444444,867.04,0,0,0.0,received money from 3 different senders; passed on 130% of everything it received
ACC_487f98e8,5,10,3,3,5514.45,59538.75,10.79686097434921,615.1390849427778,462.3064402686112,1102.89,5953.875,0,0,0.0,received money from 3 different senders; passed on 1080% of everything it received
ACC_489e600c,19,9,6,4,44219.37000000001,111479.75,2.521061471477318,558.2241761905556,669.0974419352779,2327.335263157895,12386.638888888889,0,0,0.0,received money from 6 different senders; passed on 252% of everything it received
ACC_48e1b799,8,6,3,2,7357.830000000001,36560.06,4.9688644613969055,571.9496991233334,499.9382111013889,919.72875,6093.343333333333,0,0,0.0,received money from 3 different senders; passed on 497% of everything it received
ACC_495540fe,15,4,7,2,150772.68,3156.67,0.0209366179602299,270.6397213808333,582.3270509858334,10051.512,789.1675,0,0,0.0,received money from 7 different senders
ACC_49621057,4,4,3,3,32611.45,3434.21,0.1053068784123367,515.4644998,588.2420642425,8152.8625,858.5525,0,0,0.1,flagged by the model based on a combination of subtler behavioral signals
ACC_497c7a50,13,4,5,2,9947.14,4981.1900000000005,0.5007660493367943,528.6538128022222,671.7410549908333,765.1646153846154,1245.2975,0,0,0.0,received money from 5 different senders
ACC_49e59546,10,7,2,4,312360.35,39569.58,0.1266792664305825,683.5965153402778,692.3609586294444,31236.035,5652.797142857142,0,0,0.0,received money from 2 different senders
ACC_4a210175,3,8,3,2,5015.54,84130.70999999999,16.774008381948903,650.760549955,56.36804431305556,1671.8466666666666,10516.33875,0,0,0.0,passed on 1677% of everything it received
ACC_4a3f9112,8,11,4,4,19329.4,34687.079999999994,1.7945244032406589,507.6819642411111,513.2263651988889,2416.175,3153.3709090909088,0,0,0.0,received money from 4 different senders; passed on 179% of everything it received
ACC_4a4bb520,15,7,6,2,49074.1,5927.379999999999,0.1207842833592465,596.7841920422222,616.3567610930555,3271.6066666666666,846.7685714285714,0,0,0.0,received money from 6 different senders
ACC_4a7d7bcd,9,13,3,4,297191.34,55814.5,0.1878066164377468,697.2880717227778,676.1373547327777,33021.259999999995,4293.423076923077,0,0,0.0,received money from 3 different senders
ACC_4aba62be,18,12,6,5,69844.02999999998,20006.94,0.2864516838447037,707.0504864283333,662.6416651741666,3880.223888888888,1667.245,0,0,0.0,received money from 6 different senders
ACC_4ad8dfe5,24,9,9,2,74873.47,10015.430000000002,0.1337647366951204,672.2791372005556,685.2422361316667,3119.7279166666667,1112.825555555556,0,0,0.0,received money from 9 different senders
ACC_4ae5f49b,9,4,3,2,53119.71,1123.0,0.0211409286684735,612.0841985891666,690.948144575,5902.19,280.75,0,0,0.0,received money from 3 different senders
ACC_4b00884b,7,14,3,4,10663.24,94863.12,8.896275428481399,628.0193271980555,669.0522745672223,1523.32,6775.937142857142,0,0,0.0,received money from 3 different senders; passed on 890% of everything it received
ACC_4b30f71e,0,13,0,2,0.0,67311.98,0.0,999999.0,999999.0,0.0,5177.844615384615,0,0,0.3,flagged by the model based on a combination of subtler behavioral signals
ACC_4b4c48a0,1,6,1,3,402.53,2942.5399999999995,7.310113531910664,32.402410483888886,999999.0,402.53,490.4233333333332,0,0,0.1,forwarded funds onward within 32.4 hours of receiving them; passed on 731% of everything it received
ACC_4b516246,7,10,2,4,36833.0,6175.17,0.1676531914315966,420.8066171275,353.0389185227777,5261.857142857143,617.517,0,0,0.0,received money from 2 different senders
ACC_4b9b3f88,6,6,2,3,2584.63,110505.12,42.75471537512139,168.17673231694442,167.5424150463889,430.7716666666667,18417.52,0,0,0.0,received money from 2 different senders; passed on 4275% of everything it received
ACC_4bbcbd5f,14,13,5,2,425781.53,30676.700000000004,0.0720479819779876,609.3477324394445,695.6650865816666,30412.96642857143,2359.7461538461544,0,0,0.0,received money from 5 different senders
ACC_4bdff499,15,11,4,6,51156.87,80618.17,1.5759011448511215,511.80861653,553.4874954252778,3410.458,7328.924545454545,0,0,0.0,received money from 4 different senders; passed on 158% of everything it received
ACC_4c268f17,10,14,5,2,59180.89,57756.09,0.975924660815341,490.98127745,496.5263154233333,5918.089,4125.435,0,0,0.0,received money from 5 different senders; passed on 98% of everything it received
ACC_4c5999a8,7,5,4,2,8483.64,4701.379999999999,0.5541701439476451,550.1742471463889,671.2628700230555,1211.9485714285713,940.2759999999998,0,0,0.0,received money from 4 different senders
ACC_4cae1364,12,3,5,1,78676.13,1997.88,0.025393724881994,282.2853159977778,677.3208238188889,6556.344166666667,665.96,0,0,0.0,received money from 5 different senders
ACC_4d0ba4da,8,9,2,2,15717.14,301548.72,19.18597912851829,625.6066323930555,606.4015245169444,1964.6425,33505.41333333333,0,0,0.0,received money from 2 different senders; passed on 1919% of everything it received
ACC_4de542e6,9,5,5,2,62319.84,12384.38,0.1987229107135063,422.25269652,432.9925465097222,6924.426666666667,2476.876,0,0,0.0,received money from 5 different senders
ACC_4df0fe98,4,12,3,5,7707.07,100163.06,12.996256683798125,597.3442234536111,539.1414358683334,1926.7675,8346.921666666667,0,0,0.0,passed on 1300% of everything it received
ACC_4df805f8,13,8,5,5,470285.00000000006,54744.420000000006,0.1164069021976035,628.8909209083333,669.7059157983334,36175.769230769234,6843.052500000001,0,0,0.0,received money from 5 different senders
ACC_4e17450f,0,9,0,4,0.0,74937.41,0.0,999999.0,999999.0,0.0,8326.378888888888,0,0,0.3,flagged by the model based on a combination of subtler behavioral signals
ACC_4e62129a,15,5,4,3,11515.37,16131.85,1.400897235607714,600.1540322369444,677.1834044827779,767.6913333333333,3226.37,0,0,0.0,received money from 4 different senders; passed on 140% of everything it received
ACC_4ed6f5e6,6,7,3,3,2303.88,101005.01,43.8412634338594,549.7734390577778,493.9267933886111,383.98,14429.287142857142,0,0,0.2,received money from 3 different senders; passed on 4384% of everything it received
ACC_4ed8df27,1,6,1,5,197.85,47440.98,239.7825625473844,337.3071823677778,999999.0,197.85,7906.830000000001,0,0,0.0,passed on 23978% of everything it received
ACC_4ef1e0d6,1,8,1,4,33.89,33279.44,981.9840660961936,7.600343445555556,999999.0,33.89,4159.93,0,0,0.0,forwarded funds onward within 7.6 hours of receiving them; passed on 98198% of everything it received
ACC_4ef739b4,13,10,6,6,404216.72,67580.27,0.1671882103244022,704.2127111697223,586.4562154983333,31093.593846153843,6758.027,0,0,0.0,received money from 6 different senders
ACC_4f490d6c,1,8,1,4,1213.21,10591.77,8.730368196767254,73.76239965611111,999999.0,1213.21,1323.97125,0,0,0.1,forwarded funds onward within 73.8 hours of receiving them; passed on 873% of everything it received
ACC_4f76e69a,0,6,0,3,0.0,7407.61,0.0,999999.0,999999.0,0.0,1234.6016666666667,0,0,0.2,flagged by the model based on a combination of subtler behavioral signals
ACC_4fdb779b,21,8,5,5,62828.87,148203.63,2.3588460209454665,698.9769939791668,713.2633642366667,2991.8509523809525,18525.45375,0,0,0.0,received money from 5 different senders; passed on 236% of everything it received
ACC_4ff6b735,16,8,4,3,47971.1,12052.54,0.2512458542747613,703.0064321972222,658.8438630005555,2998.19375,1506.5675,0,0,0.0,received money from 4 different senders
ACC_4ff78feb,3,12,2,3,4803.42,172477.41,35.90720986297264,236.23122961722223,73.47332300722222,1601.14,14373.1175,0,0,0.0,passed on 3591% of everything it received
ACC_5010b702,8,12,5,2,61809.34,66500.98999999999,1.075905194910672,677.6883524013889,464.9579561111111,7726.1675,5541.749166666666,0,0,0.0,received money from 5 different senders; passed on 108% of everything it received
ACC_501c79ed,18,3,7,1,56836.2,2913.31,0.0512580010627029,577.0959667525,635.5497742480555,3157.566666666667,971.1033333333334,0,0,0.0,received money from 7 different senders
ACC_5031f7b2,4,6,1,2,21368.9,129992.14,6.083239661377048,671.0755598075,448.2193933033333,5342.225,21665.35666666667,0,0,0.0,passed on 608% of everything it received
ACC_50591cde,12,8,4,5,41923.82999999999,108020.31,2.576584963730652,572.0260653827778,586.68734364,3493.652499999999,13502.53875,0,0,0.0,received money from 4 different senders; passed on 258% of everything it received
ACC_50c27848,6,5,2,3,12878.82,1719.96,0.1335495022059474,623.0548756652778,644.6229220969444,2146.47,343.992,0,0,0.0,received money from 2 different senders
ACC_50d27280,1,10,1,4,86.63,176842.75000000003,2041.3569202354847,186.2662100625,999999.0,86.63,17684.275,0,0,0.0,passed on 204136% of everything it received
ACC_50dae879,5,8,3,5,70952.59999999999,13471.85,0.1898711252300832,305.95210281,341.2101669294445,14190.52,1683.98125,0,0,0.0,received money from 3 different senders
ACC_50f0450b,15,13,4,4,70430.78,18783.67,0.2666968901948835,669.6087574727777,690.0296976027778,4695.385333333334,1444.897692307692,0,0,0.0,received money from 4 different senders
ACC_516318ca,6,10,2,3,3889.27,28558.26,7.342832973797138,680.2650534152777,531.5126164383333,648.2116666666667,2855.826,0,0,0.0,received money from 2 different senders; passed on 734% of everything it received
ACC_5169e442,6,14,2,6,2134.74,117823.41,55.193330335310165,598.5799770197222,482.4790884238889,355.79,8415.957857142857,0,0,0.0,received money from 2 different senders; passed on 5519% of everything it received
ACC_51e7932f,9,15,6,4,15533.39,96125.66,6.188324634867213,642.0305291863889,643.9468330447222,1725.9322222222222,6408.377333333334,0,0,0.0,received money from 6 different senders; passed on 619% of everything it received
ACC_51f3a293,7,10,4,5,235123.16,11252.89,0.0478595558174703,524.2120383836111,514.8006203202777,33589.02285714285,1125.289,0,0,0.0,received money from 4 different senders
ACC_5236fb59,21,3,7,2,22289.18,5977.39,0.2681745133737535,290.8301027886111,650.6728532883334,1061.3895238095238,1992.463333333333,0,0,0.0,received money from 7 different senders
ACC_526e4de7,15,8,3,3,525314.1499999999,13356.32,0.0254253954514646,534.7930380738889,607.5916830075,35020.94333333333,1669.54,0,0,0.0,received money from 3 different senders
ACC_527ca360,21,15,4,3,27820.88,40606.16,1.4595569946026152,703.8845362911111,640.540008105,1324.8038095238094,2707.0773333333336,0,0,0.0,received money from 4 different senders; passed on 146% of everything it received
ACC_52de5d9b,5,15,2,5,2519.76,137252.37999999998,54.47041781756992,673.0257273125001,547.8979225255555,503.952,9150.158666666664,0,0,0.0,received money from 2 different senders; passed on 5447% of everything it received
ACC_52e8b2cf,3,6,2,2,29310.66,192163.5,6.556095973273887,458.31252496194446,289.7407557480556,9770.22,32027.25,0,0,0.0,passed on 656% of everything it received
ACC_52fa5807,11,4,3,3,8256.279999999999,47810.14,5.790760487774156,556.8001996302778,466.7053469197223,750.570909090909,11952.535,0,0,0.0,received money from 3 different senders; passed on 579% of everything it received
ACC_52fc6560,11,13,4,6,292302.96,66465.81999999999,0.2273867496928528,689.3887327552778,671.6936671652778,26572.996363636365,5112.755384615384,0,0,0.0,received money from 4 different senders
ACC_5330188e,1,14,1,6,54451.59,55008.4,1.0102257803674786,655.3981984033334,999999.0,54451.59,3929.171428571429,0,0,0.0,passed on 101% of everything it received
ACC_534e976d,14,10,5,2,63330.380000000005,11638.45,0.1837735696517216,685.656868761389,675.8302840772222,4523.598571428572,1163.8449999999998,0,0,0.0,received money from 5 different senders
ACC_538c7234,7,13,2,3,3625.27,73573.78,20.294703566906737,576.6074258469445,575.9397188730555,517.8957142857143,5659.5215384615385,0,0,0.0,received money from 2 different senders; passed on 2029% of everything it received
ACC_53a9abb6,9,8,2,4,7467.599999999999,34562.18,4.628284857249987,565.3241295811112,617.432102518889,829.7333333333332,4320.2725,0,0,0.0,received money from 2 different senders; passed on 463% of everything it received
ACC_542e7128,3,14,1,3,4691.26,259591.24,55.33507842242809,607.9885803777778,458.7490873808334,1563.753333333333,18542.23142857143,0,0,0.0,passed on 5534% of everything it received
ACC_545a1ea1,2,6,1,2,2060.18,6983.119999999999,3.38956790183382,690.2028608783334,473.9707421286111,1030.09,1163.8533333333332,0,0,0.0,passed on 339% of everything it received
ACC_54982318,8,13,3,2,8468.41,64801.130000000005,7.652101161847384,591.4108541305555,563.1394781811111,1058.55125,4984.702307692308,0,0,0.0,received money from 3 different senders; passed on 765% of everything it received
ACC_54c00886,7,10,3,4,4617.74,6795.56,1.4716203164318475,659.0201745127778,707.1282193205556,659.6771428571428,679.5559999999999,0,0,0.0,received money from 3 different senders; passed on 147% of everything it received
ACC_54f34ff0,9,12,4,2,7685.09,22037.13,2.867517491662427,557.0293427794444,640.0763751191666,853.8988888888889,1836.4275,0,0,0.0,received money from 4 different senders; passed on 287% of everything it received
ACC_5511145f,8,15,3,4,10570.58,61680.09,5.835071490873727,479.9305848155556,583.2039081566667,1321.3225,4112.005999999999,0,0,0.0,received money from 3 different senders; passed on 584% of everything it received
ACC_551399a5,21,11,6,5,25386.59,243983.41,9.610720069138862,611.8872746413889,685.7612792405556,1208.885238095238,22180.31,0,0,0.0,received money from 6 different senders; passed on 961% of everything it received
ACC_560d15e0,2,10,1,2,2879.24,115581.36,40.14300996096192,390.01283981,67.51566511222222,1439.62,11558.136,0,0,0.0,passed on 4014% of everything it received
ACC_5630047c,5,10,2,5,49185.58,10482.62,0.2131238464606903,610.3934219655555,367.5020920230556,9837.115999999998,1048.262,0,0,0.0,received money from 2 different senders
ACC_56808bc0,13,10,5,2,19434.860000000004,79202.11,4.075260125362363,683.8064658030556,681.4500872619445,1494.9892307692312,7920.211,0,0,0.0,received money from 5 different senders; passed on 408% of everything it received
ACC_56ca4fbe,10,9,2,3,19213.69,58426.01,3.0408531625106887,681.4763098991666,564.0049378211112,1921.369,6491.778888888888,0,0,0.0,received money from 2 different senders; passed on 304% of everything it received
ACC_57b27b1f,17,10,6,5,89826.02,25270.710000000003,0.2813295078642024,666.4308575358334,650.4684672416666,5283.883529411765,2527.0710000000004,0,0,0.0,received money from 6 different senders
ACC_590d48ec,10,11,3,2,130304.63,30458.7,0.2337499442652191,703.5267607530556,591.2761932269445,13030.463,2768.972727272728,0,0,0.0,received money from 3 different senders
ACC_59761853,8,14,3,4,34669.32,108411.57,3.1270174898152026,671.1207757383332,642.9610094366666,4333.665,7743.683571428571,0,0,0.0,received money from 3 different senders; passed on 313% of everything it received
ACC_59852119,1,12,1,5,5652.88,42780.42999999999,7.567899902350659,268.30773914,999999.0,5652.88,3565.035833333333,0,0,0.0,passed on 757% of everything it received
ACC_598ba357,5,7,2,3,53614.54,5873.24,0.1095456568311506,392.7744493594444,339.11658541388886,10722.908,839.0342857142857,0,0,0.0,received money from 2 different senders
ACC_59c62f62,10,12,4,3,46527.47,19656.18,0.4224639766572305,617.631692895,571.8166200091666,4652.747,1638.0149999999996,0,0,0.0,received money from 4 different senders
ACC_5a4863d6,6,11,4,3,6208.38,10143.44,1.6338304034224709,384.9687609563889,499.3480394161111,1034.73,922.130909090909,0,0,0.0,received money from 4 different senders; passed on 163% of everything it received
ACC_5aa2826d,4,3,2,2,2370.11,7291.33,3.0763677635215245,626.247648353889,662.5414706547222,592.5274999999999,2430.443333333333,0,0,0.0,passed on 308% of everything it received
ACC_5aa73bc3,12,6,2,2,10249.22,59690.03,5.823860742573581,696.6398476886112,654.2312846408333,854.1016666666666,9948.338333333331,0,0,0.0,received money from 2 different senders; passed on 582% of everything it received
ACC_5aec0b1d,11,4,3,3,9671.74,73281.34999999999,7.57685276899503,526.6166411811112,576.2036881952778,879.2490909090909,18320.3375,0,0,0.0,received money from 3 different senders; passed on 758% of everything it received
ACC_5b4d5ae2,24,9,7,3,832459.99,11989.570000000002,0.0144025780746531,691.6164074341667,692.8262782080556,34685.832916666666,1332.1744444444446,0,0,0.0,received money from 7 different senders
ACC_5b9d80dc,6,4,5,3,11013.129999999996,4646.389999999999,0.4218955010973266,444.3680463880555,500.28739344166667,1835.5216666666663,1161.5975,0,0,0.0,received money from 5 different senders
ACC_5bb1553c,7,14,4,3,11342.1,63291.87,5.580260269262307,605.7212038069445,662.8448689877778,1620.2999999999995,4520.847857142857,0,0,0.0,received money from 4 different senders; passed on 558% of everything it received
ACC_5bbd0ea9,5,3,2,2,9298.51,9580.22,1.0302962517650678,483.4075317797222,339.38682175916665,1859.702,3193.406666666667,0,0,0.4,received money from 2 different senders; passed on 103% of everything it received
ACC_5c1ea76b,7,5,2,2,256047.15,3540.8300000000004,0.0138288201997171,616.7612740277779,592.0351213597222,36578.16428571429,708.166,0,0,0.0,received money from 2 different senders
ACC_5c296e1c,9,6,4,2,8204.14,184395.76,22.475940196047365,345.16485105833334,674.3191049191666,911.571111111111,30732.626666666667,0,0,0.0,received money from 4 different senders; passed on 2248% of everything it received
ACC_5c5a07b4,9,3,4,3,39084.46,31172.94,0.7975788842931436,478.15012224916666,537.4470237719444,4342.717777777778,10390.98,0,0,0.0,received money from 4 different senders; passed on 80% of everything it received
ACC_5c75c010,15,7,4,4,465250.85,13866.99,0.0298054049766916,587.4874787272222,707.5094273758333,31016.72333333333,1980.9985714285715,0,0,0.0,received money from 4 different senders
ACC_5c8a4e7a,12,5,5,3,9292.2,23542.71,2.533599147672241,278.61120945694444,573.0359031566667,774.35,4708.542,0,0,0.2,received money from 5 different senders; passed on 253% of everything it received
ACC_5d33793c,6,5,2,3,56380.850000000006,67062.79000000001,1.189460428496555,571.0015061866667,450.4686107069445,9396.808333333334,13412.558,0,0,0.0,received money from 2 different senders; passed on 119% of everything it received
ACC_5e204ef7,10,7,4,3,40270.23000000001,55164.98,1.3698700007424836,377.72503506416666,410.441128565,4027.023000000001,7880.711428571428,0,0,0.0,received money from 4 different senders; passed on 137% of everything it received
ACC_5e4ff6b3,12,10,5,2,63697.27,122657.81,1.925636844404792,471.4520268725,657.860206225,5308.105833333334,12265.781,0,0,0.0,received money from 5 different senders; passed on 193% of everything it received
ACC_5ee9cb8d,7,4,3,2,26654.68,17367.489999999998,0.651573757403953,452.9641805802778,522.3246507119444,3807.8114285714287,4341.8725,0,0,1.7,received money from 3 different senders
ACC_5f28ef27,14,9,7,5,40112.46,62699.67,1.5630971024963316,654.5894782344444,593.1752131694444,2865.175714285714,6966.63,0,0,0.0,received money from 7 different senders; passed on 156% of everything it received
ACC_5fab5cc8,15,13,5,6,100993.41,15703.419999999998,0.1554895512489379,658.5174036163888,641.4302160033333,6732.894,1207.9553846153844,0,0,0.0,received money from 5 different senders
ACC_5fb6e917,2,10,1,2,569.74,106904.35,187.6370800716116,493.271946375,181.4942485869444,284.87,10690.435,0,0,0.0,passed on 18764% of everything it received
ACC_5feb4751,9,11,3,3,61390.5,140445.48,2.287739633982457,566.0191201052778,648.1196147755555,6821.166666666667,12767.77090909091,0,0,0.0,received money from 3 different senders; passed on 229% of everything it received
ACC_5feb9fdb,16,14,5,4,87804.95999999999,39237.78,0.446874299583987,588.8001384263889,646.4063999572222,5487.81,2802.6985714285715,0,0,0.0,received money from 5 different senders
ACC_5ffc7abd,9,3,5,3,12012.919999999998,50968.22,4.242783602987451,408.2756313105556,468.025645655,1334.7688888888888,16989.406666666666,0,0,0.0,received money from 5 different senders; passed on 424% of everything it received
ACC_6008c5ff,8,9,2,2,4599.73,7939.18,1.7260100049350724,301.6300146936111,579.0864853386112,574.96625,882.1311111111112,0,0,0.0,received money from 2 different senders; passed on 173% of everything it received
ACC_60438de3,7,6,4,4,64090.56999999999,29675.28,0.463021002933817,340.21982335444443,441.6036130888889,9155.795714285714,4945.88,0,0,0.0,received money from 4 different senders
ACC_606a4909,15,4,5,2,496099.84,5330.280000000001,0.0107443695204578,585.6441729347223,673.6836655916667,33073.32266666667,1332.5700000000002,0,0,0.0,received money from 5 different senders
ACC_60bc046e,0,4,0,3,0.0,117027.06,0.0,999999.0,999999.0,0.0,29256.765,0,0,0.2,flagged by the model based on a combination of subtler behavioral signals
ACC_612829c7,7,15,3,2,14438.34,216543.69,14.997824542156508,660.0924690308334,645.087824068889,2062.62,14436.246,0,0,0.0,received money from 3 different senders; passed on 1500% of everything it received
ACC_614f5860,10,14,4,2,12377.98,89140.97,7.201576509252722,629.6239708394445,675.6315044025,1237.798,6367.212142857143,0,0,0.0,received money from 4 different senders; passed on 720% of everything it received
ACC_6162a7f1,1,4,1,3,3840.95,29770.4,7.750790819979433,252.8892716236111,999999.0,3840.95,7442.6,0,0,0.0,passed on 775% of everything it received
ACC_616e2f76,5,14,2,5,5385.67,177435.48,32.94585074837486,340.03347097694444,335.2636283333333,1077.134,12673.962857142858,0,0,0.0,received money from 2 different senders; passed on 3295% of everything it received
ACC_61a25cfe,8,11,4,6,94489.63,31864.92,0.3372319269320876,670.4132256216667,640.5537508011112,11811.20375,2896.810909090909,0,0,0.0,received money from 4 different senders
ACC_61a3fa81,10,7,3,4,6369.889999999999,8442.08,1.325310170191322,632.2393984933333,620.3487242719444,636.9889999999999,1206.0114285714285,0,0,0.0,received money from 3 different senders; passed on 133% of everything it received
ACC_61d30b7a,7,14,3,4,40987.86,54997.97,1.3418112094654366,571.8693423219444,424.4550428872223,5855.408571428571,3928.426428571428,0,0,0.0,received money from 3 different senders; passed on 134% of everything it received
ACC_61fcca65,3,11,2,5,2693.49,49204.75,18.26802772610999,588.0004968200001,190.71459366944444,897.8299999999999,4473.159090909091,0,0,0.0,passed on 1827% of everything it received
ACC_62195ae2,14,4,5,3,123649.2,3772.88,0.0305127732326614,647.2502261911111,656.9597853091667,8832.085714285715,943.22,0,0,0.0,received money from 5 different senders
ACC_622203cf,11,11,4,5,55048.73000000001,58815.92999999999,1.0684339130076204,540.0463479319444,536.7381951644444,5004.430000000001,5346.902727272726,0,0,0.0,received money from 4 different senders; passed on 107% of everything it received
ACC_625bfc34,10,11,4,6,8788.12,52933.33,6.023282567830206,668.1761587113888,589.1975999241666,878.8120000000001,4812.120909090909,0,0,0.0,received money from 4 different senders; passed on 602% of everything it received
ACC_627f9931,19,3,4,2,125304.95,2204.24,0.0175910049842404,701.8676389041667,700.1848531047223,6594.997368421053,734.7466666666666,0,0,0.0,received money from 4 different senders
ACC_62e16f0f,16,14,7,2,23475.89,92059.79,3.921461124583562,695.8865463452777,667.9269970194445,1467.243125,6575.699285714285,0,0,0.0,received money from 7 different senders; passed on 392% of everything it received
ACC_62e4bb01,17,9,5,3,113129.98,159882.23,1.4132613653781254,632.6866342144444,657.8731605908333,6654.704705882353,17764.692222222224,0,0,0.0,received money from 5 different senders; passed on 141% of everything it received
ACC_630b472b,6,6,2,3,12643.11,29833.89,2.3596955179540475,570.1416414752778,624.9128377561111,2107.185,4972.315,0,0,0.0,received money from 2 different senders; passed on 236% of everything it received
ACC_6314a78d,7,4,2,3,9848.010000000002,3309.8500000000004,0.336093281789925,638.5385444308333,684.832168315,1406.8585714285716,827.4625000000001,0,0,0.0,received money from 2 different senders
ACC_631c35ba,7,6,4,3,6787.52,122426.94,18.03706508415445,452.62384681472224,638.019171635,969.6457142857142,20404.49,0,0,0.0,received money from 4 different senders; passed on 1804% of everything it received
ACC_635b6ef9,10,15,4,6,86827.07999999999,197686.61,2.2767851919009603,669.8548876930556,654.3143442405556,8682.707999999999,13179.107333333335,0,0,0.0,received money from 4 different senders; passed on 228% of everything it received
ACC_6389d23e,3,14,1,5,1199.19,156792.55,130.748713715091,521.3871792688889,365.7934207722222,399.73,11199.467857142856,0,0,0.0,passed on 13075% of everything it received
ACC_63b6a630,7,13,2,2,58325.21,119816.29,2.054279615967092,501.3844801888889,513.2361038399999,8332.172857142858,9216.637692307691,0,0,0.0,received money from 2 different senders; passed on 205% of everything it received
ACC_6401b0eb,14,10,5,3,37754.08,73387.13,1.943819846755636,610.9732159377778,603.4713606052777,2696.7200000000003,7338.713000000001,0,0,0.0,received money from 5 different senders; passed on 194% of everything it received
ACC_6472b572,4,10,1,3,22639.73,51693.79000000001,2.283321841735745,579.4226183155555,426.7809550180556,5659.9325,5169.379000000001,0,0,0.0,passed on 228% of everything it received
ACC_64c5d3d1,12,7,4,3,62090.73,64814.34999999999,1.0438651631249949,635.6770737394445,591.1923593283334,5174.2275,9259.192857142856,0,0,0.0,received money from 4 different senders; passed on 104% of everything it received
ACC_64fcc76f,10,12,5,5,220253.25,35480.780000000006,0.1610908352090151,673.3145672711112,685.2753898933333,22025.325,2956.731666666667,0,0,0.0,received money from 5 different senders
ACC_6509a4dc,0,11,0,2,0.0,9590.19,0.0,999999.0,999999.0,0.0,871.8354545454545,0,0,0.3,flagged by the model based on a combination of subtler behavioral signals
ACC_655b02c6,8,10,3,3,64121.4,5514.219999999999,0.0859965627699956,604.2673198652778,570.8423564825,8015.174999999999,551.4219999999999,0,0,0.0,received money from 3 different senders
ACC_65932243,14,15,3,3,80821.91999999998,281144.32,3.4785652209202658,675.4725709808333,551.0960591430555,5772.994285714284,18742.95466666667,0,0,0.0,received money from 3 different senders; passed on 348% of everything it received
ACC_66745aec,6,7,1,3,23840.88,54033.63,2.2664276654217463,606.7917179805555,465.41128128472224,3973.48,7719.089999999999,0,0,0.0,received money from 1 different senders; passed on 227% of everything it received
ACC_667d5681,23,9,7,2,68037.06999999999,39152.81,0.5754629057365346,540.3491475441666,599.3250258455556,2958.133478260869,4350.312222222222,0,0,0.0,received money from 7 different senders
ACC_66eb98c6,8,7,4,5,262121.47,167370.05000000002,0.6385209498481755,428.3144445152778,610.5305760269443,32765.18375,23910.007142857143,0,0,0.0,received money from 4 different senders
ACC_6723754d,6,5,2,4,110545.83000000002,34366.65,0.3108814687989587,604.5541363608334,451.6173640430556,18424.305000000004,6873.33,0,0,0.0,received money from 2 different senders
ACC_6754e77a,10,14,4,5,13870.26,18944.590000000004,1.3658424571709544,671.6078123011112,643.1074202647222,1387.026,1353.1850000000002,0,0,0.0,received money from 4 different senders; passed on 137% of everything it received
ACC_67a222a8,4,4,2,4,2466.89,11664.03,4.728232714065078,601.6178831758333,367.9456678880556,616.7225,2916.0075,0,0,0.0,passed on 473% of everything it received
ACC_67b8c700,3,5,2,2,3289.84,4995.14,1.5183534761568953,446.54417607944447,444.6941636555556,1096.6133333333332,999.028,0,0,0.0,passed on 152% of everything it received
ACC_67dc2544,14,6,4,3,22466.51,170991.97,7.610971619535033,505.7489151911111,698.2832912205555,1604.750714285714,28498.661666666667,0,0,0.0,received money from 4 different senders; passed on 761% of everything it received
ACC_6811f28f,12,3,5,3,51768.72,28112.01,0.5430308108834834,384.1957889497222,569.3237189377778,4314.06,9370.67,0,0,0.0,received money from 5 different senders
ACC_683c0925,8,15,3,4,21493.090000000004,147210.33999999997,6.849193857188517,705.2823294119445,616.5281601388888,2686.6362500000005,9814.022666666664,0,0,0.0,received money from 3 different senders; passed on 685% of everything it received
ACC_683fe9ad,11,5,4,3,57847.75000000001,1662.2,0.028734047564512,506.1694844586111,648.5571703652778,5258.886363636364,332.44,0,0,0.0,received money from 4 different senders
ACC_690badd9,6,5,2,2,19558.01,6558.5,0.3353357524615234,511.685656835,456.3089338411111,3259.668333333333,1311.7,0,0,0.0,received money from 2 different senders
ACC_69f5757e,8,4,4,3,7997.17,4615.06,0.5770866444004568,500.5883108097223,651.3164062638889,999.64625,1153.765,0,0,0.0,received money from 4 different senders
ACC_6a932ed2,6,6,2,3,55861.69,96682.77,1.7307526857851956,403.88524425777774,539.4137235483333,9310.281666666668,16113.795,0,0,0.0,received money from 2 different senders; passed on 173% of everything it received
ACC_6ad1a48d,4,9,2,3,4426.2,88689.91999999998,20.03748587953549,648.8614202869444,664.0175714758334,1106.55,9854.435555555554,0,0,0.5,passed on 2004% of everything it received
ACC_6b012b0d,13,6,4,5,44119.86,48119.24,1.0906480664263214,613.2664338755555,457.5966549011111,3393.835384615385,8019.873333333333,0,0,0.0,received money from 4 different senders; passed on 109% of everything it received
ACC_6b56aa6f,6,8,3,2,9921.25,6919.820000000001,0.6974746125740204,668.4755993211112,618.4948028208333,1653.5416666666667,864.9775000000001,0,0,0.0,received money from 3 different senders
ACC_6b6abde9,13,12,4,2,73976.77,11585.740000000002,0.1566132179061075,714.5668866799999,696.5156678,5690.5207692307695,965.4783333333336,0,0,0.0,received money from 4 different senders
ACC_6baafd69,0,14,0,3,0.0,31925.15,0.0,999999.0,999999.0,0.0,2280.367857142857,0,0,0.4,flagged by the model based on a combination of subtler behavioral signals
ACC_6bd4c473,6,6,2,4,56522.97,23239.65,0.4111540847906612,626.2978396630555,693.4533318888889,9420.495,3873.275,0,0,0.0,received money from 2 different senders
ACC_6c4d46f4,10,8,5,5,6017.38,57943.46000000001,9.629350315253484,677.5404193055556,688.0411849694444,601.738,7242.932500000001,0,0,0.0,received money from 5 different senders; passed on 963% of everything it received
ACC_6c95cd71,3,7,1,4,4476.0,35124.02999999999,7.847191689008041,264.3996425688889,184.0300940236111,1492.0,5017.718571428571,0,0,0.0,passed on 785% of everything it received
ACC_6cfead79,11,12,4,4,23153.230000000003,59107.600000000006,2.552887869208745,661.1540239683333,677.9425224969444,2104.839090909092,4925.633333333334,0,0,0.0,received money from 4 different senders; passed on 255% of everything it received
ACC_6d11d205,3,11,2,2,4285.4,146037.08000000002,34.077817706631826,478.4687519938889,341.14828061805554,1428.4666666666665,13276.098181818184,0,0,0.0,passed on 3408% of everything it received
ACC_6d5be9e5,8,15,6,3,30004.51,103271.00999999998,3.441849575280515,616.7167544725,606.0256330263888,3750.56375,6884.733999999999,0,0,0.0,received money from 6 different senders; passed on 344% of everything it received
ACC_6d7ee12d,4,6,2,3,1832.72,36157.51,19.728878388406308,147.90790047944446,283.79836889333336,458.18,6026.251666666667,0,0,0.0,passed on 1973% of everything it received
ACC_6da1cab5,5,15,2,2,22686.56,19908.15,0.8775305731675496,611.2400288908334,608.8108856783334,4537.312,1327.21,0,0,0.0,received money from 2 different senders; passed on 88% of everything it received
ACC_6da9c01b,3,3,2,3,5923.77,1522.38,0.2569951230382003,485.6662318836111,351.6378518922222,1974.59,507.46,0,0,0.0,flagged by the model based on a combination of subtler behavioral signals
ACC_6e028d74,4,4,3,3,29412.61,10803.63,0.3673128634283051,439.7552948427778,238.2153497058333,7353.1525,2700.9075000000003,0,0,0.0,flagged by the model based on a combination of subtler behavioral signals
ACC_6e7dfa20,5,12,1,6,3173.01,60082.68,18.935547004264087,383.295520235,438.0072803294445,634.6020000000001,5006.89,0,0,0.0,received money from 1 different senders; passed on 1894% of everything it received
ACC_6e963585,9,13,4,4,13726.44,34665.25,2.525436311235834,497.7438994441666,556.4292639111111,1525.16,2666.5576923076924,0,0,0.0,received money from 4 different senders; passed on 253% of everything it received
ACC_6f4e1ef2,4,12,1,4,21437.44,204514.21,9.540048158735372,356.1357947808333,508.9228168833333,5359.36,17042.850833333334,0,0,0.0,passed on 954% of everything it received
ACC_6f6bbb8b,13,10,5,2,8245.52,52780.27,6.401084467686695,587.6745621369444,476.67589630472224,634.2707692307692,5278.027,0,0,0.0,received money from 5 different senders; passed on 640% of everything it received
ACC_6f79e201,17,8,4,5,59373.24,6824.34,0.1149396596850702,654.3768543183332,640.0085174063889,3492.5435294117647,853.0425,0,0,0.0,received money from 4 different senders
ACC_6f7ce53b,16,12,3,4,78252.39,230457.35,2.945051901929129,520.0470209147222,567.3224257955555,4890.774375,19204.779166666664,0,0,0.0,received money from 3 different senders; passed on 295% of everything it received
ACC_6f8e0d05,2,3,1,2,1995.17,1107.82,0.555250930998361,169.20558339444446,431.41462922277776,997.585,369.2733333333333,0,0,0.0,flagged by the model based on a combination of subtler behavioral signals
ACC_6f9c297f,2,12,2,6,14875.51,133322.78999999998,8.962569350563442,329.87291672444445,67.017147025,7437.755,11110.232499999998,0,0,0.0,passed on 896% of everything it received
ACC_7010d141,0,15,0,4,0.0,103129.5,0.0,999999.0,999999.0,0.0,6875.3,0,0,0.3,flagged by the model based on a combination of subtler behavioral signals
ACC_7019511c,7,8,3,2,215839.18,6578.59,0.0304791280248562,664.8954992725,530.0793908097222,30834.16857142857,822.32375,0,0,0.1,received money from 3 different senders
ACC_701f42c3,5,4,3,2,153405.62,125773.24,0.8198737438693576,596.5491475469445,606.8925794952778,30681.124,31443.31,0,0,0.1,received money from 3 different senders; passed on 82% of everything it received
ACC_7033b6e6,16,10,5,2,84108.63,64733.27,0.7696388586997553,613.8354872513888,698.6689579672222,5256.789375,6473.327,0,0,0.0,received money from 5 different senders; passed on 77% of everything it received
ACC_7045da64,10,11,5,2,28305.67000000001,12605.78,0.4453446959566757,597.2427806741666,659.3675734691667,2830.5670000000005,1145.9799999999998,0,0,0.0,received money from 5 different senders
ACC_704d68e3,5,5,2,2,8130.820000000001,2012.82,0.2475543672101952,587.5586461836111,628.2199340655555,1626.1640000000002,402.564,0,0,0.0,received money from 2 different senders
ACC_70716e86,7,9,2,4,52270.91,14860.61,0.2842998141796269,643.4810822388889,590.8677749325,7467.272857142857,1651.1788888888889,0,0,0.0,received money from 2 different senders
ACC_708c1b01,7,8,4,2,210398.72,5540.01,0.0263310061962354,604.5762637613889,598.1486748947223,30056.96,692.50125,0,0,0.0,received money from 4 different senders
ACC_70e61b9c,8,15,5,2,39065.97,27812.27,0.7119308697569775,683.2538058566666,687.2929418094444,4883.24625,1854.1513333333328,0,0,0.0,received money from 5 different senders; passed on 71% of everything it received
ACC_70edf596,0,11,0,5,0.0,105650.05,0.0,999999.0,999999.0,0.0,9604.55,0,0,0.3,flagged by the model based on a combination of subtler behavioral signals
ACC_70f32848,13,4,7,2,16832.27,40025.96,2.377930011816588,603.747388626111,637.2373828805555,1294.79,10006.49,0,0,0.0,received money from 7 different senders; passed on 238% of everything it received
ACC_70f552d2,5,3,2,2,41234.73,1055.17,0.0255893515005433,333.29802198944446,669.9914556094444,8246.946,351.72333333333336,0,0,0.0,received money from 2 different senders
ACC_7152743e,1,6,1,3,274.4,51476.55,187.5967565597668,202.26025462027772,999999.0,274.4,8579.425000000001,0,0,0.0,passed on 18760% of everything it received
ACC_72a39870,10,6,4,2,9190.24,5550.06,0.6039080589843139,569.2247802813889,541.7569399255556,919.024,925.01,0,0,0.0,received money from 4 different senders
ACC_72aa25d6,8,10,3,4,5588.42,206390.78,36.93186625199967,375.9045473055556,516.0656389205556,698.5525,20639.078,0,0,0.0,received money from 3 different senders; passed on 3693% of everything it received
ACC_72dad898,9,13,4,5,217088.4,47485.55,0.2187383112133121,583.4694128638889,552.9294565463889,24120.93333333333,3652.734615384615,0,0,0.0,received money from 4 different senders
ACC_736e7dd9,3,8,1,5,4921.16,35275.27,7.168080290012924,354.0916509813889,308.94667895083336,1640.3866666666663,4409.40875,0,0,0.0,passed on 717% of everything it received
ACC_737a1bb4,13,4,3,2,404084.63,3081.41,0.0076256550515173,516.1221005258334,677.3941360266667,31083.43307692308,770.3525,0,0,0.0,received money from 3 different senders
ACC_73983cbf,8,11,4,4,62766.51,177768.27000000002,2.8322153008029285,599.7096982230555,560.7603256466666,7845.81375,16160.75181818182,0,0,0.0,received money from 4 different senders; passed on 283% of everything it received
ACC_73dbde1b,24,8,6,5,87374.70000000001,42449.91,0.4858375479400786,465.7988730136111,718.2782963805555,3640.6125000000006,5306.23875,0,0,0.0,received money from 6 different senders
ACC_7415560b,7,12,4,5,28382.07,21064.49,0.7421759582722471,461.8218282225,478.9708092336111,4054.5814285714287,1755.3741666666665,0,0,0.0,received money from 4 different senders; passed on 74% of everything it received
ACC_743fc896,17,13,4,4,54331.52999999999,21992.689999999995,0.4047868705335557,693.1174105183334,710.4590675727777,3195.972352941176,1691.7453846153842,0,0,0.0,received money from 4 different senders
ACC_744b724d,10,12,3,4,338872.05000000005,90406.06,0.2667852364926526,635.4811286525,530.2439263444444,33887.205,7533.838333333334,0,0,0.0,received money from 3 different senders
ACC_74f64800,4,9,1,4,37069.82,132049.38,3.562180231789634,316.9193711622222,352.74018589611114,9267.455,14672.153333333334,0,0,0.0,passed on 356% of everything it received
ACC_75235a35,2,8,1,2,96810.24,5840.41,0.0603284321989078,338.2267787402778,73.56132349055557,48405.12,730.05125,0,0,0.0,flagged by the model based on a combination of subtler behavioral signals
ACC_75562abb,8,9,2,3,41098.51,10165.6,0.2473471666004436,688.206579565,565.9452041874999,5137.313749999999,1129.511111111111,0,0,0.0,received money from 2 different senders
ACC_75767fda,3,4,2,3,3950.24,91469.76,23.1554943497104,149.95169472777775,242.0452309155556,1316.746666666667,22867.44,0,0,0.0,passed on 2316% of everything it received
ACC_7577b9aa,3,3,1,2,28064.71,52845.19,1.882976521047251,87.97185204861111,411.7496372616667,9354.903333333334,17615.06333333333,0,0,0.0,forwarded funds onward within 88.0 hours of receiving them; passed on 188% of everything it received
ACC_75ca2137,5,13,3,2,3596.13,15335.139999999998,4.264345282289572,419.2541924538889,270.7820735458333,719.2259999999999,1179.6261538461536,0,0,0.0,received money from 3 different senders; passed on 426% of everything it received
ACC_76280cd9,19,11,4,2,79725.29999999999,81889.99999999999,1.0271519831220453,703.0136549169445,644.8911340047223,4196.068421052631,7444.545454545453,0,0,0.0,received money from 4 different senders; passed on 103% of everything it received
ACC_764941e7,7,13,2,5,209567.94,10522.6,0.0502109244381559,600.1606600427777,633.0740894305555,29938.277142857143,809.4307692307692,0,0,0.0,received money from 2 different senders
ACC_77f8eabe,2,9,2,3,29174.56,114053.99,3.90936452854816,305.99241894861115,156.25876954694442,14587.28,12672.665555555555,0,0,0.3,passed on 391% of everything it received
ACC_780ca1c2,21,15,7,6,103896.92,14530.38,0.1398538089483307,645.242706825,696.1100543675,4947.472380952381,968.692,0,0,0.0,received money from 7 different senders
ACC_789f8f71,6,11,3,6,3741.37,12580.33,3.3624928836228443,649.732695493889,658.9145533377778,623.5616666666666,1143.6663636363637,0,0,0.0,received money from 3 different senders; passed on 336% of everything it received
ACC_78a567a1,13,5,4,4,85317.29,3198.3,0.0374871259975557,445.607377275,642.4561011913888,6562.868461538461,639.6600000000001,0,0,0.0,received money from 4 different senders
ACC_78ad4e2b,15,4,6,3,13275.11,6189.13,0.4662206188875271,560.3430532052778,680.2456822283333,885.0073333333332,1547.2825,0,0,0.5,received money from 6 different senders
ACC_78d54002,16,5,5,4,16648.47,6503.149999999999,0.3906154739744852,563.4729776313889,600.0585248113889,1040.529375,1300.6299999999997,0,0,0.0,received money from 5 different senders
ACC_78d81864,10,11,3,2,7054.150000000001,8447.66,1.1975447077252397,475.76369547194446,479.89475591194446,705.4150000000001,767.9690909090909,0,0,0.0,received money from 3 different senders; passed on 120% of everything it received
ACC_78dae855,3,7,2,4,48545.97,114122.13,2.3508054324591723,596.5886745155556,558.2758528897223,16181.99,16303.16142857143,0,0,0.0,passed on 235% of everything it received
ACC_79397228,13,4,3,2,9455.910000000002,9747.68,1.0308558351337944,335.4266829352778,480.6465310252778,727.3776923076924,2436.92,0,0,0.0,received money from 3 different senders; passed on 103% of everything it received
ACC_7968180c,8,5,4,2,14482.6,95983.13,6.6274791819148495,484.8245745569444,547.3706729677779,1810.325,19196.626,0,0,0.0,received money from 4 different senders; passed on 663% of everything it received
ACC_79a98e60,9,10,4,5,24646.29,266046.94999999995,10.794604380618743,664.9429412563888,662.1981778455555,2738.4766666666665,26604.695,0,0,0.0,received money from 4 different senders; passed on 1079% of everything it received
ACC_79e1c36e,7,10,2,5,19429.58,9710.830000000002,0.4997961870508781,622.4189417711111,666.9594895566667,2775.654285714286,971.0830000000002,0,0,0.0,received money from 2 different senders
ACC_7a46bcf4,14,8,3,4,41716.71,6934.240000000001,0.1662221205842934,671.9012694666667,658.7767384416667,2979.765,866.7800000000001,0,0,0.0,received money from 3 different senders
ACC_7a4ba474,3,3,1,2,2450.91,8036.04,3.278798487092549,386.4690700511111,546.1451672441667,816.9699999999999,2678.68,0,0,0.1,passed on 328% of everything it received
ACC_7a5b71bf,11,15,3,4,374789.03,145836.87,0.3891172321665871,564.524525455,647.7361463466667,34071.73,9722.458,0,0,0.0,received money from 3 different senders
ACC_7a68a31a,18,11,5,4,17373.27,34193.97,1.9681942432253687,701.9677124655556,688.2547654705555,965.1816666666668,3108.5427272727275,0,0,0.0,received money from 5 different senders; passed on 197% of everything it received
ACC_7a842b69,6,15,2,4,9612.1,32373.410000000003,3.367985143725097,589.1265625797223,617.5673912555555,1602.0166666666664,2158.2273333333337,0,0,0.0,received money from 2 different senders; passed on 337% of everything it received
ACC_7ac17351,12,7,4,4,36699.1,60556.87,1.6500914191356193,543.6656111225,697.8290596991666,3058.258333333333,8650.98142857143,0,0,0.0,received money from 4 different senders; passed on 165% of everything it received
ACC_7b4b6d4b,14,12,4,4,125894.42,11902.98,0.0945473198891579,639.4758396105555,673.5661454941666,8992.458571428573,991.915,0,0,0.0,received money from 4 different senders
ACC_7bbe25fb,2,7,1,3,12147.07,12975.05,1.0681629397048011,0.0,1.7296722380555556,6073.535,1853.578571428572,0,0,0.0,forwarded funds onward within 0.0 hours of receiving them; passed on 107% of everything it received
ACC_7beeab8d,0,3,0,2,0.0,3128.81,0.0,999999.0,999999.0,0.0,1042.9366666666667,0,0,0.1,flagged by the model based on a combination of subtler behavioral signals
ACC_7c853895,6,11,2,5,10693.63,128091.14,11.978265565575022,559.9547423255556,490.35249664527777,1782.2716666666663,11644.649090909092,0,0,0.0,received money from 2 different senders; passed on 1198% of everything it received
ACC_7ce0f9f3,6,14,3,3,92524.18,212472.25000000003,2.296397006706788,495.3621898511111,591.9573412341667,15420.696666666665,15176.589285714288,0,0,0.0,received money from 3 different senders; passed on 230% of everything it received
ACC_7cf27dba,5,6,4,4,51276.33,5216.1,0.101725298982981,459.542269895,498.9117581666666,10255.266,869.35,0,0,0.0,received money from 4 different senders
ACC_7d24f4b8,16,9,7,5,582926.9099999999,72955.0,0.1251529115374001,682.6293844127778,671.1154074047223,36432.931875,8106.111111111111,0,0,0.0,received money from 7 different senders
ACC_7d6790c4,12,5,3,3,382583.13,159645.18,0.4172823302480692,545.6348321486112,679.2872387447222,31881.9275,31929.036,0,0,0.0,received money from 3 different senders
ACC_7dc20675,8,15,4,3,19571.65,8638.32,0.4413690210074266,687.9137131955556,592.2583039016667,2446.45625,575.888,0,0,0.0,received money from 4 different senders
ACC_7e8b8740,11,5,4,2,447672.21,3601.53,0.0080450157940337,523.4409779347222,532.4325192119444,40697.47363636363,720.306,0,0,0.0,received money from 4 different senders
ACC_7f45a7e5,2,11,1,5,565.02,8034.92,14.220593961275709,512.5793273108334,486.5408487461111,282.51,730.4472727272728,0,0,0.0,passed on 1422% of everything it received
ACC_7f870146,9,11,4,4,72285.87999999999,33356.219999999994,0.4614486259280512,572.0622229205555,628.1730827916667,8031.764444444443,3032.383636363636,0,0,0.0,received money from 4 different senders
ACC_7f8de1fa,14,15,3,4,61572.96,10216.94,0.1659322533787559,592.5048628102777,661.3430954625,4398.068571428571,681.1293333333334,0,0,0.0,received money from 3 different senders
ACC_7fdf5746,1,8,1,4,576.21,3887.7,6.747019315874421,0.0,999999.0,576.21,485.9625,0,0,0.2,forwarded funds onward within 0.0 hours of receiving them; passed on 675% of everything it received
ACC_800c88a4,17,14,6,2,97690.15,285462.45,2.9221211145647747,619.837400195,675.3520333822222,5746.479411764705,20390.175,0,0,0.0,received money from 6 different senders; passed on 292% of everything it received
ACC_800e8d78,13,7,5,2,73992.25,121614.2,1.6436072696802706,471.0884882391666,421.4839286711111,5691.711538461538,17373.457142857143,0,0,0.0,received money from 5 different senders; passed on 164% of everything it received
ACC_80449ced,10,5,5,3,8910.93,8878.880000000001,0.9964032934833964,462.84280809027774,615.1635131527778,891.0930000000001,1775.7760000000003,0,0,0.1,received money from 5 different senders; passed on 100% of everything it received
ACC_8081b7a7,8,5,2,3,24661.36,47184.29,1.9132882371450723,481.1265851925,682.1985466780554,3082.67,9436.858,0,0,0.0,received money from 2 different senders; passed on 191% of everything it received
ACC_80e5a87a,7,6,2,3,4770.35,54996.17999999999,11.528751559109915,295.1453741922222,550.3184004702778,681.4785714285715,9166.03,0,0,0.0,received money from 2 different senders; passed on 1153% of everything it received
ACC_81288096,14,13,6,3,36799.62,74128.99,2.014395529084268,636.4480366305555,652.6097846772221,2628.5442857142857,5702.2300000000005,0,0,0.0,received money from 6 different senders; passed on 201% of everything it received
ACC_81453899,17,11,8,3,65176.8,17824.14,0.2734736900246713,686.2265195408332,660.7280078566666,3833.9294117647055,1620.3763636363635,0,0,0.0,received money from 8 different senders
ACC_8145b956,0,9,0,5,0.0,125892.12,0.0,999999.0,999999.0,0.0,13988.013333333332,0,0,0.3,flagged by the model based on a combination of subtler behavioral signals
ACC_81477caa,20,8,6,4,50742.81,55615.71000000001,1.0960313392183052,514.1022168627778,519.7711673552777,2537.1405,6951.963750000001,0,0,0.0,received money from 6 different senders; passed on 110% of everything it received
ACC_814a433c,8,5,5,4,45257.47,89752.57,1.9831548250487712,458.14378266777777,688.6997454355555,5657.18375,17950.514000000003,0,0,0.2,received money from 5 different senders; passed on 198% of everything it received
ACC_8153dd07,1,7,1,4,118.68,19594.21,165.10119649477585,316.8416883538889,999999.0,118.68,2799.172857142857,0,0,0.0,passed on 16510% of everything it received
ACC_81e65cf1,9,13,4,6,7418.32,118601.73,15.987680499088745,633.3638102255555,423.0548790963889,824.2577777777777,9123.21,0,0,0.0,received money from 4 different senders; passed on 1599% of everything it received
ACC_8265780a,4,13,3,5,102347.26,101559.16,0.9922997450053864,471.2723622963889,469.33658676416667,25586.815,7812.243076923076,0,0,0.0,passed on 99% of everything it received
ACC_82691815,4,15,3,5,17183.670000000002,199599.79,11.61566708392328,628.3966278063889,186.63085142777777,4295.9175000000005,13306.652666666663,0,0,0.0,passed on 1162% of everything it received
ACC_827cfb12,8,15,5,4,4495.27,130554.92,29.042731582307628,570.8546395516667,575.6386573155555,561.9087499999999,8703.661333333333,0,0,0.0,received money from 5 different senders; passed on 2904% of everything it received
ACC_835e1ef1,5,5,2,3,10382.43,3708.11,0.3571524200018685,566.856585085,446.8278907172222,2076.486,741.622,0,0,0.0,received money from 2 different senders
ACC_83b71646,4,9,1,3,4429.49,26946.9,6.083522030752976,493.0523904361111,495.8307552344445,1107.3725,2994.1,0,0,0.2,passed on 608% of everything it received
ACC_83c85c02,8,11,2,4,9375.56,31703.76,3.381532409797388,581.4752216369444,419.3115493819444,1171.9450000000002,2882.1600000000003,0,0,0.0,received money from 2 different senders; passed on 338% of everything it received
ACC_83cffe76,18,5,4,4,13962.82,99316.32,7.11291272106924,629.3406226841666,602.4642977233333,775.7122222222222,19863.264,0,0,0.0,received money from 4 different senders; passed on 711% of everything it received
ACC_83e1c712,6,15,3,3,6296.5,47016.060000000005,7.467015008337967,653.5794891847222,590.7067953272222,1049.4166666666667,3134.4040000000005,0,0,0.0,received money from 3 different senders; passed on 747% of everything it received
ACC_83f2a740,12,8,4,3,74677.29000000001,13491.43,0.1806630904790465,553.836557615,617.61334107,6223.107500000001,1686.42875,0,0,0.0,received money from 4 different senders
ACC_8403ad3c,14,10,3,3,39636.29000000001,84180.93000000001,2.123834748408592,606.7442791858333,565.6349987833333,2831.163571428572,8418.093,0,0,0.0,received money from 3 different senders; passed on 212% of everything it received
ACC_84446609,11,8,2,4,55562.95,9435.93,0.1698241364074441,707.7380522827779,687.1366166972223,5051.177272727273,1179.49125,0,0,0.0,received money from 2 different senders
ACC_8464d460,0,9,0,2,0.0,67590.28,0.0,999999.0,999999.0,0.0,7510.031111111111,0,0,0.2,flagged by the model based on a combination of subtler behavioral signals
ACC_84befecc,10,8,6,3,9200.08,44992.24999999999,4.89041943113538,582.7387014636112,588.7145322677777,920.008,5624.031249999999,0,0,0.0,received money from 6 different senders; passed on 489% of everything it received
ACC_85c701fd,11,11,3,3,19387.03,7244.58,0.3736817862251205,578.8568869130555,528.908967951389,1762.457272727273,658.5981818181818,0,0,0.0,received money from 3 different senders
ACC_85f7274c,7,8,3,5,5740.240000000001,28401.32,4.947758281883684,245.8999730108333,285.4540799919444,820.0342857142858,3550.165,0,0,0.0,received money from 3 different senders; passed on 495% of everything it received
ACC_86863f0f,3,3,1,2,5602.32,6179.01,1.1029377115195134,398.0152846208333,267.0460579075,1867.44,2059.67,0,0,0.1,passed on 110% of everything it received
ACC_86ae817b,12,15,2,3,88095.81,10488.320000000002,0.1190558325078116,677.4856246330555,596.7078084744444,7341.3175,699.2213333333334,0,0,0.0,received money from 2 different senders
ACC_86b88787,25,13,8,6,118274.35,188963.23000000004,1.5976687252984274,600.4720225736111,697.2460024033333,4730.973999999999,14535.63307692308,0,0,0.0,received money from 8 different senders; passed on 160% of everything it received
ACC_871c251f,24,3,5,2,53386.84,34987.68,0.6553615085665306,483.6807503036111,691.8154500355556,2224.4516666666664,11662.56,0,0,0.0,received money from 5 different senders
ACC_8727ebfa,4,12,3,3,40798.05,150861.7,3.6977674178055087,220.52705591194444,203.03893206666663,10199.5125,12571.808333333334,0,0,0.0,passed on 370% of everything it received
ACC_875a56de,4,14,4,2,170024.21,171353.68,1.00781929820465,662.7999286969444,231.7052900536111,42506.0525,12239.548571428571,0,0,0.0,passed on 101% of everything it received
ACC_8778b802,3,8,1,3,1877.93,5921.4400000000005,3.15317397347079,451.826754315,378.9789050355556,625.9766666666667,740.1800000000001,0,0,0.0,passed on 315% of everything it received
ACC_878bf320,7,8,5,5,56844.14,65696.29000000001,1.1557266940796362,520.6399597297222,555.9028835441667,8120.591428571429,8212.036250000001,0,0,0.0,received money from 5 different senders; passed on 116% of everything it received
ACC_87c8b039,2,14,1,3,33763.55,87452.92,2.590157729267213,616.4648742152777,340.5259339647222,16881.774999999998,6246.637142857143,0,0,0.1,passed on 259% of everything it received
ACC_87d69cc2,8,12,2,4,18998.13,108254.29,5.698155028942322,350.65250521666667,263.2815027761111,2374.76625,9021.190833333334,0,0,0.0,received money from 2 different senders; passed on 570% of everything it received
ACC_8805edc0,1,6,1,4,52698.62,34982.63,0.6638244037509899,452.7553199361112,999999.0,52698.62,5830.438333333333,0,0,0.0,flagged by the model based on a combination of subtler behavioral signals
ACC_884803ef,12,12,5,3,50759.25000000001,76715.66,1.511363150558765,670.0554925408334,654.6104115600001,4229.937500000001,6392.971666666667,0,0,0.0,received money from 5 different senders; passed on 151% of everything it received
ACC_888e7078,9,4,4,3,5479.009999999999,26267.9,4.794278528420281,663.3031648336112,711.6485948080556,608.7788888888888,6566.975,0,0,0.0,received money from 4 different senders; passed on 479% of everything it received
ACC_88a4f715,15,5,5,2,24509.890000000003,102203.14,4.169873467404382,635.8077040402777,688.8295578552777,1633.9926666666668,20440.628,0,0,0.0,received money from 5 different senders; passed on 417% of everything it received
ACC_88aaa5b7,3,7,1,3,753.4200000000001,56446.630000000005,74.92053569058427,224.51427287777776,100.03815387972222,251.14,8063.804285714286,0,0,0.0,passed on 7492% of everything it received
ACC_88db3af9,4,6,1,2,7603.06,4291.27,0.5644135387593943,690.246064155,578.5031172572222,1900.765,715.2116666666667,0,0,0.0,flagged by the model based on a combination of subtler behavioral signals
ACC_892a72a1,13,3,5,3,49702.02,3646.97,0.0733766957560276,621.0040470777778,649.9577611141666,3823.232307692308,1215.6566666666668,0,0,0.0,received money from 5 different senders
ACC_892efbd0,5,13,3,4,5488.790000000001,24720.57,4.503828712703528,572.7318482361111,522.4559634302777,1097.7580000000005,1901.582307692308,0,0,0.0,received money from 3 different senders; passed on 450% of everything it received
ACC_8980b78e,10,15,5,2,49062.98,247514.25000000003,5.044827077360569,644.3651468333333,644.5710376544445,4906.298,16500.95,0,0,0.0,received money from 5 different senders; passed on 504% of everything it received
ACC_899ff788,6,6,3,3,109658.68,13194.759999999998,0.1203257234174257,384.2921814286111,598.8730603716666,18276.446666666667,2199.1266666666666,0,0,0.2,received money from 3 different senders
ACC_89d35f95,6,14,3,5,3228.42,19673.4,6.093816789637036,473.0550120113889,440.8913064172222,538.07,1405.2428571428572,0,0,0.0,received money from 3 different senders; passed on 609% of everything it received
ACC_8a8b6312,14,12,4,2,14309.219999999998,54770.7,3.827650983072453,627.7945990672223,693.3874211030555,1022.0871428571428,4564.224999999999,0,0,0.0,received money from 4 different senders; passed on 383% of everything it received
ACC_8a92e3d9,16,9,5,4,12590.86,27545.97,2.187775100350572,609.2663613272222,596.8523165380556,786.92875,3060.6633333333334,0,0,0.0,received money from 5 different senders; passed on 219% of everything it received
ACC_8a9581df,17,14,8,6,25819.370000000003,84547.39,3.2745721526125537,664.9294132419444,649.2114295422223,1518.7864705882355,6039.0992857142855,0,0,0.0,received money from 8 different senders; passed on 327% of everything it received
ACC_8ac6aaef,5,6,2,5,176361.83,139089.13999999998,0.7886578405315935,645.541194673611,503.497717325,35272.365999999995,23181.52333333333,0,0,0.0,received money from 2 different senders; passed on 79% of everything it received
ACC_8af4b342,4,12,1,2,65193.61,427228.94,6.553233361367778,692.6046853091666,447.6928943391667,16298.4025,35602.41166666667,0,0,0.0,passed on 655% of everything it received
ACC_8b06d409,12,3,4,3,18971.29,2658.42,0.140128583770529,656.9207743580555,659.5620155266668,1580.940833333333,886.14,0,0,0.0,received money from 4 different senders
ACC_8ba0dce4,9,4,3,3,56421.82,2765.1400000000003,0.0490083446439693,646.4801765638889,636.4035018319444,6269.091111111111,691.2850000000001,0,0,0.0,received money from 3 different senders
ACC_8c21657b,14,15,3,5,21575.43,20740.82,0.9613166458327828,590.1434811769444,580.9989421152777,1541.1021428571428,1382.7213333333332,0,0,0.0,received money from 3 different senders; passed on 96% of everything it received
ACC_8c5e12dd,7,9,3,3,9626.41,4591.830000000001,0.4770033688571337,588.5948056186111,579.2152654258333,1375.2014285714286,510.20333333333343,0,0,0.0,received money from 3 different senders
ACC_8c8a312e,4,7,3,3,3884.28,4719.959999999999,1.2151441193734744,560.7387470430556,397.4226775322222,971.07,674.2799999999999,0,0,0.1,passed on 122% of everything it received
ACC_8cfc4032,0,9,0,4,0.0,114939.93,0.0,999999.0,999999.0,0.0,12771.103333333334,0,0,0.3,flagged by the model based on a combination of subtler behavioral signals
ACC_8d0ac14c,7,4,3,2,48437.84,51030.59,1.0535273662079068,532.5204465330555,584.5644832927777,6919.691428571429,12757.6475,0,0,0.0,received money from 3 different senders; passed on 105% of everything it received
ACC_8d956a68,8,7,2,3,10209.66,61625.66,6.036014911368253,590.1331121886111,646.6760916580556,1276.2075,8803.665714285713,0,0,0.0,received money from 2 different senders; passed on 604% of everything it received
ACC_8da25a4c,6,8,3,3,47953.08,47049.87,0.9811647135074536,533.1043092586111,377.6494534641666,7992.18,5881.23375,0,0,0.0,received money from 3 different senders; passed on 98% of everything it received
ACC_8dbd42c3,6,15,3,4,70826.84000000001,216196.9,3.0524713512561057,523.015924675,538.4006676038889,11804.473333333335,14413.126666666669,0,0,0.0,received money from 3 different senders; passed on 305% of everything it received
ACC_8de08d73,6,10,3,5,12917.86,134307.96,10.397075057323736,538.2908868044444,239.96328635111112,2152.976666666667,13430.795999999998,0,0,0.0,received money from 3 different senders; passed on 1040% of everything it received
ACC_8e6183b0,14,5,4,3,101955.65,88907.45,0.8720208247409535,542.8531186591667,633.0466472955555,7282.546428571428,17781.489999999998,0,0,0.0,received money from 4 different senders; passed on 87% of everything it received
ACC_8f168155,10,4,2,4,259322.34,54778.33,0.2112364480437744,548.7845688436112,547.0771856519444,25932.234,13694.5825,0,0,0.1,received money from 2 different senders
ACC_8f516a77,8,3,2,2,5703.24,1302.13,0.2283140811188026,673.8405232888888,587.0880864663889,712.905,434.0433333333333,0,0,0.0,received money from 2 different senders
ACC_8f6bfaa9,2,6,1,4,73546.8,23887.17,0.324788705966813,583.9718056044444,527.3499929888889,36773.4,3981.195,0,0,0.2,flagged by the model based on a combination of subtler behavioral signals
ACC_8fa5a289,20,10,6,3,62036.22999999999,17941.95,0.2892172848027677,667.4666040969445,676.6548246455555,3101.8115,1794.1950000000002,0,0,0.0,received money from 6 different senders
ACC_90093839,7,15,3,5,14889.92,155805.85,10.463847354451872,529.9820212030555,707.860268635,2127.1314285714284,10387.056666666667,0,0,0.0,received money from 3 different senders; passed on 1046% of everything it received
ACC_9045ad55,14,14,4,2,62210.2,15129.64,0.2432019186564261,551.3164456030555,669.0633650591667,4443.585714285714,1080.6885714285715,0,0,0.0,received money from 4 different senders
ACC_905e3285,1,8,1,3,203.56,65766.60999999999,323.08218707015124,359.68447437944445,999999.0,203.56,8220.826249999998,0,0,0.0,passed on 32308% of everything it received
ACC_90c7b228,3,13,2,2,3624.02,240048.77,66.23825751513512,322.4285598816666,318.82598263777777,1208.006666666667,18465.29,0,0,0.1,passed on 6624% of everything it received
ACC_90c803a1,4,13,2,4,2671.82,115168.65,43.10494344678908,459.42885133944446,230.0139653863889,667.9549999999999,8859.126923076923,0,0,0.0,passed on 4310% of everything it received
ACC_91529859,8,11,5,2,13794.21,13264.76,0.9616179541996244,512.0966081575,480.3308376361111,1724.27625,1205.8872727272728,0,0,0.0,received money from 5 different senders; passed on 96% of everything it received
ACC_9170b444,0,10,0,2,0.0,8543.300000000001,0.0,999999.0,999999.0,0.0,854.3300000000002,0,0,0.3,flagged by the model based on a combination of subtler behavioral signals
ACC_9178be30,14,3,6,3,65927.14,15645.24,0.2373110679456139,501.198484805,663.2464816327778,4709.081428571429,5215.08,0,0,0.0,received money from 6 different senders
ACC_918db11d,16,6,5,3,23049.58,3530.99,0.1531910776682264,598.3590906044445,636.5632019677778,1440.59875,588.4983333333333,0,0,0.0,received money from 5 different senders
ACC_91955a6c,8,14,3,5,9577.38,192893.91000000003,20.14057184741548,470.9655579011112,473.9282150136111,1197.1725,13778.136428571432,0,0,0.0,received money from 3 different senders; passed on 2014% of everything it received
ACC_91e41bc2,8,4,4,3,11935.259999999998,32740.49,2.7431735881748702,264.3982528227778,659.7842202883332,1491.9074999999998,8185.122499999999,0,0,0.0,received money from 4 different senders; passed on 274% of everything it received
ACC_921997c6,3,14,1,3,1551.46,212999.91,137.289978471891,228.39993764944447,209.74915828666667,517.1533333333333,15214.279285714289,0,0,0.0,passed on 13729% of everything it received
ACC_921bdade,5,15,4,3,5100.299999999999,256688.2,50.328059133776456,384.6389813516666,511.5703206552778,1020.0599999999998,17112.54666666667,0,0,0.0,received money from 4 different senders; passed on 5033% of everything it received
ACC_92636d3f,15,4,5,2,139931.43,25544.33,0.182548909848202,389.44898674555554,585.6219498005556,9328.762,6386.0825,0,0,0.0,received money from 5 different senders
ACC_92752b9f,16,9,3,4,44633.64,29753.28,0.66661110319481,458.8344844227778,611.2572855719444,2789.6025,3305.92,0,0,0.0,received money from 3 different senders
ACC_929fac1c,5,8,3,4,15809.27,113598.02,7.185532285804468,497.5082773836111,594.6641375855555,3161.854,14199.7525,0,0,0.0,received money from 3 different senders; passed on 719% of everything it received
ACC_92ba94e9,12,12,4,3,9819.15,16047.16,1.6342718056043546,621.8772954288889,604.3433674730555,818.2625000000002,1337.263333333333,0,0,0.0,received money from 4 different senders; passed on 163% of everything it received
ACC_92d8309a,4,4,2,3,38562.1,33185.59,0.8605752798732433,628.3073767266667,450.3242428313889,9640.525,8296.3975,0,0,0.0,passed on 86% of everything it received
ACC_92deb5b0,2,3,1,3,3134.54,76225.79999999999,24.31801795478762,187.94281396222223,149.08181355722223,1567.27,25408.599999999995,0,0,0.0,passed on 2432% of everything it received
ACC_936b21a5,11,3,4,1,362492.23,1431.0,0.0039476708231787,648.3916082613889,654.2766250677778,32953.83909090909,477.0,0,0,0.0,received money from 4 different senders
ACC_93b683ce,6,9,5,4,4730.290000000001,11508.01,2.432833927729589,469.45489319055554,470.03298997527776,788.3816666666668,1278.6677777777777,0,0,0.0,received money from 5 different senders; passed on 243% of everything it received
ACC_93b6bcb4,14,7,7,4,70259.62000000001,6899.7300000000005,0.0982033492353075,601.2178864711112,668.7005592822222,5018.544285714286,985.6757142857144,0,0,0.0,received money from 7 different senders
ACC_93eb370c,13,6,2,4,141166.35,5231.19,0.037056919017882,694.18832614,559.3474351458334,10858.95,871.8649999999999,0,0,0.0,received money from 2 different senders
ACC_94110ebf,11,4,2,3,316044.99,79182.68,0.2505424306836821,596.7796473847222,671.1163654030555,28731.362727272728,19795.67,0,0,0.0,received money from 2 different senders
ACC_94287cff,5,4,3,2,4931.38,32992.67,6.690352396286637,417.8602622330556,633.0469515411111,986.276,8248.1675,0,0,0.1,received money from 3 different senders; passed on 669% of everything it received
ACC_94b143e9,4,13,2,5,6798.250000000001,165624.23,24.36277424337145,661.4339505422223,710.6596057891667,1699.5625000000002,12740.325384615386,0,0,0.0,passed on 2436% of everything it received
ACC_9515ebc5,7,6,2,4,10191.180000000002,21482.47,2.107947264202967,527.108923205,403.17476926527775,1455.8828571428571,3580.4116666666664,0,0,0.0,received money from 2 different senders; passed on 211% of everything it received
ACC_953f9479,5,14,3,3,5550.55,26551.24,4.783533163380205,620.4852720675001,665.4158664097222,1110.11,1896.5171428571427,0,0,0.0,received money from 3 different senders; passed on 478% of everything it received
ACC_9540d68e,14,4,5,2,55274.02,91650.91,1.6581191308321703,657.7719911575,666.5147528530555,3948.144285714286,22912.7275,0,0,1.2,received money from 5 different senders; passed on 166% of everything it received
ACC_956900df,27,7,5,3,167487.87,7644.110000000001,0.0456397827496403,471.2441394825,658.8044717277778,6203.254444444444,1092.0157142857145,0,0,0.0,received money from 5 different senders
ACC_95ca427d,21,4,5,3,90287.82,62553.3,0.6928210250286251,542.7428380105556,682.4454865961111,4299.42,15638.325,0,0,0.0,received money from 5 different senders
ACC_96069afc,6,7,3,2,5987.799999999999,182326.9,30.449731119943888,400.6163268744445,399.0148714525,997.9666666666666,26046.7,0,0,0.1,received money from 3 different senders; passed on 3045% of everything it received
ACC_96366fa5,3,6,2,2,1176.98,202846.85,172.34519702968612,669.2094194061111,377.6820827894445,392.32666666666665,33807.80833333333,0,0,0.0,passed on 17235% of everything it received
ACC_96828c69,3,12,1,2,26813.37,294452.98,10.981572998843488,658.8518998152778,131.59348961916666,8937.789999999999,24537.748333333333,0,0,0.2,passed on 1098% of everything it received
ACC_968a46ba,22,15,6,4,18684.67,33647.97,1.8008329823325755,687.2220068458333,700.5087021483333,849.3031818181818,2243.198,0,0,0.0,received money from 6 different senders; passed on 180% of everything it received
ACC_969436b8,11,14,3,3,101073.61,105677.91,1.0455539284685686,667.2385504833334,656.622554526389,9188.51,7548.422142857143,0,0,0.0,received money from 3 different senders; passed on 105% of everything it received
ACC_970c5f7b,10,5,4,4,89155.04000000001,63762.67,0.71518861973479,201.2620073369445,544.0596933402777,8915.504,12752.534,0,0,0.0,received money from 4 different senders; passed on 72% of everything it received
ACC_9725a36d,9,13,6,4,15748.65,40396.67,2.5650878011766083,641.5297804313889,516.0479470038889,1749.85,3107.436153846153,0,0,0.0,received money from 6 different senders; passed on 257% of everything it received
ACC_973dc6b4,12,10,5,3,14809.73,117252.8,7.917281408911574,699.5152322183334,641.2492524816666,1234.1441666666667,11725.28,0,0,0.0,received money from 5 different senders; passed on 792% of everything it received
ACC_975439f7,1,11,1,5,346.1,77157.1,222.9329673504768,172.4719297836111,999999.0,346.1,7014.281818181818,0,0,0.0,passed on 22293% of everything it received
ACC_97b4e4ae,7,12,3,2,237036.67,169007.61000000002,0.7130019587264705,644.8653920775,409.7900865166667,33862.38142857143,14083.9675,0,0,0.0,received money from 3 different senders; passed on 71% of everything it received
ACC_97c5006a,8,10,2,2,34704.72,5422.49,0.1562464702207653,530.7554921516667,646.7866685733334,4338.09,542.249,0,0,0.0,received money from 2 different senders
ACC_98403592,0,6,0,3,0.0,83097.75,0.0,999999.0,999999.0,0.0,13849.625,0,0,0.2,flagged by the model based on a combination of subtler behavioral signals
ACC_98cadc61,7,6,5,5,6686.56,34951.89,5.227185578234548,508.7763399777778,566.8904322269444,955.2228571428572,5825.315,0,0,0.0,received money from 5 different senders; passed on 523% of everything it received
ACC_99197179,7,3,2,2,13986.750000000002,2854.9700000000003,0.204119613205355,592.7285136991667,519.0640010169444,1998.1071428571431,951.6566666666668,0,0,0.0,received money from 2 different senders
ACC_991e807f,3,10,2,4,6062.88,145164.63,23.943180468688148,642.8463924925,312.8380953455556,2020.96,14516.463,0,0,0.0,passed on 2394% of everything it received
ACC_99733947,8,6,4,3,4491.82,8995.24,2.0025824721382426,569.7932798191666,536.4960589458334,561.4775,1499.2066666666667,0,0,0.0,received money from 4 different senders; passed on 200% of everything it received
ACC_99e4d3ab,9,6,3,3,4153.32,7260.36,1.748085868654474,635.9162484830556,583.9092906397223,461.48,1210.06,0,0,0.0,received money from 3 different senders; passed on 175% of everything it received
ACC_9a2c13de,9,14,5,5,38847.060000000005,154990.97,3.989773486075909,536.5301018625,521.6253137336112,4316.34,11070.783571428572,0,0,0.0,received money from 5 different senders; passed on 399% of everything it received
ACC_9a4bd4f8,3,10,2,2,1517.91,137681.18000000002,90.70444229236254,374.6454350688888,206.48551746444443,505.97,13768.118000000002,0,0,0.0,passed on 9070% of everything it received
ACC_9a7e7b2b,11,5,3,4,4268.67,79966.92,18.733450934365973,483.8457340711111,534.220090175,388.0609090909091,15993.384,0,0,0.0,received money from 3 different senders; passed on 1873% of everything it received
ACC_9abe097c,4,15,1,4,142953.98,31790.989999999994,0.222386183301787,659.5981492311112,321.10327114083333,35738.495,2119.399333333333,0,0,0.0,flagged by the model based on a combination of subtler behavioral signals
ACC_9ba4a3a0,9,6,4,4,63242.8,5301.179999999999,0.0838226643981607,629.4399883172223,480.3699922158333,7026.977777777778,883.5299999999999,0,0,0.0,received money from 4 different senders
ACC_9bb88f8f,4,11,2,2,1184.49,105432.56,89.01093297537338,542.3792189891667,598.8840952936112,296.1225,9584.778181818185,0,0,0.0,passed on 8901% of everything it received
ACC_9bc223a0,7,7,3,3,7502.24,60566.75,8.07315548422871,675.8294193475,545.5534415008333,1071.7485714285715,8652.392857142857,0,0,0.0,received money from 3 different senders; passed on 807% of everything it received
ACC_9c28371b,1,14,1,5,375.07,67485.71,179.92830671607967,500.8835128958333,999999.0,375.07,4820.407857142857,0,0,0.0,passed on 17993% of everything it received
ACC_9c4822dc,22,6,6,3,646178.2300000001,60172.780000000006,0.0931210263768867,658.7864074305556,652.0590744444445,29371.73772727273,10028.796666666669,0,0,0.0,received money from 6 different senders
ACC_9c8b3c90,6,15,4,4,36498.77,116248.62,3.1850010288017923,624.5189276572222,436.14220362,6083.128333333334,7749.908,0,0,0.0,received money from 4 different senders; passed on 319% of everything it received
ACC_9c91cd49,5,4,2,3,7847.25,2715.28,0.3460167574628054,481.0403147325,471.6817009225,1569.45,678.82,0,0,0.0,received money from 2 different senders
ACC_9c9e6878,2,11,1,3,40524.18,41193.93000000001,1.016527169704606,220.7623405319445,276.104741775,20262.09,3744.902727272728,0,0,0.2,passed on 102% of everything it received
ACC_9ca61231,21,14,4,4,617600.79,16818.920000000002,0.0272326724193471,627.1802193330556,619.7126516641666,29409.56142857143,1201.3514285714286,0,0,0.0,received money from 4 different senders
ACC_9cfe8544,8,3,3,2,12131.65,36734.81,3.028014326163382,364.0566854705555,416.3851853388889,1516.4562500000002,12244.936666666666,0,0,0.0,received money from 3 different senders; passed on 303% of everything it received
ACC_9d21fc5b,13,7,4,5,15055.64,5587.32,0.3711114240244851,264.6354044086111,512.2847614502778,1158.1261538461538,798.1885714285714,0,0,0.0,received money from 4 different senders
ACC_9d40b1c7,4,3,2,2,2311.66,3755.11,1.6244214114532414,538.2089601766667,524.9863326869445,577.915,1251.7033333333331,0,0,0.0,passed on 162% of everything it received
ACC_9d4bc1d2,5,4,4,4,3720.23,37837.79,10.170820083704504,679.9438591038888,609.6983539636111,744.0459999999999,9459.4475,0,0,0.1,received money from 4 different senders; passed on 1017% of everything it received
ACC_9d6c33bb,14,9,5,3,105911.8,44119.86,0.4165717134445831,621.3349386486111,618.9727303077777,7565.128571428571,4902.206666666667,0,0,0.0,received money from 5 different senders
ACC_9e2d1fbe,13,7,5,3,78374.03000000001,133681.12,1.7056813334723246,632.3642142836111,589.0523705172221,6028.771538461539,19097.30285714285,0,0,0.0,received money from 5 different senders; passed on 171% of everything it received
ACC_9e473531,21,9,8,4,75461.11000000002,10870.8,0.1440583103004978,684.7775222430555,686.0349375708334,3593.386190476191,1207.8666666666666,0,0,0.0,received money from 8 different senders
ACC_9e57aa71,2,6,2,3,3400.28,128687.95,37.846280306327714,181.98264843222225,253.73163214527776,1700.14,21447.991666666665,0,0,0.3,passed on 3785% of everything it received
ACC_9ef08472,12,10,3,5,14818.86,96297.86,6.4983311806711175,695.8546208822223,657.7868498188889,1234.905,9629.786,0,0,0.0,received money from 3 different senders; passed on 650% of everything it received
ACC_9efbc2cb,12,8,5,5,62698.07,51431.61,0.820306111495936,627.4655993463889,632.9365911163889,5224.839166666667,6428.95125,0,0,0.0,received money from 5 different senders; passed on 82% of everything it received
ACC_9f7fa437,9,6,5,3,34384.39,67813.15,1.972207446460443,347.23366335472224,683.9687609411111,3820.487777777778,11302.191666666666,0,0,0.0,received money from 5 different senders; passed on 197% of everything it received
ACC_9f841838,10,13,3,4,261025.24,52833.1,0.2024060968203687,700.1291437233334,662.6611379911111,26102.524,4064.084615384615,0,0,0.0,received money from 3 different senders
ACC_9f8c9c3c,0,12,0,4,0.0,44169.42,0.0,999999.0,999999.0,0.0,3680.785,0,0,0.3,flagged by the model based on a combination of subtler behavioral signals
ACC_9f90869d,7,14,3,4,10360.669999999998,58208.73,5.618239940081096,636.5234602319445,618.1636977172222,1480.095714285714,4157.766428571428,0,0,0.0,received money from 3 different senders; passed on 562% of everything it received
ACC_9fd0d530,11,14,6,4,10358.46,176545.02,17.043558598478924,545.2844977833333,629.9018514938889,941.6781818181818,12610.358571428573,0,0,0.0,received money from 6 different senders; passed on 1704% of everything it received
ACC_9ff125ee,6,12,3,5,2530.55,10084.59,3.985137618304321,652.1006844413888,652.0737738441667,421.7583333333334,840.3825,0,0,0.0,received money from 3 different senders; passed on 399% of everything it received
ACC_9ff8039a,3,13,1,2,120298.55,9984.77,0.0829999197829067,589.1509137363888,180.6599786325,40099.51666666667,768.0592307692308,0,0,0.0,flagged by the model based on a combination of subtler behavioral signals
ACC_a021a2a5,8,4,4,2,54805.92999999999,69706.61,1.271880798300476,295.86439778333335,693.0138882827778,6850.741249999999,17426.6525,0,0,0.0,received money from 4 different senders; passed on 127% of everything it received
ACC_a061be44,9,11,5,3,60254.79,13292.81,0.2206100129134962,692.5168777475001,623.3017461566667,6694.9766666666665,1208.4372727272728,0,0,0.0,received money from 5 different senders
ACC_a0a1c21e,4,15,2,2,1842.45,98676.15,53.5570300415208,516.4758354141667,127.18095400277775,460.6125,6578.410000000001,0,0,0.0,passed on 5356% of everything it received
ACC_a0b495f1,16,6,7,5,67605.17,27622.92,0.4085918281101874,528.9490366280555,645.2449448308333,4225.323125,4603.82,0,0,0.5,received money from 7 different senders
ACC_a0e7ee67,13,15,5,4,11924.32,109469.02000000002,9.180315523233192,570.0079706747222,659.2350864211112,917.2553846153846,7297.934666666668,0,0,0.0,received money from 5 different senders; passed on 918% of everything it received
ACC_a0e993a2,7,15,3,4,6910.2300000000005,102347.89,14.8110685172563,696.1384298722222,672.043531155,987.1757142857144,6823.192666666667,0,0,0.0,received money from 3 different senders; passed on 1481% of everything it received
ACC_a11ef1b4,16,13,6,3,41718.03,8997.18,0.2156664636369454,697.6613601083333,699.366714146389,2607.376875,692.0907692307693,0,0,0.0,received money from 6 different senders
ACC_a18f6ac4,11,5,7,3,56875.59999999999,83647.9,1.4707167924382338,588.5769739502779,608.3072238097222,5170.50909090909,16729.579999999998,0,0,0.0,received money from 7 different senders; passed on 147% of everything it received
ACC_a1ca4920,8,13,3,4,303155.22,12780.73,0.0421590299517191,619.4757412225,587.4900505480556,37894.4025,983.1330769230768,0,0,0.0,received money from 3 different senders
ACC_a1fab52c,11,13,6,6,279429.84,205408.65,0.7350991934147046,512.9048111794444,594.6386635136112,25402.71272727273,15800.665384615384,0,0,0.0,received money from 6 different senders; passed on 74% of everything it received
ACC_a20316ad,3,14,2,5,19967.96,16642.65,0.8334677152798785,260.6116553472222,269.4539183852778,6655.986666666667,1188.7607142857144,0,0,0.0,passed on 83% of everything it received
ACC_a28880b1,12,3,3,3,82044.42000000001,19263.81,0.2347973207684324,368.33317299,681.9146300611111,6837.035000000001,6421.27,0,0,0.0,received money from 3 different senders
ACC_a28d0b4d,3,15,2,4,1775.04,239770.53,135.07894469983776,460.1755585319445,407.0081061597222,591.68,15984.702,0,0,0.0,passed on 13508% of everything it received
ACC_a2f5a3d2,13,3,5,3,76155.74,38782.16,0.5092480225390759,640.1526802894444,642.5537554047222,5858.133846153846,12927.386666666667,0,0,0.0,received money from 5 different senders
ACC_a2f746bb,7,7,5,5,2647.23,6656.46,2.5145000623293026,627.8136650608334,444.2873772722222,378.1757142857143,950.9228571428572,0,0,0.0,received money from 5 different senders; passed on 251% of everything it received
ACC_a3014b4c,11,10,5,5,6254.410000000001,10856.19,1.7357656437617617,442.2616635186112,442.6635767425,568.5827272727273,1085.619,0,0,0.0,received money from 5 different senders; passed on 174% of everything it received
ACC_a3146ed6,0,7,0,5,0.0,63956.03,0.0,999999.0,999999.0,0.0,9136.575714285716,0,0,0.2,flagged by the model based on a combination of subtler behavioral signals
ACC_a3191214,2,12,1,5,4020.33,59762.05,14.864961334019844,145.65363957888889,3.7698483827777776,2010.165,4980.170833333333,0,0,0.0,passed on 1486% of everything it received
ACC_a3ed075c,10,15,2,6,348250.09,145154.03999999998,0.4168097702429882,660.1118403038888,626.8892574488889,34825.009000000005,9676.935999999998,0,0,0.0,received money from 2 different senders
ACC_a407c7a7,3,5,2,2,4573.24,4984.56,1.0899406110328782,639.6860229161111,657.79941879,1524.4133333333332,996.912,0,0,0.0,passed on 109% of everything it received
ACC_a441a05c,12,9,4,4,159340.48,7764.289999999999,0.0487276679472786,649.77668331,658.4963949358335,13278.373333333337,862.6988888888887,0,0,0.0,received money from 4 different senders
ACC_a45d118b,8,4,2,3,79635.64,5177.83,0.0650190040539637,417.6469069494444,686.9673154922222,9954.455,1294.4575,0,0,0.0,received money from 2 different senders
ACC_a4a12232,17,7,6,3,149488.07,62332.96,0.4169761506720904,638.8735252269444,605.2792221433333,8793.415882352941,8904.708571428571,0,0,0.0,received money from 6 different senders
ACC_a56cd30b,13,6,6,2,62044.490000000005,44783.62,0.7217985029774602,628.7996147055555,663.126052415,4772.653076923078,7463.936666666667,0,0,0.0,received money from 6 different senders; passed on 72% of everything it received
ACC_a601693c,19,5,6,4,69749.91,87235.76,1.2506935134396588,432.0398047258333,686.5511179800001,3671.0478947368415,17447.152,0,0,0.0,received money from 6 different senders; passed on 125% of everything it received
ACC_a64eb8cf,6,6,1,3,3109.23,4499.05,1.4469981313701463,478.0651113211112,483.6183584905555,518.2049999999999,749.8416666666667,0,0,0.0,received money from 1 different senders; passed on 145% of everything it received
ACC_a66e05f9,4,14,3,5,2831.62,8980.62,3.171548442234481,688.705413458611,232.80306158694444,707.905,641.4728571428572,0,0,0.0,passed on 317% of everything it received
ACC_a6f11b95,6,13,2,3,48868.82,27277.08,0.5581694012664926,680.6259904077777,579.8450382330556,8144.803333333333,2098.236923076923,0,0,0.0,received money from 2 different senders
ACC_a6f5fb4b,9,13,4,4,373473.0500000001,16447.17,0.0440384386503925,557.3604589788889,610.3429425102778,41497.00555555556,1265.166923076923,0,0,0.0,received money from 4 different senders
ACC_a711d3cf,16,13,5,6,96672.1,114410.94999999998,1.1834950311413528,645.2414326749999,567.9876599455556,6042.00625,8800.842307692306,0,0,0.0,received money from 5 different senders; passed on 118% of everything it received
ACC_a75e3621,3,12,3,2,3093.8,280662.42,90.71769991596096,257.5482206388889,228.81655044138887,1031.2666666666669,23388.535,0,0,0.0,passed on 9072% of everything it received
ACC_a825bd20,14,4,4,2,13665.65,4394.68,0.3215858740711199,670.5165173686111,661.2853226127778,976.1178571428572,1098.67,0,0,0.0,received money from 4 different senders
ACC_a87da09a,2,13,2,4,7797.04,227688.11,29.20186506674328,213.5132777575,65.88944451638889,3898.52,17514.47,0,0,0.0,passed on 2920% of everything it received
ACC_a8f02718,13,12,6,3,387058.8,59805.80999999999,0.1545135002743769,631.1689474369444,632.2909037422222,29773.75384615385,4983.817499999999,0,0,0.0,received money from 6 different senders
ACC_a996d0bb,11,4,4,3,53280.08,2996.82,0.0562465371673616,331.15342224194444,552.9582446352778,4843.643636363637,749.205,0,0,0.0,received money from 4 different senders
ACC_a9b0492a,8,5,4,4,65339.05,35156.350000000006,0.5380603176813866,641.3585015586111,514.3075970380555,8167.38125,7031.270000000001,0,0,0.0,received money from 4 different senders
ACC_a9ff6f58,20,14,9,5,61516.37,199597.54,3.2446248047470947,665.57552328,689.2454908475,3075.8185,14256.967142857144,0,0,0.0,received money from 9 different senders; passed on 324% of everything it received
ACC_aa009879,13,15,4,5,8761.579999999998,36206.27,4.1323905049089324,682.5585156625,630.4322974233334,673.9676923076921,2413.751333333333,0,0,0.0,received money from 4 different senders; passed on 413% of everything it received
ACC_aae95578,12,11,5,2,350629.85000000003,17615.760000000002,0.0502403317914889,591.4536590830556,629.8380217205556,29219.15416666667,1601.4327272727276,0,0,0.0,received money from 5 different senders
ACC_aaed9ec9,16,7,6,3,24580.730000000003,17637.09,0.7175169329796144,616.4419943224999,624.6354206597222,1536.2956250000002,2519.5842857142857,0,0,0.0,received money from 6 different senders; passed on 72% of everything it received
ACC_ab04e54c,14,13,4,4,117316.66,279360.56,2.381252244992314,632.4046354708333,612.2109097133334,8379.761428571428,21489.273846153847,0,0,0.0,received money from 4 different senders; passed on 238% of everything it received
ACC_ab417772,13,8,2,2,99300.59,12722.12,0.1281172649628768,621.1120616944445,690.5618698827777,7638.506923076924,1590.265,0,0,0.0,received money from 2 different senders
ACC_ab592582,3,7,1,4,951.41,76087.16,79.97305052501025,491.5874908155556,361.7680378069445,317.13666666666666,10869.594285714284,0,0,0.0,passed on 7997% of everything it received
ACC_ab71f7d6,11,12,4,4,351495.71,14737.3,0.0419273964965319,417.2094883936112,669.1060216772222,31954.155454545456,1228.1083333333331,0,0,0.0,received money from 4 different senders
ACC_ab9c5242,15,9,6,3,356067.3999999999,90433.29,0.2539780109046771,653.8763279005556,626.0290435774999,23737.82666666666,10048.143333333332,0,0,0.0,received money from 6 different senders
ACC_aba3ebf5,8,9,4,5,4327.09,68832.15999999999,15.907263310908714,674.6814689894445,502.89804634555554,540.88625,7648.017777777776,0,0,0.1,received money from 4 different senders; passed on 1591% of everything it received
ACC_abb63f11,7,14,2,3,10370.56,19366.05,1.867406388854604,622.5604042797222,560.2276902416667,1481.5085714285713,1383.2892857142856,0,0,0.0,received money from 2 different senders; passed on 187% of everything it received
ACC_ac26ad20,20,13,6,3,97828.07,20815.65,0.2127778867558155,700.7603962783334,685.7501149438889,4891.4035,1601.2038461538464,0,0,0.0,received money from 6 different senders
ACC_ac41276e,1,15,1,5,1392.67,79246.12,56.90229559048446,653.8631250091667,999999.0,1392.67,5283.074666666666,0,0,0.0,passed on 5690% of everything it received
ACC_ac71a5ce,4,13,3,6,3176.2200000000003,159106.02,50.09288399418176,450.42347465277777,404.6440099316667,794.0550000000001,12238.924615384614,0,0,0.0,passed on 5009% of everything it received
ACC_ace4133f,12,4,3,3,60867.55,7953.68,0.1306719261741272,481.06660313472224,660.6477756472221,5072.295833333334,1988.42,0,0,0.0,received money from 3 different senders
ACC_ace6d3f8,7,3,2,2,2523.63,45213.84,17.91619215178136,410.0925356361111,626.7199649963889,360.5185714285714,15071.28,0,0,0.0,received money from 2 different senders; passed on 1792% of everything it received
ACC_acfc2eab,6,14,4,4,61771.42,67612.44,1.094558616266228,494.9560518813889,568.0329768611111,10295.236666666666,4829.46,0,0,0.0,received money from 4 different senders; passed on 109% of everything it received
ACC_ad274b68,6,14,3,3,5732.299999999999,105769.68,18.45152556565428,497.2567315205556,508.9763579016666,955.3833333333332,7554.977142857143,0,0,0.0,received money from 3 different senders; passed on 1845% of everything it received
ACC_ad288ed0,12,3,5,3,7928.45,58026.98,7.318830288391805,590.4842454783334,623.8338113191667,660.7041666666667,19342.326666666668,0,0,0.1,received money from 5 different senders; passed on 732% of everything it received
ACC_ad6a79ee,11,12,6,6,7980.73,116310.83000000002,14.573958773194937,655.905141593889,657.5654770705555,725.5209090909091,9692.569166666668,0,0,0.0,received money from 6 different senders; passed on 1457% of everything it received
ACC_ad8995df,17,4,5,2,77387.32999999999,50048.77,0.6467308020576497,593.2110111786111,636.2370929702778,4552.19588235294,12512.1925,0,0,0.0,received money from 5 different senders
ACC_ad9572f4,8,10,3,3,18042.0,204461.65,11.332537966965967,348.3089338447222,431.9203669902778,2255.25,20446.165,0,0,0.0,received money from 3 different senders; passed on 1133% of everything it received
ACC_add16847,0,7,0,4,0.0,23703.21,0.0,999999.0,999999.0,0.0,3386.172857142857,0,0,0.3,flagged by the model based on a combination of subtler behavioral signals
ACC_adf8a86f,2,15,1,5,1099.47,82896.59999999999,75.39687303882779,274.38048440194444,171.30417824583333,549.735,5526.44,0,0,0.0,passed on 7540% of everything it received
ACC_ae20f8b8,9,6,5,4,8620.93,3796.75,0.4404107213490887,475.39996925305553,575.5371035816667,957.8811111111112,632.7916666666666,0,0,0.0,received money from 5 different senders
ACC_ae21e99b,21,13,6,2,17531.999999999996,142337.15,8.118705795117501,700.5448118911111,679.5146199322223,834.8571428571427,10949.011538461538,0,0,0.0,received money from 6 different senders; passed on 812% of everything it received
ACC_ae4162b4,16,9,5,5,65976.04000000001,25079.51,0.3801305746752911,596.1518948891667,656.8985414694445,4123.5025000000005,2786.612222222222,0,0,0.0,received money from 5 different senders
ACC_ae6a9249,11,10,4,4,54303.98,123188.66,2.268501498416875,698.0906678394444,595.4431607533332,4936.725454545454,12318.866,0,0,0.0,received money from 4 different senders; passed on 227% of everything it received
ACC_ae9ea218,16,7,6,4,15157.51,35401.92,2.335602615469164,606.1017598041667,688.4288301172222,947.344375,5057.417142857143,0,0,0.0,received money from 6 different senders; passed on 234% of everything it received
ACC_af06fc0e,7,11,3,6,5001.900000000001,39715.62,7.940106759431416,683.0301187525,492.64680523916667,714.5571428571429,3610.5109090909095,0,0,0.0,received money from 3 different senders; passed on 794% of everything it received
ACC_af2acadf,15,9,5,5,8945.15,93893.86,10.496622191914051,675.6331999780556,640.6683597280556,596.3433333333334,10432.65111111111,0,0,0.0,received money from 5 different senders; passed on 1050% of everything it received
ACC_af42a465,3,15,2,4,3472.76,339253.09,97.68975973001302,661.2961549983332,566.38703046,1157.5866666666666,22616.87266666667,0,0,0.0,passed on 9769% of everything it received
ACC_af8f3564,17,6,7,3,25163.17,27788.11,1.1043167454656944,523.6747816119445,584.9517394683332,1480.1864705882354,4631.3516666666665,0,0,0.0,received money from 7 different senders; passed on 110% of everything it received
ACC_afe0755e,2,5,1,4,3992.38,42526.25,10.651854282407989,376.9647215833333,344.08956123972223,1996.19,8505.25,0,0,0.0,passed on 1065% of everything it received
ACC_b070576d,8,13,2,3,10950.96,126824.06,11.581090607581435,681.4594911055556,631.4226808155556,1368.87,9755.696923076925,0,0,0.0,received money from 2 different senders; passed on 1158% of everything it received
ACC_b0b92d0e,11,12,6,3,28448.45,156885.69999999998,5.5147363037353525,690.6247004013888,533.7455788213889,2586.222727272728,13073.808333333332,0,0,0.0,received money from 6 different senders; passed on 551% of everything it received
ACC_b0bb0344,4,8,2,5,9437.44,8892.419999999998,0.9422491692662416,361.9985447188889,443.6569615133333,2359.36,1111.5524999999998,0,0,0.0,passed on 94% of everything it received
ACC_b0d3c821,14,7,4,3,412872.83,32947.72,0.0798011339230048,566.4328689608334,689.3122274977777,29490.91642857143,4706.817142857143,0,0,0.0,received money from 4 different senders
ACC_b117c76e,10,10,4,5,77547.47999999998,84079.56,1.0842332981033045,398.7594357711111,477.76405507083336,7754.747999999998,8407.956,0,0,0.0,received money from 4 different senders; passed on 108% of everything it received
ACC_b12d7288,4,13,2,6,1897.85,216293.51,113.96765287035328,659.2302473738889,344.39058094194445,474.4625,16637.96230769231,0,0,0.0,passed on 11397% of everything it received
ACC_b15af15f,7,6,2,3,7165.08,3851.95,0.5376004175808226,536.1771297208334,584.0318202063888,1023.5828571428572,641.9916666666667,0,0,0.0,received money from 2 different senders
ACC_b1a83876,16,11,6,5,36288.35,24041.53,0.6625137268572422,680.6745362016667,625.4473278455555,2268.021875,2185.5936363636365,0,0,0.0,received money from 6 different senders
ACC_b206f864,8,9,2,2,60371.030000000006,45313.68000000001,0.7505864981929247,663.6318052269445,497.1245912863889,7546.378750000001,5034.853333333334,0,0,0.0,received money from 2 different senders; passed on 75% of everything it received
ACC_b21d5484,7,6,2,3,47694.84,6235.33,0.1307338487769327,285.2253165402778,451.8511644925,6813.5485714285705,1039.2216666666666,0,0,0.0,received money from 2 different senders
ACC_b260f2eb,9,8,3,5,12182.89,174444.86000000002,14.318840603502126,465.2737964225,485.2687483786111,1353.6544444444444,21805.6075,0,0,0.0,received money from 3 different senders; passed on 1432% of everything it received
ACC_b2d38158,3,11,1,4,3394.09,102679.77,30.25251834806973,535.1652140730555,411.73386638222223,1131.3633333333337,9334.524545454546,0,0,0.0,passed on 3025% of everything it received
ACC_b323eab7,0,8,0,3,0.0,116253.59,0.0,999999.0,999999.0,0.0,14531.69875,0,0,0.3,flagged by the model based on a combination of subtler behavioral signals
ACC_b3293d50,9,6,3,2,24013.29,131688.72,5.483993238744046,387.8813995613888,462.4335684730556,2668.143333333333,21948.12,0,0,0.0,received money from 3 different senders; passed on 548% of everything it received
ACC_b3384899,8,12,5,3,85218.09000000001,7493.569999999999,0.0879340290306905,662.7038964186111,660.1185684425,10652.26125,624.4641666666665,0,0,0.0,received money from 5 different senders
ACC_b353e10f,9,14,4,6,6085.629999999999,186730.53999999995,30.68384702980628,624.7677235569444,525.815340205,676.181111111111,13337.89571428571,0,0,0.0,received money from 4 different senders; passed on 3068% of everything it received
ACC_b361dbeb,12,8,5,4,13502.0,52747.52,3.90664494149015,686.7796696322223,695.4347653100001,1125.1666666666667,6593.4400000000005,0,0,0.1,received money from 5 different senders; passed on 391% of everything it received
ACC_b3ae8ecc,14,12,3,4,122623.21000000002,49288.88,0.401953920469053,669.0393951413889,651.2310782794444,8758.800714285715,4107.406666666667,0,0,0.0,received money from 3 different senders
ACC_b3ccf578,15,8,5,4,9262.509999999998,6931.299999999999,0.748317680628685,546.0885768758334,580.9390147377777,617.5006666666666,866.4124999999999,0,0,0.0,received money from 5 different senders; passed on 75% of everything it received
ACC_b421c7b5,4,13,3,3,7916.6,62310.02,7.870805648889674,682.2499307788889,622.3325002527778,1979.15,4793.078461538461,0,0,0.0,passed on 787% of everything it received
ACC_b42c5ebb,16,6,6,2,37365.38999999999,9956.15,0.2664537958790207,622.8021148594444,659.2770286363889,2335.3368749999995,1659.3583333333331,0,0,0.0,received money from 6 different senders
ACC_b44d9257,2,5,1,2,800.6899999999999,4837.1,6.041164495622526,500.6917168802778,393.7520921725,400.345,967.42,0,0,0.0,passed on 604% of everything it received
ACC_b4a6bdd7,8,7,3,6,43289.55,62862.55,1.4521414521518474,586.1113694483333,660.1020335925001,5411.193749999999,8980.364285714286,0,0,0.0,received money from 3 different senders; passed on 145% of everything it received
ACC_b4cbdf46,9,12,4,2,218810.42,20673.08,0.0944794128177259,610.4194132991666,655.0953192341667,24312.268888888888,1722.7566666666664,0,0,0.0,received money from 4 different senders
ACC_b4e19c4b,12,9,4,5,62184.53,86698.11,1.3942070479587123,538.8055923658334,658.3613164522222,5182.044166666667,9633.123333333331,0,0,0.0,received money from 4 different senders; passed on 139% of everything it received
ACC_b4e63b5f,14,15,5,3,465140.25,248462.64000000004,0.5341671463606945,623.7688289563889,613.2330474155556,33224.30357142857,16564.176000000003,0,0,0.0,received money from 5 different senders
ACC_b4f087a2,5,7,4,2,48013.3,4294.120000000001,0.089436052093899,578.2797214808334,250.895422845,9602.66,613.4457142857144,0,0,0.0,received money from 4 different senders
ACC_b5ac222b,9,8,4,4,39708.14000000001,63234.54,1.5924830525932463,607.9870345647222,384.3080259522222,4412.015555555557,7904.3175,0,0,0.0,received money from 4 different senders; passed on 159% of everything it received
ACC_b5cd1170,4,15,2,4,7892.82,211526.1,26.799812994595086,344.6582794352778,263.48400621555555,1973.205,14101.739999999998,0,0,0.0,passed on 2680% of everything it received
ACC_b5f7c812,19,10,4,3,72405.11,72155.93000000001,0.9965585301921372,591.1943407777778,619.7189592975001,3810.795263157895,7215.593000000001,0,0,0.0,received money from 4 different senders; passed on 100% of everything it received
ACC_b5fc6bf4,11,13,4,3,64334.09,9247.199999999995,0.1437371695161926,439.0149379922222,529.4403314072222,5848.5536363636365,711.3230769230767,0,0,0.0,received money from 4 different senders
ACC_b601c732,5,12,3,3,3387.07,194209.54,57.3385079139197,578.1153197847221,555.6579754852778,677.414,16184.128333333334,0,0,0.0,received money from 3 different senders; passed on 5734% of everything it received
ACC_b68b7a44,13,11,4,4,14562.68,98033.94,6.731861168411309,596.7652801836111,701.7066778055555,1120.206153846154,8912.176363636363,0,0,0.0,received money from 4 different senders; passed on 673% of everything it received
ACC_b6cf6b71,6,12,2,2,47847.36,152620.94,3.1897463099322514,558.3511834177777,549.73432485,7974.56,12718.411666666669,0,0,0.0,received money from 2 different senders; passed on 319% of everything it received
ACC_b7268541,7,15,3,3,217164.26,58483.67,0.269306146416542,617.1057820158333,572.0358379447222,31023.46571428572,3898.911333333333,0,0,0.0,received money from 3 different senders
ACC_b7331b74,7,14,3,6,70811.92000000001,148627.13,2.0988998744844087,635.0914383263888,646.1900230530555,10115.988571428574,10616.223571428573,0,0,0.0,received money from 3 different senders; passed on 210% of everything it received
ACC_b74cb109,11,8,5,4,34201.829999999994,120067.54,3.510558937928176,699.8793362944443,679.2345141094445,3109.2572727272723,15008.4425,0,0,0.0,received money from 5 different senders; passed on 351% of everything it received
ACC_b7590206,3,11,2,2,5215.1,113666.82,21.79571245038446,351.1403892083334,256.5354878175,1738.3666666666668,10333.347272727273,0,0,0.0,passed on 2180% of everything it received
ACC_b77d60f2,5,8,2,5,4687.530000000001,43805.08,9.34502392518021,684.8910227575001,544.8005242972222,937.506,5475.634999999999,0,0,0.0,received money from 2 different senders; passed on 935% of everything it received
ACC_b7946210,16,14,6,4,175526.08000000002,23399.65,0.1333115284064909,612.4040184563888,669.0391126897222,10970.38,1671.4035714285717,0,0,0.0,received money from 6 different senders
ACC_b7f0a8e1,0,4,0,2,0.0,141228.65,0.0,999999.0,999999.0,0.0,35307.1625,0,0,0.1,flagged by the model based on a combination of subtler behavioral signals
ACC_b80b01bb,8,6,2,2,34558.81,111765.95000000004,3.2340798192993345,381.9878049266667,336.87888638416666,4319.85125,18627.658333333336,0,0,0.0,received money from 2 different senders; passed on 323% of everything it received
ACC_b80b609d,3,5,2,3,4529.43,30775.5,6.794563554354521,596.7258166605554,609.0831461694445,1509.8100000000002,6155.1,0,0,0.1,passed on 679% of everything it received
ACC_b839820f,8,4,3,2,60181.72,2614.9,0.043450070885312,505.1084815852778,609.6980990575,7522.715,653.725,0,0,0.0,received money from 3 different senders
ACC_b88a8b97,7,15,4,3,94908.35,12494.29,0.1316458457027227,662.1762016152778,632.5815626583334,13558.335714285711,832.9526666666667,0,0,0.0,received money from 4 different senders
ACC_b8972504,15,7,5,4,487684.02,7178.73,0.0147200435232632,596.0917746766667,694.0027864377778,32512.268,1025.532857142857,0,0,0.0,received money from 5 different senders
ACC_b8be230c,10,8,5,3,9541.65,6886.52,0.7217326143801124,652.6055332788889,463.7282761480556,954.165,860.8149999999999,0,0,0.0,received money from 5 different senders; passed on 72% of everything it received
ACC_b904166e,11,9,3,3,5339.360000000001,205916.12,38.565693266608726,672.2039662222222,633.193929791111,485.3963636363637,22879.568888888887,0,0,0.0,received money from 3 different senders; passed on 3857% of everything it received
ACC_b97778ff,9,4,2,2,75777.29000000001,4068.6,0.0536915479558585,432.82071743638886,490.4124288841667,8419.69888888889,1017.15,0,0,0.0,received money from 2 different senders
ACC_b9920554,8,5,2,3,29768.85,64365.36,2.162171531651374,589.239764156111,657.1403272861112,3721.10625,12873.072,0,0,0.0,received money from 2 different senders; passed on 216% of everything it received
ACC_ba3a18ed,4,12,2,5,41674.37,66307.31999999998,1.5910815208484248,589.7561989775,379.20433645527777,10418.5925,5525.609999999998,0,0,0.0,passed on 159% of everything it received
ACC_ba847952,13,3,3,2,36888.01,1427.0,0.0386846566133548,591.7699813952778,581.3918332519444,2837.539230769231,475.6666666666667,0,0,0.0,received money from 3 different senders
ACC_bacfa1a1,10,13,3,3,35443.43,136691.08,3.8565985289798417,592.5239005,676.7734918775,3544.343,10514.69846153846,0,0,0.0,received money from 3 different senders; passed on 386% of everything it received
ACC_bb34ab23,11,12,4,4,18657.65,303070.61,16.24377185765624,636.9212814080556,600.6472964202778,1696.15,25255.884166666667,0,0,0.0,received money from 4 different senders; passed on 1624% of everything it received
ACC_bb47b094,8,13,3,5,7238.389999999999,59463.490000000005,8.215016046386006,350.8272418252778,270.5057017016667,904.79875,4574.114615384616,0,0,0.0,received money from 3 different senders; passed on 822% of everything it received
ACC_bb899d9b,8,12,5,4,33997.55,70226.01000000001,2.065619728480435,607.0358120394445,597.468291325,4249.693749999999,5852.1675000000005,0,0,0.0,received money from 5 different senders; passed on 207% of everything it received
ACC_bba3be7f,1,7,1,4,482.32,49580.33,102.79550920550672,165.64914752305555,999999.0,482.32,7082.904285714286,0,0,0.0,passed on 10280% of everything it received
ACC_bbe3070c,14,12,5,6,42750.49,73775.09999999999,1.7257135532247698,628.6851838330556,630.3957146886112,3053.6064285714283,6147.924999999999,0,0,0.0,received money from 5 different senders; passed on 173% of everything it received
ACC_bc3f8b87,7,13,2,5,8850.73,75964.81999999999,8.582887513233372,581.1309942266666,417.89822770666666,1264.39,5843.447692307692,0,0,0.0,received money from 2 different senders; passed on 858% of everything it received
ACC_bc89af4a,11,10,4,4,131139.1,9875.94,0.0753088895684048,673.528880348889,694.70086003,11921.736363636364,987.594,0,0,0.0,received money from 4 different senders
ACC_bc8c2100,7,6,2,3,60620.86999999999,5867.25,0.0967859748631123,346.7015728452778,241.18263715666663,8660.124285714284,977.875,0,0,0.0,received money from 2 different senders
ACC_bc9c4bbd,17,10,7,4,75320.26000000001,19764.02,0.2623997845997876,576.6104342755556,585.0995588519445,4430.6035294117655,1976.402,0,0,0.0,received money from 7 different senders
ACC_bcaa46be,15,3,2,2,56061.37,1949.61,0.034776353128723,623.9377633247221,664.6939499211111,3737.4246666666654,649.87,0,0,0.0,received money from 2 different senders
ACC_bccc3107,9,12,5,4,370313.06,155214.27,0.4191433864093262,598.3411157327778,425.0645240913889,41145.89555555556,12934.5225,0,0,0.0,received money from 5 different senders
ACC_bcd81026,22,10,5,5,78631.83000000002,7681.240000000002,0.0976861405870879,671.9544666938889,708.5284667122222,3574.174090909092,768.1240000000001,0,0,0.0,received money from 5 different senders
ACC_bd06127e,0,12,0,5,0.0,47236.69,0.0,999999.0,999999.0,0.0,3936.390833333333,0,0,0.3,flagged by the model based on a combination of subtler behavioral signals
ACC_bd2652a7,9,15,4,5,8758.14,51788.18,5.913148225536473,491.8003136188889,372.91680305638886,973.1266666666666,3452.545333333333,0,0,0.0,received money from 4 different senders; passed on 591% of everything it received
ACC_bd3b0bd0,7,4,2,3,14125.98,6298.25,0.4458628711069958,472.6803328669444,287.1315596833333,2017.9971428571428,1574.5625,0,0,0.0,received money from 2 different senders
ACC_bdeba7dc,7,8,4,5,4710.32,33715.47,7.157787581310824,616.410196611389,627.965586745,672.9028571428571,4214.43375,0,0,0.0,received money from 4 different senders; passed on 716% of everything it received
ACC_be7d35ba,5,15,2,4,14232.669999999998,125725.8,8.833606062671306,610.7453113836111,597.6015707419444,2846.534,8381.72,0,0,0.0,received money from 2 different senders; passed on 883% of everything it received
ACC_be7e468a,1,6,1,2,59189.28,140404.22999999998,2.372122620852965,337.6723164411111,999999.0,59189.28,23400.705,0,0,0.3,passed on 237% of everything it received
ACC_be91c3c8,11,4,3,3,14791.830000000002,36523.57,2.469171833370177,377.41799973583335,462.10867366694447,1344.7118181818184,9130.8925,0,0,0.0,received money from 3 different senders; passed on 247% of everything it received
ACC_bf201ee1,3,11,1,2,4510.1,62478.11,13.852932307487638,677.8157441011111,681.1015943558333,1503.3666666666668,5679.828181818182,0,0,0.0,passed on 1385% of everything it received
ACC_bf6f91ee,4,3,1,2,3019.69,5677.1,1.8800274200331824,79.76055312055556,570.2896916411111,754.9225,1892.3666666666668,0,0,0.1,forwarded funds onward within 79.8 hours of receiving them; passed on 188% of everything it received
ACC_c01290cb,9,11,5,3,297755.37999999995,62536.5,0.210026431764222,566.9475496622222,534.9060737886111,33083.9311111111,5685.136363636364,0,0,0.0,received money from 5 different senders
ACC_c01886de,0,15,0,5,0.0,76995.15999999999,0.0,999999.0,999999.0,0.0,5133.010666666666,0,0,0.2,flagged by the model based on a combination of subtler behavioral signals
ACC_c036519e,8,14,2,5,23952.410000000003,154222.04,6.438685710540192,590.1008931755555,628.0115477713889,2994.0512500000004,11015.86,0,0,0.0,received money from 2 different senders; passed on 644% of everything it received
ACC_c045a347,22,14,3,2,154924.27000000002,404887.16,2.6134521079234383,695.9780893041667,697.4787038713889,7042.012272727274,28920.511428571423,0,0,0.0,received money from 3 different senders; passed on 261% of everything it received
ACC_c05e0bb7,12,10,3,5,10362.1,130756.33,12.61870952799143,646.3048707169445,661.3725360983333,863.5083333333333,13075.633,0,0,0.0,received money from 3 different senders; passed on 1262% of everything it received
ACC_c07d1b83,13,6,5,3,308916.28,47168.00000000001,0.1526886184179092,501.5036922380556,596.5937533230556,23762.79076923077,7861.333333333335,0,0,0.0,received money from 5 different senders
ACC_c0954e76,5,15,3,3,9466.54,46957.86,4.960403695542405,633.5643607397222,596.3575300455556,1893.308,3130.524,0,0,0.0,received money from 3 different senders; passed on 496% of everything it received
ACC_c0d048b5,4,6,2,2,5402.25,8266.75,1.5302420287843028,478.8419088886111,451.6304859988889,1350.5625,1377.7916666666667,0,0,0.0,passed on 153% of everything it received
ACC_c0d6cd87,4,15,1,2,3178.89,76269.0,23.99233694780253,453.2714660933333,387.2329966061111,794.7225,5084.6,0,0,0.0,passed on 2399% of everything it received
ACC_c0ec5c04,6,9,2,4,77124.79,8409.61,0.1090390003006815,527.0259785394444,607.6568040608332,12854.131666666666,934.4011111111112,0,0,0.0,received money from 2 different senders
ACC_c115196c,6,12,3,5,53099.3,69839.45999999999,1.3152614064592187,514.6839227986111,579.1979441233333,8849.883333333333,5819.954999999999,0,0,0.0,received money from 3 different senders; passed on 132% of everything it received
ACC_c120f5ac,12,12,6,4,62969.85999999999,13738.219999999998,0.2181713600760744,712.8240280888889,689.5059512344444,5247.488333333333,1144.8516666666665,0,0,0.0,received money from 6 different senders
ACC_c16de99d,0,14,0,6,0.0,136171.92,0.0,999999.0,999999.0,0.0,9726.565714285714,0,0,0.2,flagged by the model based on a combination of subtler behavioral signals
ACC_c1a3d687,4,3,2,1,1367.81,5204.15,3.804731651325842,591.510962308611,539.5311421830555,341.9525,1734.7166666666665,0,0,0.0,passed on 380% of everything it received
ACC_c1dd3997,2,8,1,3,1610.9299999999998,7665.38,4.758356973921897,76.53535666416666,137.32292869638889,805.4649999999999,958.1725,0,0,0.0,forwarded funds onward within 76.5 hours of receiving them; passed on 476% of everything it received
ACC_c207a601,4,4,3,4,8102.99,5595.7300000000005,0.6905759478908404,684.830054633889,348.0995170758333,2025.7475,1398.9325,0,0,0.1,flagged by the model based on a combination of subtler behavioral signals
ACC_c265b0ee,7,12,2,2,4987.240000000001,21427.27,4.296418459909689,687.8471938961111,600.8335294497223,712.4628571428573,1785.6058333333333,0,0,0.0,received money from 2 different senders; passed on 430% of everything it received
ACC_c2855a15,12,8,3,5,59473.91999999999,5277.26,0.0887323384771005,502.1921202847223,583.7718541911111,4956.159999999999,659.6575,0,0,0.0,received money from 3 different senders
ACC_c2991403,5,7,2,3,2988.99,11292.670000000002,3.7780889196685177,352.42220790638885,363.2317219380556,597.798,1613.2385714285715,0,0,0.0,received money from 2 different senders; passed on 378% of everything it received
ACC_c29c60d9,4,8,3,4,11126.25,64933.09,5.836026513874846,433.7496497494445,468.9378187558333,2781.5625,8116.63625,0,0,0.0,passed on 584% of everything it received
ACC_c2c3a28a,3,8,1,2,3071.82,35571.219999999994,11.579851684017942,678.9803648122223,564.7531138233334,1023.94,4446.402499999999,0,0,0.1,passed on 1158% of everything it received
ACC_c2f60950,6,5,3,2,24079.69,123646.88,5.134903314785199,428.0505381327778,406.7116577925,4013.2816666666654,24729.376,0,0,0.0,received money from 3 different senders; passed on 513% of everything it received
ACC_c32d8580,6,10,2,5,26086.61,142389.4,5.458332838187867,613.1945425325,680.5755974008333,4347.768333333333,14238.94,0,0,0.0,received money from 2 different senders; passed on 546% of everything it received
ACC_c338756b,7,4,3,4,160345.56,14561.72,0.0908146131392724,269.21634814,644.16850628,22906.50857142857,3640.43,0,0,0.0,received money from 3 different senders
ACC_c37ac0e7,7,3,2,2,32982.93,124598.99,3.777681061082202,517.6858037275,553.3807770349999,4711.847142857143,41532.996666666666,0,0,0.1,received money from 2 different senders; passed on 378% of everything it received
ACC_c38ed75e,10,4,5,2,98143.13,20125.91,0.2050669262331454,522.8043934447222,440.1716585666667,9814.313,5031.4775,0,0,0.7,received money from 5 different senders
ACC_c3aeb0f8,1,13,1,4,1037.56,18392.000000000004,17.72620378580516,669.9777794594445,999999.0,1037.56,1414.769230769231,0,0,0.1,passed on 1773% of everything it received
ACC_c4369cd2,15,6,4,2,38902.53,21530.67,0.5534516649688336,498.5651959688889,616.8150524580554,2593.502,3588.445,0,0,0.0,received money from 4 different senders
ACC_c44eb5f2,10,12,3,4,12207.589999999998,198403.09,16.252437213241926,607.7778120697222,593.77769935,1220.7589999999998,16533.590833333332,0,0,0.0,received money from 3 different senders; passed on 1625% of everything it received
ACC_c452b71d,0,12,0,3,0.0,11025.820000000002,0.0,999999.0,999999.0,0.0,918.8183333333336,0,0,0.4,flagged by the model based on a combination of subtler behavioral signals
ACC_c477415d,4,8,3,3,3755.18,56477.08000000001,15.039779717616732,509.297737185,182.780285845,938.795,7059.635000000001,0,0,0.0,passed on 1504% of everything it received
ACC_c49a859b,5,12,2,4,23066.24,134325.24000000002,5.823456272023529,478.0631986527778,558.6798787041666,4613.2480000000005,11193.770000000002,0,0,0.0,received money from 2 different senders; passed on 582% of everything it received
ACC_c49e39ea,29,11,8,2,117470.09,29425.33,0.2504921039900454,682.2060497172222,703.3015962294444,4050.69275862069,2675.03,0,0,0.0,received money from 8 different senders
ACC_c50070b5,2,8,2,2,3505.4500000000003,9740.78,2.778753084482734,381.8652339452778,190.7302107988889,1752.725,1217.5975,0,0,0.3,passed on 278% of everything it received
ACC_c55a240f,7,9,4,3,4274.96,45991.08,10.758248030390927,563.2799346380556,564.3492802322222,610.7085714285714,5110.12,0,0,0.0,received money from 4 different senders; passed on 1076% of everything it received
ACC_c5b1bbe5,13,4,5,3,16187.28,7193.16,0.4443711358548193,375.6581847708333,678.3271765205556,1245.1753846153847,1798.29,0,0,0.0,received money from 5 different senders
ACC_c5c4eae0,0,5,0,3,0.0,63692.9,0.0,999999.0,999999.0,0.0,12738.58,0,0,0.2,flagged by the model based on a combination of subtler behavioral signals
ACC_c5cc5aef,23,3,7,2,789435.17,4252.29,0.0053864967784498,356.4086663336111,689.629661621111,34323.26826086957,1417.43,0,0,0.0,received money from 7 different senders
ACC_c5d80a31,14,12,7,2,403585.49,212684.92,0.5269885198300861,664.3590323608333,686.1931041955556,28827.535,17723.743333333336,0,0,0.0,received money from 7 different senders
ACC_c6276445,2,10,2,3,43168.68,11196.16,0.2593584052141506,582.9498918994445,586.2818148266666,21584.34,1119.616,0,0,0.0,flagged by the model based on a combination of subtler behavioral signals
ACC_c63442ae,11,8,3,4,383529.58,7920.01,0.020650323763815,618.6668457269445,639.3763976966667,34866.32545454545,990.00125,0,0,0.0,received money from 3 different senders
ACC_c66f2053,4,3,2,3,171171.85,39224.74,0.2291541512228792,562.2215028375,618.5185563111111,42792.9625,13074.913333333332,0,0,0.0,flagged by the model based on a combination of subtler behavioral signals
ACC_c6e7d934,14,8,6,3,50947.04,7748.380000000001,0.1520869514696045,657.1176364458333,510.8289932927778,3639.074285714286,968.5475,0,0,0.0,received money from 6 different senders
ACC_c6f43d13,15,12,4,3,60301.71,224047.89,3.715448367882105,658.6375448658333,625.6581836430555,4020.114,18670.6575,0,0,0.0,received money from 4 different senders; passed on 372% of everything it received
ACC_c6fdb7ca,7,11,2,3,5840.6,211133.72,36.149320275314174,474.03013861,359.6062008030556,834.3714285714286,19193.974545454545,0,0,0.0,received money from 2 different senders; passed on 3615% of everything it received
ACC_c7869443,10,14,4,2,42641.920000000006,66761.67000000001,1.565634708756079,566.9074462344445,487.3190283325,4264.192000000001,4768.690714285715,0,0,0.0,received money from 4 different senders; passed on 157% of everything it received
ACC_c80779d6,10,15,3,4,73961.81,108681.38,1.4694256400701928,615.8330371686111,516.0303857402778,7396.181,7245.425333333333,0,0,0.0,received money from 3 different senders; passed on 147% of everything it received
ACC_c85bd2d5,19,13,6,2,92981.66,70624.51000000002,0.7595531204755867,586.3161347155554,577.4973794875,4893.771578947368,5432.6546153846175,0,0,0.0,received money from 6 different senders; passed on 76% of everything it received
ACC_c864db3d,12,8,4,4,6950.05,51970.060000000005,7.477652678757707,696.1425096002778,691.2014388463889,579.1708333333333,6496.257500000001,0,0,0.0,received money from 4 different senders; passed on 748% of everything it received
ACC_c895c808,11,8,3,3,48164.53,58179.5,1.2079324764510315,650.6974920755555,542.1284310925,4378.5936363636365,7272.4375,0,0,0.0,received money from 3 different senders; passed on 121% of everything it received
ACC_c8e5cae3,5,8,2,3,172778.84,129507.32,0.7495554432475643,543.6153004166667,477.48921538472223,34555.768,16188.415,0,0,0.0,received money from 2 different senders; passed on 75% of everything it received
ACC_c9356f6b,4,9,1,3,15791.419999999998,51766.490000000005,3.278140281241333,421.9851346658333,596.4755276230555,3947.855,5751.832222222223,0,0,0.0,passed on 328% of everything it received
ACC_c941bf7b,4,14,2,5,3973.59,42445.56,10.681917359365208,441.5793108922222,372.35961346833335,993.3975,3031.825714285714,0,0,0.0,passed on 1068% of everything it received
ACC_c983aebb,4,6,2,3,175169.41999999998,11065.92,0.0631726702069345,630.2538178294444,286.80306975916665,43792.355,1844.32,0,0,0.0,flagged by the model based on a combination of subtler behavioral signals
ACC_c9cf7e3f,5,4,3,3,6876.07,3167.0,0.4605828620127485,143.7453781736111,470.0913644930556,1375.214,791.75,0,0,0.0,received money from 3 different senders
ACC_c9d16afb,12,15,6,2,12575.87,112202.77999999998,8.922069009937283,714.502256736389,597.5078041422222,1047.9891666666665,7480.185333333332,0,0,0.0,received money from 6 different senders; passed on 892% of everything it received
ACC_c9efa7fc,5,15,2,5,3219.09,34521.600000000006,10.724024491393532,657.0500195827777,535.6666195333333,643.818,2301.4400000000005,0,0,0.0,received money from 2 different senders; passed on 1072% of everything it received
ACC_c9fb59cf,4,14,2,6,41210.810000000005,89589.87999999999,2.173941254733891,406.67193640722223,417.7121081305556,10302.7025,6399.277142857142,0,0,0.0,passed on 217% of everything it received
ACC_ca09ff74,2,4,1,3,1483.8000000000002,5124.759999999999,3.4538077908073856,190.2062572058333,84.34357243833333,741.9000000000001,1281.1899999999998,0,0,0.2,passed on 345% of everything it received
ACC_ca3a71be,7,15,4,6,299203.14,154760.06,0.5172407615775689,652.3208646897223,614.2567680661111,42743.305714285714,10317.337333333331,0,0,0.0,received money from 4 different senders
ACC_ca7af937,7,9,3,2,8444.95,60474.490000000005,7.161024043955263,502.7708563411111,464.7116059533333,1206.4214285714286,6719.387777777778,0,0,0.0,received money from 3 different senders; passed on 716% of everything it received
ACC_ca7fbda9,5,3,2,2,123198.62,69364.43,0.5630292774383349,549.77895847,393.1932773769444,24639.724,23121.476666666666,0,0,0.0,received money from 2 different senders
ACC_cad38dfe,16,14,6,4,638548.7,134398.93,0.2104756144676201,650.2877722766667,566.4005017611111,39909.29375,9599.923571428571,0,0,0.0,received money from 6 different senders
ACC_cb15d66c,5,5,2,3,128468.41,45331.32,0.3528596640995246,682.4004649430556,577.169531075,25693.682,9066.264,0,0,0.0,received money from 2 different senders
ACC_cb4c33bd,11,4,3,2,47168.25,7201.22,0.1526709174073661,365.3158352377778,450.52529124277777,4288.022727272727,1800.305,0,0,0.0,received money from 3 different senders
ACC_cbb1a530,1,12,1,2,74.43,14437.19,193.97003896278372,6.6358808875,999999.0,74.43,1203.0991666666666,0,0,0.1,forwarded funds onward within 6.6 hours of receiving them; passed on 19397% of everything it received
ACC_cbdc5777,11,10,4,5,8400.390000000001,56804.08,6.762076522637639,484.70488472444447,460.7102739063889,763.6718181818183,5680.408,0,0,0.0,received money from 4 different senders; passed on 676% of everything it received
ACC_cbde78d7,18,9,5,2,20366.11,9483.66,0.4656588813474934,618.3916660833332,667.1794554336111,1131.4505555555556,1053.74,0,0,0.0,received money from 5 different senders
ACC_cc0cbe9e,13,11,3,5,98135.67,58415.6,0.5952534893785306,472.6265796030555,502.1756862558333,7548.897692307693,5310.50909090909,0,0,0.0,received money from 3 different senders
ACC_ccca1178,3,15,2,6,86125.01000000001,22248.27,0.2583253110797897,666.914175905,387.3307783713889,28708.33666666667,1483.2179999999998,0,0,0.0,flagged by the model based on a combination of subtler behavioral signals
ACC_cd6ad107,13,15,5,2,40377.07,69152.65999999999,1.712671573246895,704.45749201,683.1358190636112,3105.9284615384613,4610.177333333332,0,0,0.0,received money from 5 different senders; passed on 171% of everything it received
ACC_cdea1105,5,4,2,3,4205.27,5968.04,1.419181170293465,386.48795215166666,434.4984888961111,841.0540000000001,1492.01,0,0,0.0,received money from 2 different senders; passed on 142% of everything it received
ACC_ce2e3f78,5,10,2,4,6691.530000000001,28750.75,4.296588373660432,292.9943708413889,337.6280822291667,1338.306,2875.075,0,0,0.0,received money from 2 different senders; passed on 430% of everything it received
ACC_ce4524f2,3,10,1,2,9442.14,21554.89,2.2828394834221903,365.4428792719445,346.456589005,3147.38,2155.489,0,0,0.0,passed on 228% of everything it received
ACC_ce698981,11,3,4,2,57930.24,56948.810000000005,0.9830584164678068,534.0089449366667,681.5560000322222,5266.385454545454,18982.93666666667,0,0,0.0,received money from 4 different senders; passed on 98% of everything it received
ACC_ce74fce6,8,5,3,2,65738.62,16975.22,0.2582229441384684,529.4325418944445,601.5601064274999,8217.3275,3395.0440000000003,0,0,0.0,received money from 3 different senders
ACC_ce8e2167,8,8,4,3,65041.62,12976.34,0.1995082533307134,423.21438777527777,618.2364550008334,8130.202499999999,1622.0425,0,0,0.0,received money from 4 different senders
ACC_cec17a10,26,9,8,4,70546.74,64462.43,0.913754909156681,697.2932488902777,697.9051272358332,2713.336153846154,7162.492222222222,0,0,0.0,received money from 8 different senders; passed on 91% of everything it received
ACC_cf3e2be7,22,14,8,3,24547.56,43423.07,1.7689363016120545,632.3997940686111,671.9803108830556,1115.7981818181818,3101.647857142857,0,0,0.0,received money from 8 different senders; passed on 177% of everything it received
ACC_cf5d16c1,8,13,3,2,64805.8,85386.14,1.317569415083218,636.7505190138888,649.3467212077777,8100.724999999999,6568.164615384615,0,0,0.0,received money from 3 different senders; passed on 132% of everything it received
ACC_cf631b20,17,15,5,5,562353.07,52360.23,0.0931091742772916,663.4520593416667,619.432263333889,33079.592352941174,3490.682,0,0,0.0,received money from 5 different senders
ACC_cf8570af,13,4,5,3,24292.8,56522.740000000005,2.3267280840413624,427.66791630166665,683.5585686344443,1868.676923076923,14130.685,0,0,0.0,received money from 5 different senders; passed on 233% of everything it received
ACC_cfa283db,14,11,5,3,8467.64,59169.75,6.987749833483711,535.713132865,573.4401171877778,604.8314285714285,5379.068181818182,0,0,0.0,received money from 5 different senders; passed on 699% of everything it received
ACC_cfd31082,8,11,4,5,276645.56000000006,49220.6,0.1779193564501812,583.9193256838889,663.2002335055555,34580.69500000001,4474.599999999999,0,0,0.0,received money from 4 different senders
ACC_cfdbd590,9,14,3,6,88877.23,20115.36,0.2263274856788403,481.2833979075,431.62823117500005,9875.247777777777,1436.811428571429,0,0,0.0,received money from 3 different senders
ACC_d00e0e23,8,8,4,4,23393.9,15165.259999999998,0.6482570242670097,479.3011537969444,491.0190769063889,2924.2375,1895.6575,0,0,0.0,received money from 4 different senders
ACC_d07a8f8f,1,14,1,4,24374.21,10822.67,0.4440213652052723,24.147629557222224,999999.0,24374.21,773.0478571428572,0,0,0.0,forwarded funds onward within 24.1 hours of receiving them
ACC_d0865ad8,15,7,6,5,96196.64,64260.59,0.6680128328806494,544.7593625766667,661.0258300922222,6413.109333333335,9180.084285714283,0,0,0.0,received money from 6 different senders
ACC_d0bb7100,15,13,7,3,449097.19,9691.820000000002,0.0215806738848666,711.0061767088888,699.4735741722221,29939.81266666667,745.5246153846155,0,0,0.0,received money from 7 different senders
ACC_d0d1fa37,6,5,3,2,28625.860000000004,12638.36,0.4415014955009211,576.2120605483334,467.3771198836111,4770.976666666667,2527.672,0,0,0.0,received money from 3 different senders
ACC_d1135055,6,3,3,2,6045.15,1466.84,0.2426474115613343,546.9900115975,602.3688033316668,1007.525,488.94666666666666,0,0,0.0,received money from 3 different senders
ACC_d11f22fc,6,3,1,2,6777.86,4074.89,0.6012059853700136,459.38239333,663.913311586111,1129.6433333333332,1358.2966666666669,0,0,0.0,received money from 1 different senders
ACC_d13d33dd,3,12,1,5,6006.16,14423.17,2.4013962332005807,672.2838251327778,364.29628183722224,2002.0533333333333,1201.930833333333,0,0,0.0,passed on 240% of everything it received
ACC_d1498f3d,1,6,1,3,427.67,84608.95000000001,197.8370004910328,286.19437022361114,999999.0,427.67,14101.491666666669,0,0,0.0,passed on 19784% of everything it received
ACC_d17c848f,13,5,4,2,13368.92,6476.12,0.484416093446591,540.8219183463889,583.5530723541667,1028.3784615384616,1295.224,0,0,0.0,received money from 4 different senders
ACC_d1a47090,21,10,5,5,73514.96,122599.6,1.6676823329564483,590.7800703616666,606.7428086274999,3500.7123809523814,12259.96,0,0,0.0,received money from 5 different senders; passed on 167% of everything it received
ACC_d2207702,11,8,3,4,23082.74,114837.69,4.9750458567743685,664.6165678061111,699.7053549763889,2098.430909090909,14354.71125,0,0,0.0,received money from 3 different senders; passed on 498% of everything it received
ACC_d27c9309,4,8,2,4,38224.530000000006,172067.64,4.501497860143735,557.2323760269445,323.2288010275,9556.132500000002,21508.455,0,0,0.0,passed on 450% of everything it received
ACC_d2cbf922,5,9,2,2,3693.73,15387.39,4.165813418955906,677.3206719708332,364.6898096283333,738.7459999999999,1709.71,0,0,0.5,received money from 2 different senders; passed on 417% of everything it received
ACC_d2d3d1a6,12,14,6,3,16470.4,71128.28000000001,4.318552069166505,593.7973964480556,630.5571023744444,1372.5333333333335,5080.59142857143,0,0,0.0,received money from 6 different senders; passed on 432% of everything it received
ACC_d2f10f11,2,13,2,3,776.1800000000001,96069.38,123.7720374140019,437.18913545888887,0.9172437644444446,388.09,7389.952307692308,0,0,0.0,passed on 12377% of everything it received
ACC_d32d5b67,24,15,7,3,92293.43,42221.85999999999,0.4574741669044047,688.7456205019444,692.738554408889,3845.559583333333,2814.7906666666663,0,0,0.0,received money from 7 different senders
ACC_d3670d1e,14,9,6,3,30981.370000000003,52958.85999999999,1.7093776033790626,700.7317432163888,676.5182185577778,2212.9550000000004,5884.317777777777,0,0,0.0,received money from 6 different senders; passed on 171% of everything it received
ACC_d39d0cb6,8,8,4,3,267829.3,27477.22,0.1025922854594325,577.5642109683333,522.9986826722222,33478.6625,3434.6525,0,0,0.0,received money from 4 different senders
ACC_d3b0ce7e,4,13,2,6,48809.14,82014.78,1.680316022777701,664.4435639677778,430.535052795,12202.285,6308.829230769231,0,0,0.0,passed on 168% of everything it received
ACC_d444b4da,14,3,4,1,47450.7,4612.31,0.0972021487564988,633.6015447305556,657.5567983297223,3389.3357142857144,1537.4366666666667,0,0,0.0,received money from 4 different senders
ACC_d49b18d6,23,12,6,2,134430.27,9538.36,0.0709539599972536,658.0019689261111,596.9621241038889,5844.794347826087,794.8633333333333,0,0,0.0,received money from 6 different senders
ACC_d521135f,4,13,2,5,5399.92,22940.370000000003,4.248279604142284,586.0165913194444,657.2426278311111,1349.98,1764.6438461538464,0,0,0.0,passed on 425% of everything it received
ACC_d55e94c5,15,5,6,4,63526.23,12545.93,0.1974921225452856,649.3389273875,688.2496489422223,4235.081999999999,2509.186,0,0,0.0,received money from 6 different senders
ACC_d5742ceb,9,11,5,3,30869.0,216089.60000000003,7.000213806731674,611.0736684708334,636.3965719944445,3429.8888888888887,19644.50909090909,0,0,0.0,received money from 5 different senders; passed on 700% of everything it received
ACC_d5b1aea2,12,4,5,2,9965.66,780.99,0.0783681161107242,206.387680525,614.8922775075,830.4716666666667,195.2475,0,0,0.1,received money from 5 different senders
ACC_d5d243d1,2,13,1,2,2756.37,25607.49,9.290294844306098,97.42942196138888,117.9628524275,1378.185,1969.8069230769229,0,0,0.0,forwarded funds onward within 97.4 hours of receiving them; passed on 929% of everything it received
ACC_d60706b9,9,4,4,3,96184.75999999998,53597.130000000005,0.5572310000045747,371.5694382533333,450.93889926083335,10687.195555555554,13399.2825,0,0,0.0,received money from 4 different senders
ACC_d616d7b0,6,7,2,4,7075.62,7511.370000000001,1.0615847091844957,548.7838952927777,507.17689780833336,1179.27,1073.0528571428572,0,0,0.1,received money from 2 different senders; passed on 106% of everything it received
ACC_d624838f,29,6,9,4,89736.28,27655.89,0.3081907340041285,550.5115276047222,682.3299337558333,3094.3544827586206,4609.315,0,0,0.0,received money from 9 different senders
ACC_d65202c0,12,13,4,5,35713.69,7524.9,0.2107007144879176,611.6520129469444,609.8904608694445,2976.1408333333334,578.8384615384615,0,0,0.0,received money from 4 different senders
ACC_d6681540,8,3,5,2,8163.66,2837.24,0.3475450961945989,222.46665082777776,440.1732940058333,1020.4575,945.7466666666666,0,0,0.0,received money from 5 different senders
ACC_d68c9623,9,8,3,2,17166.8,44662.7,2.601690472307012,461.7479408358333,465.0616567155556,1907.4222222222224,5582.8375,0,0,0.0,received money from 3 different senders; passed on 260% of everything it received
ACC_d6acec93,10,11,4,4,64138.18,23022.81,0.358956396954201,625.7044747063889,597.1473670933334,6413.818,2092.982727272727,0,0,0.0,received money from 4 different senders
ACC_d6ad4821,8,9,3,2,274395.84,184216.21,0.6713520511098129,605.4735504475001,444.0965179394444,34299.48,20468.46777777778,0,0,0.0,received money from 3 different senders
ACC_d6badcad,13,8,5,4,72167.06999999999,117239.45,1.624556047515855,461.41215595166665,583.0259473425,5551.313076923077,14654.93125,0,0,0.0,received money from 5 different senders; passed on 162% of everything it received
ACC_d703a4bc,15,11,5,2,20524.67,9071.41,0.4419759245824658,679.290532705,699.3177680369445,1368.3113333333336,824.6736363636363,0,0,0.0,received money from 5 different senders
ACC_d7375ea1,3,8,1,3,5107.86,72074.41,14.110490498956512,420.3470448483333,529.7769913975,1702.62,9009.30125,0,0,0.0,passed on 1411% of everything it received
ACC_d75cdb30,10,8,4,6,285997.75999999995,31974.070000000003,0.111798323175678,661.1267515397221,567.4860372261111,28599.775999999994,3996.75875,0,0,0.0,received money from 4 different senders
ACC_d779a7b0,16,13,6,6,114713.75,234628.52,2.0453391158426952,452.3127613200001,634.3924142541666,7169.609375,18048.34769230769,0,0,0.0,received money from 6 different senders; passed on 205% of everything it received
ACC_d77fcc92,20,10,4,3,42360.37,53877.55,1.2718857271548856,553.292386975,696.9283197158334,2118.0185,5387.754999999999,0,0,0.0,received money from 4 different senders; passed on 127% of everything it received
ACC_d811ecae,3,10,1,6,5204.15,36227.63,6.961296273166608,450.7663479672222,328.1179976361111,1734.7166666666665,3622.763,0,0,0.3,passed on 696% of everything it received
ACC_d819b6af,10,8,4,3,48805.76000000001,26559.44,0.5441865878125859,549.2054359383334,607.016691113611,4880.576000000001,3319.93,0,0,0.0,received money from 4 different senders
ACC_d82df33a,11,14,2,2,10220.95,13579.87,1.3286309002587822,634.0098669025001,671.2020481211111,929.1772727272728,969.9907142857144,0,0,0.0,received money from 2 different senders; passed on 133% of everything it received
ACC_d8c9c7f4,0,13,0,4,0.0,110029.80999999998,0.0,999999.0,999999.0,0.0,8463.831538461538,0,0,0.3,flagged by the model based on a combination of subtler behavioral signals
ACC_d8edb01e,7,14,3,5,6977.000000000001,91574.00999999998,13.125126845349,582.7073482225,544.5851949547222,996.714285714286,6541.000714285713,0,0,0.0,received money from 3 different senders; passed on 1313% of everything it received
ACC_d90914cc,2,7,1,2,2851.92,6474.610000000001,2.270263541754327,391.0828378411111,233.60522565416665,1425.96,924.9442857142858,0,0,0.0,passed on 227% of everything it received
ACC_d9463d75,19,7,6,3,79338.43000000001,13183.05,0.1661622242839945,667.673507678611,662.1764463675,4175.706842105264,1883.292857142857,0,0,0.0,received money from 6 different senders
ACC_d9628d4c,2,15,2,2,2801.99,17636.070000000003,6.294123105364403,189.1778626161111,83.40065964083333,1400.995,1175.7380000000005,0,0,0.0,passed on 629% of everything it received
ACC_d96d58a9,5,11,3,5,11795.49,96818.03,8.208054943033313,520.4053357144445,310.245646185,2359.098,8801.639090909091,0,0,0.0,received money from 3 different senders; passed on 821% of everything it received
ACC_d981676c,6,5,4,3,2154.73,73053.34,33.90370951348893,618.1330090469444,628.3004804472222,359.12166666666667,14610.668,0,0,0.0,received money from 4 different senders; passed on 3390% of everything it received
ACC_d9927562,5,8,4,4,8158.68,39785.17,4.876422411468521,620.8071386791667,300.3020224225,1631.736,4973.14625,0,0,0.9,received money from 4 different senders; passed on 488% of everything it received
ACC_d99e6aa2,0,9,0,4,0.0,38698.26,0.0,999999.0,999999.0,0.0,4299.806666666667,0,0,0.3,flagged by the model based on a combination of subtler behavioral signals
ACC_d9c19bfa,14,5,4,4,55870.32,41363.6,0.7403501537130984,334.42038145583336,623.9023997202778,3990.737142857143,8272.72,0,0,0.0,received money from 4 different senders; passed on 74% of everything it received
ACC_d9df8d7a,11,10,3,3,39205.91,4156.6900000000005,0.106022025760912,630.7289484175,469.8468999061111,3564.173636363637,415.669,0,0,0.0,received money from 3 different senders
ACC_da6d61bf,6,7,1,4,161508.83000000002,3462.82,0.0214404376528515,359.8350553458333,535.4258028825,26918.138333333336,494.6885714285714,0,0,0.0,received money from 1 different senders
ACC_da7d97ec,3,7,2,3,133428.61000000002,91002.35,0.6820302632246561,297.1059566569445,496.6492186219445,44476.20333333334,13000.335714285711,0,0,0.0,flagged by the model based on a combination of subtler behavioral signals
ACC_da7da0fc,14,15,4,3,16980.58,8775.810000000001,0.5168145022137053,695.7369696405556,713.4741061652778,1212.8985714285716,585.0540000000001,0,0,0.0,received money from 4 different senders
ACC_da930ab1,5,14,2,4,49396.70999999999,38216.91,0.773673185926755,506.4825959944444,492.54323462527776,9879.342,2729.7792857142854,0,0,0.0,received money from 2 different senders; passed on 77% of everything it received
ACC_dab25a16,4,14,2,3,7885.56,70081.55,8.887326962194187,603.9348858041667,542.1284884622222,1971.39,5005.825,0,0,0.6,passed on 889% of everything it received
ACC_db09b246,13,12,5,4,309619.81000000006,262196.74000000005,0.8468345097169332,661.409470368889,697.5141310819444,23816.908461538467,21849.728333333336,0,0,0.0,received money from 5 different senders; passed on 85% of everything it received
ACC_db5b3b03,8,10,3,4,17963.75,62142.22000000001,3.4593122260107165,591.0364039280555,501.3124113930555,2245.46875,6214.222000000001,0,0,0.0,received money from 3 different senders; passed on 346% of everything it received
ACC_db7051e5,12,10,3,6,469093.37,14023.76,0.0298954555678329,712.5690427680555,606.3115550008333,39091.114166666666,1402.376,0,0,0.0,received money from 3 different senders
ACC_db9f8a5b,19,14,8,5,34220.16,124425.27,3.636022449924256,496.72596907,629.4813079366667,1801.0610526315788,8887.519285714287,0,0,0.0,received money from 8 different senders; passed on 364% of everything it received
ACC_dbb8eb15,13,12,3,5,75755.7,59928.42999999999,0.7910748630136082,668.7664665677778,594.9630861230555,5827.361538461539,4994.035833333332,0,0,0.0,received money from 3 different senders; passed on 79% of everything it received
ACC_dbdd2d10,4,13,1,4,37669.59,9854.96,0.2616158020302318,341.8505033525,190.27758025416668,9417.3975,758.073846153846,0,0,0.0,flagged by the model based on a combination of subtler behavioral signals
ACC_dbe5d5ff,1,9,1,5,1516.0,86444.7,57.02156992084433,307.0160331836111,999999.0,1516.0,9604.966666666667,0,0,0.0,passed on 5702% of everything it received
ACC_dbff0d70,8,3,3,3,10194.92,2466.04,0.2418890977074856,511.4049499997223,533.5904912136111,1274.365,822.0133333333333,0,0,0.0,received money from 3 different senders
ACC_dc12da7e,9,3,3,3,7516.83,1552.59,0.2065485051544334,250.12065335722224,542.9858900208334,835.2033333333334,517.5300000000001,0,0,0.1,received money from 3 different senders
ACC_dc716d9f,8,14,3,5,60955.7,54195.35999999999,0.8890942110417893,619.6335149977778,635.0121852941667,7619.4625,3871.0971428571424,0,0,0.0,received money from 3 different senders; passed on 89% of everything it received
ACC_dc84164c,35,6,9,3,189818.42,71782.03,0.3781615609275433,442.7812989119444,691.7459097872222,5423.383428571428,11963.671666666669,0,0,0.0,received money from 9 different senders
ACC_dce802af,10,10,5,4,11941.23,10010.1,0.8382804786441599,693.8204599263889,591.3550531294444,1194.123,1001.01,0,0,0.0,received money from 5 different senders; passed on 84% of everything it received
ACC_dd0c302c,2,3,2,2,658.64,82277.15,124.91975889712134,334.8158957227778,326.05686805333335,329.32,27425.716666666664,0,0,0.1,passed on 12492% of everything it received
ACC_dd722bc4,5,8,3,2,178386.66,19370.4,0.1085865949841765,432.9513367663889,316.6055461775,35677.332,2421.3,0,0,0.0,received money from 3 different senders
ACC_ddadb863,8,11,4,2,8051.59,50269.71000000001,6.243451293471228,573.4911735711111,527.74403003,1006.44875,4569.973636363637,0,0,0.0,received money from 4 different senders; passed on 624% of everything it received
ACC_ddca4330,14,6,4,5,114317.17999999998,49909.0,0.4365835476347475,565.5441643697222,655.7495929111111,8165.512857142856,8318.166666666666,0,0,0.0,received money from 4 different senders
ACC_de0a8475,4,14,1,4,5952.5,72533.65,12.185409491810162,569.7581886308333,522.3276284250001,1488.125,5180.974999999999,0,0,0.0,passed on 1219% of everything it received
ACC_de5dc706,6,7,2,5,52112.01,50974.22,0.9781664533761028,683.4075526677778,437.43881679388886,8685.335000000001,7282.031428571428,0,0,0.0,received money from 2 different senders; passed on 98% of everything it received
ACC_de96ced8,14,5,6,4,36251.100000000006,8170.120000000001,0.2253757817004173,383.3679807044445,686.8404193247222,2589.3642857142863,1634.024,0,0,0.0,received money from 6 different senders
ACC_dea0372f,6,13,3,4,3181.25,48216.94000000002,15.156601964636549,534.5531928002778,416.5914522311111,530.2083333333334,3708.995384615386,0,0,0.0,received money from 3 different senders; passed on 1516% of everything it received
ACC_decce1f2,12,14,6,4,69780.79,116054.9,1.6631353700638816,699.6073871158334,707.0951251691666,5815.065833333333,8289.635714285714,0,0,0.0,received money from 6 different senders; passed on 166% of everything it received
ACC_dee84a6a,2,6,2,3,1642.0300000000002,13559.15,8.257553150673251,319.13748341944444,198.32518753638888,821.0150000000001,2259.8583333333336,0,0,4.5,passed on 826% of everything it received
ACC_df12475e,8,15,2,4,57672.87,71668.35,1.2426700804034896,622.6367957616667,663.5908211427778,7209.10875,4777.89,0,0,0.0,received money from 2 different senders; passed on 124% of everything it received
ACC_df2495e1,3,15,2,5,54737.33,23415.89,0.4277864850185421,471.764473435,307.7111157738889,18245.77666666667,1561.0593333333334,0,0,0.0,flagged by the model based on a combination of subtler behavioral signals
ACC_df40493d,7,15,2,2,15386.18,160054.61000000004,10.402491716592426,605.3328597325,510.47341633472223,2198.0257142857145,10670.307333333336,0,0,0.0,received money from 2 different senders; passed on 1040% of everything it received
ACC_df749c49,18,14,6,5,51313.26,164191.69999999998,3.1997908532804185,605.0252411827778,606.0186339477779,2850.7366666666667,11727.97857142857,0,0,0.0,received money from 6 different senders; passed on 320% of everything it received
ACC_df9eadfb,12,3,3,2,19534.620000000003,3344.34,0.1712006683518799,442.2950898211111,629.519612823611,1627.8850000000002,1114.78,0,0,0.0,received money from 3 different senders
ACC_dffc3918,19,15,6,2,46069.84,304817.41,6.616419983225467,582.38683436,492.5241300833333,2424.728421052632,20321.160666666667,0,0,0.0,received money from 6 different senders; passed on 662% of everything it received
ACC_e0a63c36,16,4,4,2,37325.81,60297.59,1.6154395577751697,369.2510552516667,679.0315701061111,2332.863125,15074.3975,0,0,0.1,received money from 4 different senders; passed on 162% of everything it received
ACC_e0d1fa2f,8,6,4,3,95819.95,5861.03,0.0611671160337695,588.2700088888889,398.57206798388887,11977.49375,976.8383333333333,0,0,0.0,received money from 4 different senders
ACC_e0fc7c1b,4,8,2,3,2569.52,100490.07,39.108498863600985,532.2303395061111,632.2906297841666,642.38,12561.25875,0,0,0.0,passed on 3911% of everything it received
ACC_e10f4983,2,6,2,4,3969.44,26960.950000000004,6.792129368374381,506.61655154777776,153.12698672805558,1984.72,4493.491666666668,0,0,0.0,passed on 679% of everything it received
ACC_e133442c,16,15,4,5,59990.58,97359.52999999998,1.6229136307733645,657.9119986361111,597.2588126644445,3749.41125,6490.635333333333,0,0,0.0,received money from 4 different senders; passed on 162% of everything it received
ACC_e138394f,9,15,4,3,358245.46,48673.71,0.1358669276646241,559.8401525191666,610.9058056380555,39805.05111111111,3244.914,0,0,0.0,received money from 4 different senders
ACC_e13c953f,1,10,1,3,38537.3,35399.130000000005,0.9185679847835734,575.9052468438889,999999.0,38537.3,3539.9130000000005,0,0,0.0,passed on 92% of everything it received
ACC_e1c9c06f,14,3,4,1,56617.59,1773.61,0.0313261302715286,187.3793430038889,431.9619309083333,4044.113571428571,591.2033333333333,0,0,0.0,received money from 4 different senders
ACC_e1ed57b2,4,4,2,3,5268.84,3297.82,0.6259100674911365,157.15265691166667,446.2904743397222,1317.21,824.4549999999999,0,0,0.0,flagged by the model based on a combination of subtler behavioral signals
ACC_e2050977,7,14,2,3,226358.78,16221.29,0.071661854689268,458.25106563,458.7182173297222,32336.96857142857,1158.6635714285717,0,0,0.0,received money from 2 different senders
ACC_e21577d3,24,5,7,3,83703.22,165300.01,1.97483454041553,650.6513626325,706.4815697877777,3487.6341666666667,33060.002,0,0,0.0,received money from 7 different senders; passed on 197% of everything it received
ACC_e21ff3a5,7,4,2,3,3474.95,2975.0800000000004,0.856150448207888,582.0271016544444,462.6991079280556,496.4214285714285,743.7700000000001,0,0,0.0,received money from 2 different senders; passed on 86% of everything it received
ACC_e227f6d8,5,9,4,3,4472.31,7796.009999999999,1.7431729911388072,683.1193000827777,404.0052304236111,894.4620000000001,866.2233333333332,0,0,0.0,received money from 4 different senders; passed on 174% of everything it received
ACC_e22e6fc7,1,7,1,3,12569.51,39703.94,3.158750022872809,361.5263666647223,999999.0,12569.51,5671.9914285714285,0,0,0.0,passed on 316% of everything it received
ACC_e2f97b69,7,5,2,2,80107.03,17363.640000000003,0.2167555082244343,214.4406098133333,403.3065897641667,11443.861428571428,3472.7280000000005,0,0,0.0,received money from 2 different senders
ACC_e343595d,17,10,8,5,25922.070000000003,6836.54,0.2637343391172078,527.7421882041666,581.4322316444444,1524.8276470588237,683.654,0,0,0.0,received money from 8 different senders
ACC_e37d9d24,8,9,4,4,51234.08,19024.45,0.3713241264408378,640.5276938647222,493.5871775147223,6404.26,2113.827777777778,0,0,0.0,received money from 4 different senders
ACC_e39f6d8e,4,10,2,3,28330.6,10211.95,0.3604565381601519,450.52611255833335,232.12169115166668,7082.65,1021.195,0,0,0.2,flagged by the model based on a combination of subtler behavioral signals
ACC_e3b5ca99,11,10,4,2,103300.97,224517.04,2.173426251466952,591.428459975,686.9689217830555,9390.997272727273,22451.704,0,0,0.0,received money from 4 different senders; passed on 217% of everything it received
ACC_e3c02128,8,3,5,3,4337.2,55282.84,12.7462049248363,635.4318238394445,627.1603802061111,542.15,18427.61333333333,0,0,0.0,received money from 5 different senders; passed on 1275% of everything it received
ACC_e43b3b4b,20,3,7,3,610000.2999999998,57915.42,0.0949432647820009,380.3552921861111,614.1832624872222,30500.014999999992,19305.14,0,0,0.0,received money from 7 different senders
ACC_e445c7df,2,7,1,5,3004.2200000000003,114704.44,38.18110524528829,349.7787764813889,81.91633221333333,1502.11,16386.34857142857,0,0,0.0,passed on 3818% of everything it received
ACC_e48628dc,7,10,3,5,61319.19,9664.16,0.1576041692657714,569.0366743141667,554.5597233180556,8759.884285714284,966.416,0,0,0.0,received money from 3 different senders
ACC_e49d195e,6,6,2,3,4190.02,6162.349999999999,1.470720903480174,670.5551040072222,649.4958698636111,698.3366666666667,1027.0583333333332,0,0,0.0,received money from 2 different senders; passed on 147% of everything it received
ACC_e4c519bd,3,4,1,4,32187.18,68068.51000000001,2.1147708497606814,349.3696651447222,428.9563118813888,10729.06,17017.127500000002,0,0,0.3,passed on 211% of everything it received
ACC_e4c721f7,20,14,8,5,107022.33,103429.52,0.9664293423624768,662.0556496602778,612.1501277122222,5351.1165,7387.822857142856,0,0,0.0,received money from 8 different senders; passed on 97% of everything it received
ACC_e4e8bbf9,1,15,1,4,208.33,133822.97,642.3605337685402,525.6624825625,999999.0,208.33,8921.531333333334,0,0,0.0,passed on 64236% of everything it received
ACC_e558bbb2,3,12,2,5,8124.51,131659.89999999997,16.205272687214364,205.62804760777777,125.125320455,2708.17,10971.658333333333,0,0,0.0,passed on 1621% of everything it received
ACC_e5afebcf,5,11,1,3,53031.73999999999,18138.25,0.3420263034929648,659.6943054166667,490.64544612416665,10606.347999999998,1648.9318181818182,0,0,0.0,received money from 1 different senders
ACC_e638ef48,7,13,2,4,5140.02,20148.590000000004,3.919943891268906,668.86350488,654.2264634891667,734.2885714285715,1549.8915384615389,0,0,0.0,received money from 2 different senders; passed on 392% of everything it received
ACC_e67fcfd4,3,15,2,3,3732.55,67824.56,18.17110554446692,224.55589439416667,55.433019798888886,1244.1833333333332,4521.637333333333,0,0,0.0,passed on 1817% of everything it received
ACC_e69fb4cf,4,7,2,4,38855.62,80962.32,2.083670779156272,607.9308833747223,594.2367982386111,9713.905,11566.045714285716,0,0,0.0,passed on 208% of everything it received
ACC_e6b55b8d,7,8,3,3,105266.01,25593.81,0.2431346072678161,655.056219721111,567.5377396980556,15038.001428571428,3199.22625,0,0,0.0,received money from 3 different senders
ACC_e6b93613,7,13,2,4,192661.99,88744.11,0.4606207482856374,684.4968116463889,616.4691622836111,27523.14142857143,6826.47,0,0,0.0,received money from 2 different senders
ACC_e6bc4419,6,15,3,2,8364.16,28439.89,3.400208747800138,354.9343516336112,373.72974868055553,1394.0266666666666,1895.9926666666663,0,0,0.0,received money from 3 different senders; passed on 340% of everything it received
ACC_e6bec8cd,6,15,1,2,30526.980000000003,26528.22,0.8690089881147756,592.1028024366666,648.9483050694445,5087.830000000001,1768.5479999999995,0,0,0.0,received money from 1 different senders; passed on 87% of everything it received
ACC_e6d89c38,4,5,1,3,6308.77,119302.43,18.91056893816069,209.5406342211112,406.8663223672222,1577.1925,23860.486,0,0,0.1,passed on 1891% of everything it received
ACC_e713ae5a,14,3,4,2,69563.09,759.71,0.0109211652328842,620.5570986461112,634.3345762955555,4968.792142857143,253.23666666666668,0,0,0.0,received money from 4 different senders
ACC_e7ef8956,8,8,3,4,60051.68,47936.33,0.7982512729036058,404.41187838027776,425.2968804875,7506.46,5992.04125,0,0,0.0,received money from 3 different senders; passed on 80% of everything it received
ACC_e811d1bd,7,9,5,3,14496.88,48907.26,3.3736403971061355,652.0038935977778,540.5522968852778,2070.982857142857,5434.139999999999,0,0,0.1,received money from 5 different senders; passed on 337% of everything it received
ACC_e82916bc,17,7,5,3,33996.09,142743.76,4.198828747658923,398.5131789147222,648.0013741547223,1999.77,20391.96571428572,0,0,0.0,received money from 5 different senders; passed on 420% of everything it received
ACC_e8399c46,13,15,4,5,47522.3,208501.11,4.387437266293929,704.3451384225,701.6231010977777,3655.5615384615385,13900.074,0,0,0.0,received money from 4 different senders; passed on 439% of everything it received
ACC_e87dfc28,8,4,3,2,47507.83,3847.57,0.0809881234314427,668.1736540016666,627.4925071672222,5938.47875,961.8925,0,0,0.0,received money from 3 different senders
ACC_e89d836b,7,9,4,6,24555.16,87692.15,3.571231056934673,616.4921925397223,608.7434519291667,3507.88,9743.57222222222,0,0,0.0,received money from 4 different senders; passed on 357% of everything it received
ACC_e8eef951,9,9,4,2,61095.45,4942.41,0.0808965315747735,665.8101051430556,491.5770165019444,6788.383333333334,549.1566666666666,0,0,0.0,received money from 4 different senders
ACC_e937c6b5,12,11,4,6,77769.49000000002,25574.72,0.3288528701936967,585.8083392330556,561.1587003941667,6480.790833333335,2324.974545454545,0,0,0.0,received money from 4 different senders
ACC_e9640c2b,0,5,0,2,0.0,4816.5,0.0,999999.0,999999.0,0.0,963.3,0,0,0.1,flagged by the model based on a combination of subtler behavioral signals
ACC_e9d79b5c,12,4,5,2,14525.22,25901.88,1.7832349527236078,568.4377126825,651.7691949591666,1210.435,6475.47,0,0,0.2,received money from 5 different senders; passed on 178% of everything it received
ACC_ea39f63a,9,12,5,2,54593.600000000006,252794.83,4.6304847088303385,710.1168042991666,519.0067316925,6065.955555555556,21066.235833333336,0,0,0.0,received money from 5 different senders; passed on 463% of everything it received
ACC_eaae3427,0,7,0,2,0.0,131602.81,0.0,999999.0,999999.0,0.0,18800.40142857143,0,0,0.2,flagged by the model based on a combination of subtler behavioral signals
ACC_eaae4ea2,12,7,5,2,62665.33,6365.400000000001,0.1015776985455913,549.3359920133333,613.7808783222223,5222.110833333333,909.3428571428572,0,0,0.0,received money from 5 different senders
ACC_eb3acffc,8,7,5,3,4620.03,61614.37,13.336357123222143,659.695203398611,624.8601432408333,577.50375,8802.052857142857,0,0,0.0,received money from 5 different senders; passed on 1334% of everything it received
ACC_eb73e65a,5,13,2,2,7493.030000000001,156472.36,20.88238803261164,466.1695328486112,561.2773714497222,1498.6060000000002,12036.335384615384,0,0,0.0,received money from 2 different senders; passed on 2088% of everything it received
ACC_ebb02ade,9,12,3,2,20427.32,8710.89,0.4264333255659577,683.0356349238889,534.7798035141667,2269.702222222222,725.9074999999999,0,0,0.0,received money from 3 different senders
ACC_ebecb225,10,10,4,4,69192.46,15522.04,0.2243313794595538,472.3625390736111,628.8104036722223,6919.246000000001,1552.204,0,0,0.0,received money from 4 different senders
ACC_ebfe2b5d,20,11,5,3,47560.51,194864.04,4.09718146420213,618.4427577988889,633.8672257016666,2378.0255,17714.912727272727,0,0,0.0,received money from 5 different senders; passed on 410% of everything it received
ACC_ec2804c6,10,15,4,5,10847.77,19149.07,1.7652540568245825,641.6863989425001,691.8679643844445,1084.777,1276.6046666666666,0,0,0.0,received money from 4 different senders; passed on 177% of everything it received
ACC_ecb73aec,2,4,2,3,2488.17,3696.03,1.4854411073198373,337.26328083305555,50.49376711833334,1244.085,924.0075,0,0,0.0,passed on 149% of everything it received
ACC_ecc51d1e,10,10,3,4,55496.850000000006,56307.78,1.0146121806913364,675.6287319911111,705.6013742438889,5549.685,5630.778,0,0,0.0,received money from 3 different senders; passed on 101% of everything it received
ACC_ecd43c87,1,12,1,4,2716.68,95640.55000000002,35.20493764447783,368.9656018325,999999.0,2716.68,7970.0458333333345,0,0,0.1,passed on 3520% of everything it received
ACC_ece8fffc,8,9,4,4,34365.83,114198.77,3.32303250059725,663.7646378719445,604.7779910469444,4295.72875,12688.75222222222,0,0,0.0,received money from 4 different senders; passed on 332% of everything it received
ACC_ecfc918b,14,3,5,1,28109.43,31022.2,1.103622520983172,399.3846809211111,705.80873295,2007.8164285714283,10340.733333333334,0,0,0.0,received money from 5 different senders; passed on 110% of everything it received
ACC_ed9a01e1,1,15,1,4,186.46,142692.11,765.2692802745896,341.19033984805554,999999.0,186.46,9512.807333333332,0,0,0.0,passed on 76527% of everything it received
ACC_eda78c72,4,4,3,2,23442.32,7273.74,0.3102824293841223,403.1951219991667,324.18535253638885,5860.58,1818.435,0,0,0.0,flagged by the model based on a combination of subtler behavioral signals
ACC_ee013029,14,14,4,4,129968.94,342070.26,2.6319385231579178,712.9984646894444,689.9740364986111,9283.495714285717,24433.59,0,0,0.0,received money from 4 different senders; passed on 263% of everything it received
ACC_ee02b348,15,12,7,5,35120.920000000006,49170.32999999999,1.4000296689266676,660.5073819152778,681.7767684222222,2341.394666666667,4097.527499999999,0,0,0.0,received money from 7 different senders; passed on 140% of everything it received
ACC_ee6411f8,14,5,5,4,55754.240000000005,4983.64,0.0893858476054915,305.230791305,622.7018062516667,3982.4457142857145,996.728,0,0,0.0,received money from 5 different senders
ACC_ee66347b,11,6,3,5,12537.06,54744.55000000001,4.366617851394188,575.7011268122222,631.3262591552779,1139.7327272727273,9124.091666666667,0,0,0.0,received money from 3 different senders; passed on 437% of everything it received
ACC_eeb7464a,2,5,1,1,703.86,56285.52,79.96692524081493,266.5227695816667,334.15136287166666,351.93,11257.104,0,0,0.0,passed on 7997% of everything it received
ACC_eed729e4,1,14,1,5,240.92,105966.0,439.8389506890255,329.7693124791667,999999.0,240.92,7569.000000000001,0,0,0.0,passed on 43984% of everything it received
ACC_eee2c92b,5,3,2,3,9183.07,1801.18,0.196141377556743,550.3192673744444,487.88941639527775,1836.614,600.3933333333333,0,0,0.0,received money from 2 different senders
ACC_eef61482,8,11,4,2,72865.04000000001,116159.63,1.5941750666712045,588.5983470961112,537.3315685463889,9108.13,10559.966363636362,0,0,0.0,received money from 4 different senders; passed on 159% of everything it received
ACC_ef867d5e,7,14,2,6,5394.28,94730.35,17.561259333961157,644.7403164,681.102400141111,770.6114285714285,6766.453571428571,0,0,0.0,received money from 2 different senders; passed on 1756% of everything it received
ACC_eff49335,6,12,2,6,51130.01,63115.740000000005,1.2344167349077384,612.1268206280555,538.8935558291666,8521.668333333333,5259.645,0,0,0.0,received money from 2 different senders; passed on 123% of everything it received
ACC_f04949f4,11,12,4,6,22956.57,127278.58,5.544320427659708,701.2683900841668,626.4837543505556,2086.960909090909,10606.548333333334,0,0,0.0,received money from 4 different senders; passed on 554% of everything it received
ACC_f05908ad,1,11,1,4,922.1,6156.34,6.676434226222752,267.78445878444444,999999.0,922.1,559.6672727272727,0,0,0.0,passed on 668% of everything it received
ACC_f07961d8,14,4,5,2,93844.56,6786.040000000001,0.0723114904049846,550.7019812280555,676.4107961866667,6703.182857142857,1696.5100000000002,0,0,0.1,received money from 5 different senders
ACC_f0a5116c,2,14,1,4,5729.02,38972.39,6.802627674541196,536.1040365936111,72.25091745388889,2864.51,2783.742142857143,0,0,0.0,passed on 680% of everything it received
ACC_f0deaa11,11,13,3,5,21141.49,140481.44,6.644822100996666,600.5045038519444,698.3492983183334,1921.9536363636364,10806.264615384616,0,0,0.0,received money from 3 different senders; passed on 664% of everything it received
ACC_f17ca236,2,10,2,4,3844.92,69026.74,17.95271162989087,328.21996891,333.4856776755556,1922.46,6902.674000000001,0,0,0.0,passed on 1795% of everything it received
ACC_f197fe8b,13,10,2,5,12147.89,205893.80000000005,16.948935164872257,681.1000828363889,673.9046667208333,934.453076923077,20589.380000000005,0,0,0.0,received money from 2 different senders; passed on 1695% of everything it received
ACC_f19ba4ff,4,11,3,3,131709.32,8176.0,0.0620760930206002,614.7249592019444,379.1212845927778,32927.33,743.2727272727273,0,0,0.0,flagged by the model based on a combination of subtler behavioral signals
ACC_f1d43891,9,14,3,6,8382.150000000001,139142.34999999998,16.59984013648049,681.5770041919444,693.9317883277778,931.35,9938.739285714284,0,0,0.0,received money from 3 different senders; passed on 1660% of everything it received
ACC_f1d837f8,13,11,3,4,84635.76000000001,84404.31999999999,0.9972654584775984,532.7361771738889,385.01828849,6510.443076923078,7673.119999999999,0,0,0.0,received money from 3 different senders; passed on 100% of everything it received
ACC_f2048031,7,11,3,5,4889.7,143774.50999999998,29.403544184714807,672.2259850405555,558.4705717391666,698.5285714285714,13070.409999999998,0,0,0.0,received money from 3 different senders; passed on 2940% of everything it received
ACC_f20b4120,18,11,7,2,72371.3,56027.95,0.7741736019665253,631.6846987675,643.1772647266666,4020.6277777777777,5093.45,0,0,0.0,received money from 7 different senders; passed on 77% of everything it received
ACC_f2133e5f,6,4,3,3,42295.91,49869.47,1.179061285121895,471.36206796333335,324.2449033258333,7049.318333333334,12467.3675,0,0,0.0,received money from 3 different senders; passed on 118% of everything it received
ACC_f36c5cdb,6,7,4,2,8299.34,4692.139999999999,0.5653630288673557,556.8393154275,538.0915059402778,1383.2233333333334,670.3057142857142,0,0,0.1,received money from 4 different senders
ACC_f39e27bf,13,11,5,3,73751.66,137770.24000000002,1.8680290043641048,580.7899437875,668.2794176233333,5673.204615384616,12524.567272727274,0,0,0.0,received money from 5 different senders; passed on 187% of everything it received
ACC_f3eaa0ec,2,5,1,4,42788.7,5509.870000000001,0.1287692778700919,349.4624033013889,342.9201676313889,21394.35,1101.9740000000002,0,0,0.0,flagged by the model based on a combination of subtler behavioral signals
ACC_f460070a,6,8,3,2,3105.53,87325.76,28.11943854994156,564.1149395077778,605.1689564844445,517.5883333333333,10915.72,0,0,0.0,received money from 3 different senders; passed on 2812% of everything it received
ACC_f47e70cc,10,4,4,4,46744.91,19326.79,0.4134522881742633,287.18596443083334,645.7314199438889,4674.491,4831.6975,0,0,0.0,received money from 4 different senders
ACC_f4a0b8da,9,6,4,4,12770.58,56939.130000000005,4.45861738464502,498.6034923725,566.2892626661111,1418.9533333333334,9489.855,0,0,0.0,received money from 4 different senders; passed on 446% of everything it received
ACC_f4ab37fe,19,13,8,4,85284.25000000001,108600.4,1.273393387407405,695.8201924555556,624.0678849541666,4488.644736842106,8353.876923076923,0,0,0.0,received money from 8 different senders; passed on 127% of everything it received
ACC_f4d6947b,15,8,5,5,9496.35,19382.53,2.041050508879727,613.1672184688889,655.0787656661112,633.09,2422.81625,0,0,0.0,received money from 5 different senders; passed on 204% of everything it received
ACC_f4e6b790,18,9,6,6,27254.32,57291.4,2.102103446352725,612.3236896594444,714.0370191813889,1514.128888888889,6365.711111111112,0,0,0.0,received money from 6 different senders; passed on 210% of everything it received
ACC_f5232659,8,15,2,4,4198.27,29669.960000000003,7.06718719853654,271.3170801263889,273.4102466472222,524.78375,1977.9973333333328,0,0,0.0,received money from 2 different senders; passed on 707% of everything it received
ACC_f5c839e5,5,12,4,3,3913.82,16436.84,4.199692372158147,602.3686540175,576.9154086480555,782.764,1369.736666666667,0,0,0.0,received money from 4 different senders; passed on 420% of everything it received
ACC_f5de3a80,7,11,3,2,84949.78,137122.48,1.6141593303714266,490.2365797533333,568.4997794588888,12135.682857142858,12465.68,0,0,0.0,received money from 3 different senders; passed on 161% of everything it received
ACC_f6108e11,6,10,3,2,42433.36,78774.88,1.856437482207396,538.1995412008333,601.2620719969444,7072.2266666666665,7877.488,0,0,0.0,received money from 3 different senders; passed on 186% of everything it received
ACC_f64c0b67,0,11,0,6,0.0,161939.75999999998,0.0,999999.0,999999.0,0.0,14721.796363636362,0,0,0.2,flagged by the model based on a combination of subtler behavioral signals
ACC_f64e36f2,5,4,3,4,5043.7,2636.73,0.5227769296349901,680.1245176797222,695.5815411383334,1008.74,659.1824999999999,0,0,0.0,received money from 3 different senders
ACC_f64ec32a,14,13,5,2,58509.07999999999,56753.82000000001,0.9700002119329174,635.4624578794445,566.9486617894444,4179.219999999999,4365.678461538462,0,0,0.0,received money from 5 different senders; passed on 97% of everything it received
ACC_f6641289,13,10,7,2,56785.29,9521.21,0.1676703597005492,624.5669767258333,690.0992063519444,4368.09923076923,952.121,0,0,0.0,received money from 7 different senders
ACC_f6707dab,18,5,4,3,79089.75,82959.20000000001,1.0489247974611124,552.3658618452778,646.1221665080556,4393.875,16591.840000000004,0,0,0.0,received money from 4 different senders; passed on 105% of everything it received
ACC_f6d5ad58,5,12,2,4,28080.36,98590.05,3.5109966538890527,647.4225151125,552.67750795,5616.072,8215.8375,0,0,0.0,received money from 2 different senders; passed on 351% of everything it received
ACC_f6dd4206,0,4,0,3,0.0,6194.57,0.0,999999.0,999999.0,0.0,1548.6425,0,0,0.2,flagged by the model based on a combination of subtler behavioral signals
ACC_f70b84ee,2,10,2,4,46897.47,39413.1,0.8404099410906387,401.4761182858333,312.48089695416667,23448.735,3941.31,0,0,0.0,passed on 84% of everything it received
ACC_f71b58a8,6,6,3,2,4369.030000000001,4125.32,0.9442187396287044,571.0949712177778,215.9125495305556,728.1716666666667,687.5533333333333,0,0,0.0,received money from 3 different senders; passed on 94% of everything it received
ACC_f733b1c9,10,3,4,3,25723.61,60832.71,2.3648589758591427,634.6265835208334,630.2402011683333,2572.361,20277.57,0,0,0.0,received money from 4 different senders; passed on 236% of everything it received
ACC_f76c2b46,6,14,2,3,117965.16,28956.58,0.2454672209998273,625.6985699905556,703.3012517658334,19660.86,2068.327142857143,0,0,0.0,received money from 2 different senders
ACC_f7836c07,8,4,5,3,29156.97,42032.73,1.441601442125159,500.1207693072222,363.66035439,3644.62125,10508.1825,0,0,0.0,received money from 5 different senders; passed on 144% of everything it received
ACC_f7bfef1d,0,15,0,5,0.0,21600.230000000003,0.0,999999.0,999999.0,0.0,1440.0153333333335,0,0,0.2,flagged by the model based on a combination of subtler behavioral signals
ACC_f7f80c4e,9,14,4,6,68975.71,119967.09999999998,1.7392658951970188,674.0201837494444,572.2544350377777,7663.967777777779,8569.07857142857,0,0,0.0,received money from 4 different senders; passed on 174% of everything it received
ACC_f7fbb6cf,19,3,5,1,641209.9299999999,8205.73,0.0127972597055694,488.1373456925,695.4983801202777,33747.891052631574,2735.2433333333333,0,0,0.0,received money from 5 different senders
ACC_f8440b6f,8,8,4,2,3103.09,45180.39,14.55980651544106,575.7619039913889,588.9153121355555,387.88625,5647.54875,0,0,0.0,received money from 4 different senders; passed on 1456% of everything it received
ACC_f8562d34,11,10,3,3,81058.61000000002,14513.76,0.1790526632519358,482.2515715180555,434.61439248722223,7368.964545454547,1451.376,0,0,0.0,received money from 3 different senders
ACC_f881bc7b,3,12,3,5,13872.64,25675.75,1.8508193105277724,613.2728471666667,406.2355930363889,4624.213333333334,2139.645833333333,0,0,0.0,passed on 185% of everything it received
ACC_f8b6fdb8,2,10,1,5,2062.51,50287.78,24.381835724432847,251.3050741036111,255.8391841869445,1031.255,5028.778,0,0,0.0,passed on 2438% of everything it received
ACC_f9226ee7,10,4,3,2,38660.05,81490.85,2.107882685097407,378.6378402411111,676.8960512244444,3866.005,20372.7125,0,0,0.0,received money from 3 different senders; passed on 211% of everything it received
ACC_f976ddd6,7,7,2,2,2824.78,82110.98,29.0680973385538,596.8803438186111,512.9902603841667,403.54,11730.14,0,0,0.0,received money from 2 different senders; passed on 2907% of everything it received
ACC_f9ecbd87,13,15,4,4,111746.74,222150.30000000005,1.987980141523592,638.3798384980556,651.7458563680556,8595.903076923078,14810.020000000002,0,0,0.0,received money from 4 different senders; passed on 199% of everything it received
ACC_fa1e70b9,10,10,3,2,6691.86,6367.84,0.9515799792583828,606.1399989922222,673.8859609380556,669.1859999999999,636.784,0,0,0.0,received money from 3 different senders; passed on 95% of everything it received
ACC_fa2e3ec5,8,14,5,5,17469.55,183968.33,10.530799591288842,705.75709874,562.2379463536112,2183.69375,13140.595,0,0,0.0,received money from 5 different senders; passed on 1053% of everything it received
ACC_fa32f202,18,8,5,4,89963.92,93114.45,1.0350199279889094,602.8311953894445,629.4935439033333,4997.995555555555,11639.30625,0,0,0.0,received money from 5 different senders; passed on 104% of everything it received
ACC_fa473a99,13,8,4,4,16923.440000000002,102856.94999999998,6.077780285804775,700.3657578180556,558.1911297197222,1301.803076923077,12857.118749999998,0,0,0.0,received money from 4 different senders; passed on 608% of everything it received
ACC_fa664b18,1,7,1,4,833.96,62016.64000000001,74.3640462372296,481.7796770158333,999999.0,833.96,8859.52,0,0,0.0,passed on 7436% of everything it received
ACC_fa693d41,16,7,8,2,106960.39,6455.27,0.0603519676770064,660.8206663061111,643.3947928241666,6685.024375,922.1814285714288,0,0,0.0,received money from 8 different senders
ACC_fa7b9471,11,4,2,3,27924.78,3273.2200000000003,0.1172156056377167,455.4873166608333,575.3327966183333,2538.6163636363635,818.3050000000001,0,0,0.0,received money from 2 different senders
ACC_fa80cd2c,10,10,5,4,14474.26,111918.74000000002,7.732259887552111,599.769624755,395.4399549022223,1447.426,11191.874000000002,0,0,0.0,received money from 5 different senders; passed on 773% of everything it received
ACC_fb04f1f2,8,15,4,4,13461.87,101611.45,7.548093244103533,666.7624797283333,570.0563504022222,1682.73375,6774.096666666667,0,0,0.0,received money from 4 different senders; passed on 755% of everything it received
ACC_fb175efe,5,11,3,3,3884.44,228200.76,58.747402456982215,548.56328247,279.3596123486111,776.888,20745.52363636364,0,0,0.0,received money from 3 different senders; passed on 5875% of everything it received
ACC_fb208231,1,6,1,5,1947.8,23488.500000000004,12.058989629325396,341.83684021777776,999999.0,1947.8,3914.750000000001,0,0,0.0,passed on 1206% of everything it received
ACC_fb544bc3,12,10,4,5,11963.909999999996,34618.02,2.8935373134702624,660.6102648119445,567.2345143169445,996.9924999999996,3461.802,0,0,0.0,received money from 4 different senders; passed on 289% of everything it received
ACC_fb90e432,5,9,2,4,7627.98,7096.76,0.9303590203435248,184.85371354166668,457.8479854311111,1525.596,788.5288888888889,0,0,3.8,received money from 2 different senders; passed on 93% of everything it received
ACC_fbab3e84,24,4,6,3,818876.6000000001,5494.789999999999,0.0067101563288046,463.23622390805554,673.5998903763889,34119.85833333334,1373.6974999999998,0,0,0.0,received money from 6 different senders
ACC_fc152433,4,7,2,3,4022.77,180377.58,44.83914814916089,576.0137215427777,464.11507092666665,1005.6925,25768.225714285712,0,0,0.0,passed on 4484% of everything it received
ACC_fc15c90a,4,14,2,2,123240.61,67756.51000000001,0.5497904465094745,631.6243823080555,632.5555480244444,30810.1525,4839.750714285715,0,0,0.0,flagged by the model based on a combination of subtler behavioral signals
ACC_fc5268a9,19,13,7,2,49304.630000000005,162776.06000000003,3.301435585258423,667.4674212372223,680.938002656111,2594.9805263157896,12521.235384615387,0,0,0.0,received money from 7 different senders; passed on 330% of everything it received
ACC_fc6db8e6,13,4,4,2,47054.70000000001,3566.33,0.0757911536998429,642.6155211733334,639.5398706569445,3619.5923076923086,891.5825,0,0,0.0,received money from 4 different senders
ACC_fcc50f27,8,8,3,5,10905.95,66954.23,6.139238672467781,625.2404079561111,658.3643600794444,1363.24375,8369.27875,0,0,0.1,received money from 3 different senders; passed on 614% of everything it received
ACC_fcf6e914,7,8,2,2,8504.97,10978.61,1.2908464109808735,623.5991812627778,600.5254039297222,1214.9957142857145,1372.32625,0,0,0.0,received money from 2 different senders; passed on 129% of everything it received
ACC_fda350b4,15,6,4,3,10672.78,83616.23000000001,7.83453139669327,695.1560028516667,652.0244342233334,711.5186666666667,13936.038333333336,0,0,0.0,received money from 4 different senders; passed on 783% of everything it received
ACC_fdd7d91a,9,8,5,4,8421.54,8709.58,1.0342027705146564,691.8036639555555,689.1271748538888,935.7266666666668,1088.6975,0,0,0.6,received money from 5 different senders; passed on 103% of everything it received
ACC_fe465932,5,7,3,4,5860.83,35278.19,6.019316376690674,624.9431635902778,421.65950140611113,1172.166,5039.7414285714285,0,0,0.0,received money from 3 different senders; passed on 602% of everything it received
ACC_fe5ea09b,8,13,2,3,105881.16,52384.49999999999,0.4947480741616354,677.0520235969444,683.5068863047222,13235.145,4029.5769230769215,0,0,0.0,received money from 2 different senders
ACC_fe7440a0,17,4,5,3,74818.07,1803.25,0.0241017978678145,307.2303619758333,595.5679798055555,4401.062941176471,450.8125,0,0,0.0,received money from 5 different senders
ACC_fe7d42db,0,12,0,3,0.0,29207.83,0.0,999999.0,999999.0,0.0,2433.9858333333336,0,0,0.4,flagged by the model based on a combination of subtler behavioral signals
ACC_fea6eb3b,7,15,3,2,35872.56,283553.87,7.904478241865092,379.38752323527774,411.52965824222224,5124.651428571428,18903.591333333334,0,0,0.0,received money from 3 different senders; passed on 790% of everything it received
ACC_fed17d6a,26,5,7,2,173418.71999999997,4146.5,0.0239103367848638,653.1759338911111,700.2447129369444,6669.950769230768,829.3,0,0,0.0,received money from 7 different senders
ACC_fed70eb4,7,15,4,5,15490.35,102865.42,6.640613026819923,613.093916223611,687.6575757813888,2212.907142857143,6857.694666666666,0,0,0.0,received money from 4 different senders; passed on 664% of everything it received
ACC_fed7abab,16,3,3,2,54653.67,5968.46,0.1092051091902886,373.0725465513889,579.0085213441666,3415.854375,1989.486666666667,0,0,0.0,received money from 3 different senders
ACC_ff5464b0,10,15,4,2,47380.77,79100.07,1.669455139711744,676.0847201675,703.8687566736112,4738.077,5273.338000000001,0,0,0.0,received money from 4 different senders; passed on 167% of everything it received
ACC_ff68b00e,29,15,8,5,44685.600000000006,291481.32000000007,6.522936247918794,676.8061644325,689.8714379430555,1540.88275862069,19432.088000000003,0,0,0.0,received money from 8 different senders; passed on 652% of everything it received
ACC_ff7d8e02,0,6,0,2,0.0,6635.360000000001,0.0,999999.0,999999.0,0.0,1105.8933333333334,0,0,0.2,flagged by the model based on a combination of subtler behavioral signals
MULE_07745567,18,3,18,3,299975.3,280139.07,0.9338737889419564,33.70040932138889,32.77284502194445,16665.294444444444,93379.69,1,0,100.0,received money from 18 different senders; forwarded funds onward within 33.7 hours of receiving them; passed on 93% of everything it received; all incoming payments arrived within a 32.8-hour window
MULE_0c61d058,11,2,11,2,293728.31,272685.75,0.9283604634500502,23.864437621111108,23.09496282305556,26702.573636363635,136342.875,1,0,100.0,received money from 11 different senders; forwarded funds onward within 23.9 hours of receiving them; passed on 93% of everything it received; all incoming payments arrived within a 23.1-hour window
MULE_0e6d9555,17,3,17,3,442352.91,422279.33,0.954620893078334,35.57742635305556,34.510769905833335,26020.75941176471,140759.77666666664,1,0,100.0,received money from 17 different senders; forwarded funds onward within 35.6 hours of receiving them; passed on 95% of everything it received; all incoming payments arrived within a 34.5-hour window
MULE_16cb0669,20,4,20,4,589972.47,575948.5,0.9762294501640052,34.473406841944445,32.54743404805556,29498.6235,143987.125,1,0,100.0,received money from 20 different senders; forwarded funds onward within 34.5 hours of receiving them; passed on 98% of everything it received; all incoming payments arrived within a 32.5-hour window
MULE_2765ac72,10,3,10,3,211117.11,202511.24,0.9592365109583016,25.954365815,24.93172907138889,21111.711000000003,67503.74666666666,1,0,100.0,received money from 10 different senders; forwarded funds onward within 26.0 hours of receiving them; passed on 96% of everything it received; all incoming payments arrived within a 24.9-hour window
MULE_325a9b11,6,3,6,3,85980.71,81498.76,0.9478726100307848,36.72031407694445,35.236796231111114,14330.118333333334,27166.25333333333,1,0,99.7,received money from 6 different senders; forwarded funds onward within 36.7 hours of receiving them; passed on 95% of everything it received; all incoming payments arrived within a 35.2-hour window
MULE_466e27a5,8,4,8,4,162480.12,153238.18,0.9431195644119416,27.91911802472222,26.667814934444444,20310.015,38309.545,1,0,99.9,received money from 8 different senders; forwarded funds onward within 27.9 hours of receiving them; passed on 94% of everything it received; all incoming payments arrived within a 26.7-hour window
MULE_a256be9d,16,2,16,2,465637.67,423470.3,0.9094416695281546,31.25738281388889,30.457486905277776,29102.354375000003,211735.15,1,0,100.0,received money from 16 different senders; forwarded funds onward within 31.3 hours of receiving them; passed on 91% of everything it received; all incoming payments arrived within a 30.5-hour window
MULE_cd2765a1,15,4,15,4,323477.75,304698.54,0.9419458989064936,35.78409278666666,34.269941223055554,21565.18333333333,76174.635,1,0,100.0,received money from 15 different senders; forwarded funds onward within 35.8 hours of receiving them; passed on 94% of everything it received; all incoming payments arrived within a 34.3-hour window
MULE_d0ee4efa,19,2,19,2,405636.87,365889.44,0.9020122850272462,33.678345281666665,33.228817597222225,21349.30894736842,182944.72,1,0,100.0,received money from 19 different senders; forwarded funds onward within 33.7 hours of receiving them; passed on 90% of everything it received; all incoming payments arrived within a 33.2-hour window
MULE_d13eb819,14,4,14,4,399829.53,385608.38,0.964431966793448,35.08119439638889,33.46785608222222,28559.252142857145,96402.095,1,0,100.0,received money from 14 different senders; forwarded funds onward within 35.1 hours of receiving them; passed on 96% of everything it received; all incoming payments arrived within a 33.5-hour window
MULE_e06a98d8,14,3,14,3,423877.11,389265.23,0.918344540944898,32.27527618805556,31.034967335277777,30276.93642857143,129755.07666666666,1,0,100.0,received money from 14 different senders; forwarded funds onward within 32.3 hours of receiving them; passed on 92% of everything it received; all incoming payments arrived within a 31.0-hour window
MULE_e2c9f439,8,1,8,1,196610.44,175957.28,0.8949538997013586,30.62366081333333,30.19984095305556,24576.305,175957.28,1,0,99.9,received money from 8 different senders; forwarded funds onward within 30.6 hours of receiving them; passed on 89% of everything it received; all incoming payments arrived within a 30.2-hour window
MULE_eb9960c1,11,3,11,3,247191.58,235967.88,0.9545951362906454,35.12471481027778,33.32378768861111,22471.96181818182,78655.96,1,0,100.0,received money from 11 different senders; forwarded funds onward within 35.1 hours of receiving them; passed on 95% of everything it received; all incoming payments arrived within a 33.3-hour window
MULE_fe48322f,15,2,15,2,434845.82999999984,412649.02,0.9489547594373854,34.25108705833333,33.72801670611111,28989.72199999999,206324.51,1,0,100.0,received money from 15 different senders; forwarded funds onward within 34.3 hours of receiving them; passed on 95% of everything it received; all incoming payments arrived within a 33.7-hour window
OUT_0849beec,1,0,1,0,80282.4,0.0,0.0,999999.0,999999.0,80282.4,0.0,1,0,100.0,received a single sudden payment of ~₹80282 with no prior transaction history and no outbound activity yet -- consistent with a fresh cash-out account
OUT_0c0093e3,1,0,1,0,41108.66,0.0,0.0,999999.0,999999.0,41108.66,0.0,1,0,92.0,received a single sudden payment of ~₹41109 with no prior transaction history and no outbound activity yet -- consistent with a fresh cash-out account
OUT_0ceee1bf,1,0,1,0,37800.65,0.0,0.0,999999.0,999999.0,37800.65,0.0,1,0,100.0,received a single sudden payment of ~₹37801 with no prior transaction history and no outbound activity yet -- consistent with a fresh cash-out account
OUT_17edbd9a,1,0,1,0,25323.95,0.0,0.0,999999.0,999999.0,25323.95,0.0,1,0,100.0,received a single sudden payment of ~₹25324 with no prior transaction history and no outbound activity yet -- consistent with a fresh cash-out account
OUT_24dd8ff3,1,0,1,0,160113.33,0.0,0.0,999999.0,999999.0,160113.33,0.0,1,0,100.0,received a single sudden payment of ~₹160113 with no prior transaction history and no outbound activity yet -- consistent with a fresh cash-out account
OUT_28d708af,1,0,1,0,25267.24,0.0,0.0,999999.0,999999.0,25267.24,0.0,1,0,92.0,received a single sudden payment of ~₹25267 with no prior transaction history and no outbound activity yet -- consistent with a fresh cash-out account
OUT_2bd95dbe,1,0,1,0,71570.15,0.0,0.0,999999.0,999999.0,71570.15,0.0,1,0,100.0,received a single sudden payment of ~₹71570 with no prior transaction history and no outbound activity yet -- consistent with a fresh cash-out account
OUT_30786c04,1,0,1,0,18674.47,0.0,0.0,999999.0,999999.0,18674.47,0.0,1,0,92.0,received a single sudden payment of ~₹18674 with no prior transaction history and no outbound activity yet -- consistent with a fresh cash-out account
OUT_317a4b30,1,0,1,0,30056.3,0.0,0.0,999999.0,999999.0,30056.3,0.0,1,0,100.0,received a single sudden payment of ~₹30056 with no prior transaction history and no outbound activity yet -- consistent with a fresh cash-out account
OUT_33e280cc,1,0,1,0,26118.51,0.0,0.0,999999.0,999999.0,26118.51,0.0,1,0,100.0,received a single sudden payment of ~₹26119 with no prior transaction history and no outbound activity yet -- consistent with a fresh cash-out account
OUT_35b96ef1,1,0,1,0,112560.38,0.0,0.0,999999.0,999999.0,112560.38,0.0,1,0,100.0,received a single sudden payment of ~₹112560 with no prior transaction history and no outbound activity yet -- consistent with a fresh cash-out account
OUT_385c8514,1,0,1,0,41440.45,0.0,0.0,999999.0,999999.0,41440.45,0.0,1,0,100.0,received a single sudden payment of ~₹41440 with no prior transaction history and no outbound activity yet -- consistent with a fresh cash-out account
OUT_3bb436c2,1,0,1,0,175957.28,0.0,0.0,999999.0,999999.0,175957.28,0.0,1,0,100.0,received a single sudden payment of ~₹175957 with no prior transaction history and no outbound activity yet -- consistent with a fresh cash-out account
OUT_3d35aac2,1,0,1,0,12067.39,0.0,0.0,999999.0,999999.0,12067.39,0.0,1,0,92.0,received a single sudden payment of ~₹12067 with no prior transaction history and no outbound activity yet -- consistent with a fresh cash-out account
OUT_3fc552ac,1,0,1,0,33906.06,0.0,0.0,999999.0,999999.0,33906.06,0.0,1,0,92.0,received a single sudden payment of ~₹33906 with no prior transaction history and no outbound activity yet -- consistent with a fresh cash-out account
OUT_449409e8,1,0,1,0,83214.48,0.0,0.0,999999.0,999999.0,83214.48,0.0,1,0,100.0,received a single sudden payment of ~₹83214 with no prior transaction history and no outbound activity yet -- consistent with a fresh cash-out account
OUT_45b80a14,1,0,1,0,187114.3,0.0,0.0,999999.0,999999.0,187114.3,0.0,1,0,100.0,received a single sudden payment of ~₹187114 with no prior transaction history and no outbound activity yet -- consistent with a fresh cash-out account
OUT_462fdd1d,1,0,1,0,136000.1,0.0,0.0,999999.0,999999.0,136000.1,0.0,1,0,100.0,received a single sudden payment of ~₹136000 with no prior transaction history and no outbound activity yet -- consistent with a fresh cash-out account
OUT_47df3125,1,0,1,0,78256.77,0.0,0.0,999999.0,999999.0,78256.77,0.0,1,0,100.0,received a single sudden payment of ~₹78257 with no prior transaction history and no outbound activity yet -- consistent with a fresh cash-out account
OUT_483993f9,1,0,1,0,150277.22,0.0,0.0,999999.0,999999.0,150277.22,0.0,1,0,100.0,received a single sudden payment of ~₹150277 with no prior transaction history and no outbound activity yet -- consistent with a fresh cash-out account
OUT_4c292b63,1,0,1,0,33733.83,0.0,0.0,999999.0,999999.0,33733.83,0.0,1,0,100.0,received a single sudden payment of ~₹33734 with no prior transaction history and no outbound activity yet -- consistent with a fresh cash-out account
OUT_535e32f4,1,0,1,0,136002.01,0.0,0.0,999999.0,999999.0,136002.01,0.0,1,0,100.0,received a single sudden payment of ~₹136002 with no prior transaction history and no outbound activity yet -- consistent with a fresh cash-out account
OUT_552c591e,1,0,1,0,35575.94,0.0,0.0,999999.0,999999.0,35575.94,0.0,1,0,92.0,received a single sudden payment of ~₹35576 with no prior transaction history and no outbound activity yet -- consistent with a fresh cash-out account
OUT_57801c06,1,0,1,0,74037.51,0.0,0.0,999999.0,999999.0,74037.51,0.0,1,0,100.0,received a single sudden payment of ~₹74038 with no prior transaction history and no outbound activity yet -- consistent with a fresh cash-out account
OUT_5865a12e,1,0,1,0,164701.57,0.0,0.0,999999.0,999999.0,164701.57,0.0,1,0,100.0,received a single sudden payment of ~₹164702 with no prior transaction history and no outbound activity yet -- consistent with a fresh cash-out account
OUT_5a4b90a3,1,0,1,0,43616.16,0.0,0.0,999999.0,999999.0,43616.16,0.0,1,0,92.0,received a single sudden payment of ~₹43616 with no prior transaction history and no outbound activity yet -- consistent with a fresh cash-out account
OUT_67e1b0d8,1,0,1,0,23945.22,0.0,0.0,999999.0,999999.0,23945.22,0.0,1,0,92.0,received a single sudden payment of ~₹23945 with no prior transaction history and no outbound activity yet -- consistent with a fresh cash-out account
OUT_7328e893,1,0,1,0,121426.13,0.0,0.0,999999.0,999999.0,121426.13,0.0,1,0,100.0,received a single sudden payment of ~₹121426 with no prior transaction history and no outbound activity yet -- consistent with a fresh cash-out account
OUT_738911eb,1,0,1,0,42190.58,0.0,0.0,999999.0,999999.0,42190.58,0.0,1,0,92.0,received a single sudden payment of ~₹42191 with no prior transaction history and no outbound activity yet -- consistent with a fresh cash-out account
OUT_79c2af70,1,0,1,0,27275.88,0.0,0.0,999999.0,999999.0,27275.88,0.0,1,0,92.0,received a single sudden payment of ~₹27276 with no prior transaction history and no outbound activity yet -- consistent with a fresh cash-out account
OUT_7e1253f4,1,0,1,0,138549.09,0.0,0.0,999999.0,999999.0,138549.09,0.0,1,0,100.0,received a single sudden payment of ~₹138549 with no prior transaction history and no outbound activity yet -- consistent with a fresh cash-out account
OUT_7ec0850b,1,0,1,0,134136.66,0.0,0.0,999999.0,999999.0,134136.66,0.0,1,0,100.0,received a single sudden payment of ~₹134137 with no prior transaction history and no outbound activity yet -- consistent with a fresh cash-out account
OUT_807a7a83,1,0,1,0,70382.66,0.0,0.0,999999.0,999999.0,70382.66,0.0,1,0,100.0,received a single sudden payment of ~₹70383 with no prior transaction history and no outbound activity yet -- consistent with a fresh cash-out account
OUT_8395cecd,1,0,1,0,75593.58,0.0,0.0,999999.0,999999.0,75593.58,0.0,1,0,100.0,received a single sudden payment of ~₹75594 with no prior transaction history and no outbound activity yet -- consistent with a fresh cash-out account
OUT_90b1748d,1,0,1,0,187607.51,0.0,0.0,999999.0,999999.0,187607.51,0.0,1,0,100.0,received a single sudden payment of ~₹187608 with no prior transaction history and no outbound activity yet -- consistent with a fresh cash-out account
OUT_957afb7f,1,0,1,0,140775.7,0.0,0.0,999999.0,999999.0,140775.7,0.0,1,0,100.0,received a single sudden payment of ~₹140776 with no prior transaction history and no outbound activity yet -- consistent with a fresh cash-out account
OUT_99195559,1,0,1,0,40263.25,0.0,0.0,999999.0,999999.0,40263.25,0.0,1,0,100.0,received a single sudden payment of ~₹40263 with no prior transaction history and no outbound activity yet -- consistent with a fresh cash-out account
OUT_9d178e8c,1,0,1,0,74320.33,0.0,0.0,999999.0,999999.0,74320.33,0.0,1,0,100.0,received a single sudden payment of ~₹74320 with no prior transaction history and no outbound activity yet -- consistent with a fresh cash-out account
OUT_9d316eb6,1,0,1,0,225041.51,0.0,0.0,999999.0,999999.0,225041.51,0.0,1,0,100.0,received a single sudden payment of ~₹225042 with no prior transaction history and no outbound activity yet -- consistent with a fresh cash-out account
OUT_a6a5501d,1,0,1,0,215352.44,0.0,0.0,999999.0,999999.0,215352.44,0.0,1,0,100.0,received a single sudden payment of ~₹215352 with no prior transaction history and no outbound activity yet -- consistent with a fresh cash-out account
OUT_a6aa27b3,1,0,1,0,127063.4,0.0,0.0,999999.0,999999.0,127063.4,0.0,1,0,100.0,received a single sudden payment of ~₹127063 with no prior transaction history and no outbound activity yet -- consistent with a fresh cash-out account
OUT_a75443eb,1,0,1,0,35496.44,0.0,0.0,999999.0,999999.0,35496.44,0.0,1,0,92.0,received a single sudden payment of ~₹35496 with no prior transaction history and no outbound activity yet -- consistent with a fresh cash-out account
OUT_a8df8e65,1,0,1,0,60914.11,0.0,0.0,999999.0,999999.0,60914.11,0.0,1,0,100.0,received a single sudden payment of ~₹60914 with no prior transaction history and no outbound activity yet -- consistent with a fresh cash-out account
OUT_a93608da,1,0,1,0,91547.71,0.0,0.0,999999.0,999999.0,91547.71,0.0,1,0,100.0,received a single sudden payment of ~₹91548 with no prior transaction history and no outbound activity yet -- consistent with a fresh cash-out account
OUT_acedc6eb,1,0,1,0,178775.14,0.0,0.0,999999.0,999999.0,178775.14,0.0,1,0,100.0,received a single sudden payment of ~₹178775 with no prior transaction history and no outbound activity yet -- consistent with a fresh cash-out account
OUT_acfbaae6,1,0,1,0,208117.86,0.0,0.0,999999.0,999999.0,208117.86,0.0,1,0,100.0,received a single sudden payment of ~₹208118 with no prior transaction history and no outbound activity yet -- consistent with a fresh cash-out account
OUT_ad1da64f,1,0,1,0,49554.17,0.0,0.0,999999.0,999999.0,49554.17,0.0,1,0,92.0,received a single sudden payment of ~₹49554 with no prior transaction history and no outbound activity yet -- consistent with a fresh cash-out account
OUT_b0c6af10,1,0,1,0,103315.57,0.0,0.0,999999.0,999999.0,103315.57,0.0,1,0,100.0,received a single sudden payment of ~₹103316 with no prior transaction history and no outbound activity yet -- consistent with a fresh cash-out account
OUT_b263e57a,1,0,1,0,18896.04,0.0,0.0,999999.0,999999.0,18896.04,0.0,1,0,92.0,received a single sudden payment of ~₹18896 with no prior transaction history and no outbound activity yet -- consistent with a fresh cash-out account
OUT_b520debe,1,0,1,0,125224.31,0.0,0.0,999999.0,999999.0,125224.31,0.0,1,0,100.0,received a single sudden payment of ~₹125224 with no prior transaction history and no outbound activity yet -- consistent with a fresh cash-out account
OUT_b6bb0142,1,0,1,0,96657.74,0.0,0.0,999999.0,999999.0,96657.74,0.0,1,0,100.0,received a single sudden payment of ~₹96658 with no prior transaction history and no outbound activity yet -- consistent with a fresh cash-out account
OUT_baa5e3a4,1,0,1,0,40549.03,0.0,0.0,999999.0,999999.0,40549.03,0.0,1,0,92.0,received a single sudden payment of ~₹40549 with no prior transaction history and no outbound activity yet -- consistent with a fresh cash-out account
OUT_bed36ba3,1,0,1,0,23796.41,0.0,0.0,999999.0,999999.0,23796.41,0.0,1,0,92.0,received a single sudden payment of ~₹23796 with no prior transaction history and no outbound activity yet -- consistent with a fresh cash-out account
OUT_bfa63431,1,0,1,0,81319.73,0.0,0.0,999999.0,999999.0,81319.73,0.0,1,0,100.0,received a single sudden payment of ~₹81320 with no prior transaction history and no outbound activity yet -- consistent with a fresh cash-out account
OUT_c9bab8b2,1,0,1,0,52905.77,0.0,0.0,999999.0,999999.0,52905.77,0.0,1,0,92.0,received a single sudden payment of ~₹52906 with no prior transaction history and no outbound activity yet -- consistent with a fresh cash-out account
OUT_ca2b595a,1,0,1,0,63340.36,0.0,0.0,999999.0,999999.0,63340.36,0.0,1,0,100.0,received a single sudden payment of ~₹63340 with no prior transaction history and no outbound activity yet -- consistent with a fresh cash-out account
OUT_d5ed3478,1,0,1,0,43495.44,0.0,0.0,999999.0,999999.0,43495.44,0.0,1,0,92.0,received a single sudden payment of ~₹43495 with no prior transaction history and no outbound activity yet -- consistent with a fresh cash-out account
OUT_db6125f4,1,0,1,0,28882.96,0.0,0.0,999999.0,999999.0,28882.96,0.0,1,0,92.0,received a single sudden payment of ~₹28883 with no prior transaction history and no outbound activity yet -- consistent with a fresh cash-out account
OUT_dd5d7395,1,0,1,0,96107.86,0.0,0.0,999999.0,999999.0,96107.86,0.0,1,0,100.0,received a single sudden payment of ~₹96108 with no prior transaction history and no outbound activity yet -- consistent with a fresh cash-out account
OUT_e1e7cc46,1,0,1,0,95503.77,0.0,0.0,999999.0,999999.0,95503.77,0.0,1,0,100.0,received a single sudden payment of ~₹95504 with no prior transaction history and no outbound activity yet -- consistent with a fresh cash-out account
OUT_e64e210e,1,0,1,0,36994.07,0.0,0.0,999999.0,999999.0,36994.07,0.0,1,0,92.0,received a single sudden payment of ~₹36994 with no prior transaction history and no outbound activity yet -- consistent with a fresh cash-out account
OUT_e7434b6c,1,0,1,0,28543.35,0.0,0.0,999999.0,999999.0,28543.35,0.0,1,0,92.0,received a single sudden payment of ~₹28543 with no prior transaction history and no outbound activity yet -- consistent with a fresh cash-out account
OUT_eafec417,1,0,1,0,51035.39,0.0,0.0,999999.0,999999.0,51035.39,0.0,1,0,92.0,received a single sudden payment of ~₹51035 with no prior transaction history and no outbound activity yet -- consistent with a fresh cash-out account
OUT_f045100e,1,0,1,0,36374.35,0.0,0.0,999999.0,999999.0,36374.35,0.0,1,0,92.0,received a single sudden payment of ~₹36374 with no prior transaction history and no outbound activity yet -- consistent with a fresh cash-out account
OUT_f365ce1c,1,0,1,0,25797.33,0.0,0.0,999999.0,999999.0,25797.33,0.0,1,0,92.0,received a single sudden payment of ~₹25797 with no prior transaction history and no outbound activity yet -- consistent with a fresh cash-out account
OUT_f4d7e4d2,1,0,1,0,125909.29,0.0,0.0,999999.0,999999.0,125909.29,0.0,1,0,100.0,received a single sudden payment of ~₹125909 with no prior transaction history and no outbound activity yet -- consistent with a fresh cash-out account
OUT_f6106ecb,1,0,1,0,25769.29,0.0,0.0,999999.0,999999.0,25769.29,0.0,1,0,92.0,received a single sudden payment of ~₹25769 with no prior transaction history and no outbound activity yet -- consistent with a fresh cash-out account
OUT_f77e654a,1,0,1,0,36002.55,0.0,0.0,999999.0,999999.0,36002.55,0.0,1,0,92.0,received a single sudden payment of ~₹36003 with no prior transaction history and no outbound activity yet -- consistent with a fresh cash-out account
SRC_0065ad2b,0,1,0,1,0.0,11215.73,0.0,999999.0,999999.0,0.0,11215.73,0,0,0.1,flagged by the model based on a combination of subtler behavioral signals
SRC_0128fc98,0,1,0,1,0.0,1094.51,0.0,999999.0,999999.0,0.0,1094.51,0,0,0.1,flagged by the model based on a combination of subtler behavioral signals
SRC_01d53a68,0,1,0,1,0.0,8805.32,0.0,999999.0,999999.0,0.0,8805.32,0,0,0.1,flagged by the model based on a combination of subtler behavioral signals
SRC_02243cdb,0,1,0,1,0.0,37460.79,0.0,999999.0,999999.0,0.0,37460.79,0,0,0.1,flagged by the model based on a combination of subtler behavioral signals
SRC_0246cbb4,0,1,0,1,0.0,4412.19,0.0,999999.0,999999.0,0.0,4412.19,0,0,0.1,flagged by the model based on a combination of subtler behavioral signals
SRC_029c424b,0,1,0,1,0.0,3551.23,0.0,999999.0,999999.0,0.0,3551.23,0,0,0.1,flagged by the model based on a combination of subtler behavioral signals
SRC_02b3cf33,0,1,0,1,0.0,27125.96,0.0,999999.0,999999.0,0.0,27125.96,0,0,0.1,flagged by the model based on a combination of subtler behavioral signals
SRC_02d89ec4,0,1,0,1,0.0,28100.84,0.0,999999.0,999999.0,0.0,28100.84,0,0,0.1,flagged by the model based on a combination of subtler behavioral signals
SRC_04297c08,0,1,0,1,0.0,2989.25,0.0,999999.0,999999.0,0.0,2989.25,0,0,0.1,flagged by the model based on a combination of subtler behavioral signals
SRC_04834a5a,0,1,0,1,0.0,46833.77,0.0,999999.0,999999.0,0.0,46833.77,0,0,0.1,flagged by the model based on a combination of subtler behavioral signals
SRC_06a37f01,0,1,0,1,0.0,2594.64,0.0,999999.0,999999.0,0.0,2594.64,0,0,0.1,flagged by the model based on a combination of subtler behavioral signals
SRC_075f0b18,0,1,0,1,0.0,7469.54,0.0,999999.0,999999.0,0.0,7469.54,0,0,0.1,flagged by the model based on a combination of subtler behavioral signals
SRC_07e04d03,0,1,0,1,0.0,2334.46,0.0,999999.0,999999.0,0.0,2334.46,0,0,0.1,flagged by the model based on a combination of subtler behavioral signals
SRC_087a6de4,0,1,0,1,0.0,1218.96,0.0,999999.0,999999.0,0.0,1218.96,0,0,0.1,flagged by the model based on a combination of subtler behavioral signals
SRC_08c95b7a,0,1,0,1,0.0,6244.81,0.0,999999.0,999999.0,0.0,6244.81,0,0,0.1,flagged by the model based on a combination of subtler behavioral signals
SRC_09ac946b,0,1,0,1,0.0,8722.73,0.0,999999.0,999999.0,0.0,8722.73,0,0,0.1,flagged by the model based on a combination of subtler behavioral signals
SRC_09bdd77c,0,1,0,1,0.0,1383.14,0.0,999999.0,999999.0,0.0,1383.14,0,0,0.1,flagged by the model based on a combination of subtler behavioral signals
SRC_09d86d66,0,1,0,1,0.0,24292.72,0.0,999999.0,999999.0,0.0,24292.72,0,0,0.1,flagged by the model based on a combination of subtler behavioral signals
SRC_09d9e0f7,0,1,0,1,0.0,39980.14,0.0,999999.0,999999.0,0.0,39980.14,0,0,0.1,flagged by the model based on a combination of subtler behavioral signals
SRC_0b311587,0,1,0,1,0.0,6340.33,0.0,999999.0,999999.0,0.0,6340.33,0,0,0.1,flagged by the model based on a combination of subtler behavioral signals
SRC_0b69c949,0,1,0,1,0.0,23628.8,0.0,999999.0,999999.0,0.0,23628.8,0,0,0.1,flagged by the model based on a combination of subtler behavioral signals
SRC_0e5b4ae7,0,1,0,1,0.0,1332.05,0.0,999999.0,999999.0,0.0,1332.05,0,0,0.1,flagged by the model based on a combination of subtler behavioral signals
SRC_0ff90618,0,1,0,1,0.0,1036.05,0.0,999999.0,999999.0,0.0,1036.05,0,0,0.1,flagged by the model based on a combination of subtler behavioral signals
SRC_107644a8,0,1,0,1,0.0,5326.84,0.0,999999.0,999999.0,0.0,5326.84,0,0,0.1,flagged by the model based on a combination of subtler behavioral signals
SRC_10771642,0,1,0,1,0.0,40336.76,0.0,999999.0,999999.0,0.0,40336.76,0,0,0.1,flagged by the model based on a combination of subtler behavioral signals
SRC_108472c7,0,1,0,1,0.0,37955.14,0.0,999999.0,999999.0,0.0,37955.14,0,0,0.1,flagged by the model based on a combination of subtler behavioral signals
SRC_10e3a8f8,0,1,0,1,0.0,5561.96,0.0,999999.0,999999.0,0.0,5561.96,0,0,0.1,flagged by the model based on a combination of subtler behavioral signals
SRC_118b36bf,0,1,0,1,0.0,8058.87,0.0,999999.0,999999.0,0.0,8058.87,0,0,0.1,flagged by the model based on a combination of subtler behavioral signals
SRC_11b5f4a2,0,1,0,1,0.0,17196.86,0.0,999999.0,999999.0,0.0,17196.86,0,0,0.1,flagged by the model based on a combination of subtler behavioral signals
SRC_129f39b7,0,1,0,1,0.0,3523.8,0.0,999999.0,999999.0,0.0,3523.8,0,0,0.1,flagged by the model based on a combination of subtler behavioral signals
SRC_13420739,0,1,0,1,0.0,6660.27,0.0,999999.0,999999.0,0.0,6660.27,0,0,0.1,flagged by the model based on a combination of subtler behavioral signals
SRC_13890a87,0,1,0,1,0.0,4476.78,0.0,999999.0,999999.0,0.0,4476.78,0,0,0.1,flagged by the model based on a combination of subtler behavioral signals
SRC_144a4f21,0,1,0,1,0.0,8769.15,0.0,999999.0,999999.0,0.0,8769.15,0,0,0.1,flagged by the model based on a combination of subtler behavioral signals
SRC_144d8cc6,0,1,0,1,0.0,32140.11,0.0,999999.0,999999.0,0.0,32140.11,0,0,0.1,flagged by the model based on a combination of subtler behavioral signals
SRC_150541c1,0,1,0,1,0.0,1086.37,0.0,999999.0,999999.0,0.0,1086.37,0,0,0.1,flagged by the model based on a combination of subtler behavioral signals
SRC_15b75d10,0,1,0,1,0.0,4617.31,0.0,999999.0,999999.0,0.0,4617.31,0,0,0.1,flagged by the model based on a combination of subtler behavioral signals
SRC_16a5d8b1,0,1,0,1,0.0,19027.29,0.0,999999.0,999999.0,0.0,19027.29,0,0,0.1,flagged by the model based on a combination of subtler behavioral signals
SRC_17094873,0,1,0,1,0.0,2322.41,0.0,999999.0,999999.0,0.0,2322.41,0,0,0.1,flagged by the model based on a combination of subtler behavioral signals
SRC_175caccf,0,1,0,1,0.0,5168.35,0.0,999999.0,999999.0,0.0,5168.35,0,0,0.1,flagged by the model based on a combination of subtler behavioral signals
SRC_178654a9,0,1,0,1,0.0,5376.51,0.0,999999.0,999999.0,0.0,5376.51,0,0,0.1,flagged by the model based on a combination of subtler behavioral signals
SRC_18c25523,0,1,0,1,0.0,7585.54,0.0,999999.0,999999.0,0.0,7585.54,0,0,0.1,flagged by the model based on a combination of subtler behavioral signals
SRC_1926f336,0,1,0,1,0.0,25981.27,0.0,999999.0,999999.0,0.0,25981.27,0,0,0.1,flagged by the model based on a combination of subtler behavioral signals
SRC_19720fee,0,1,0,1,0.0,8194.56,0.0,999999.0,999999.0,0.0,8194.56,0,0,0.1,flagged by the model based on a combination of subtler behavioral signals
SRC_19a13382,0,1,0,1,0.0,21438.35,0.0,999999.0,999999.0,0.0,21438.35,0,0,0.1,flagged by the model based on a combination of subtler behavioral signals
SRC_1a4081c3,0,1,0,1,0.0,41479.36,0.0,999999.0,999999.0,0.0,41479.36,0,0,0.1,flagged by the model based on a combination of subtler behavioral signals
SRC_1b116b75,0,1,0,1,0.0,35802.29,0.0,999999.0,999999.0,0.0,35802.29,0,0,0.1,flagged by the model based on a combination of subtler behavioral signals
SRC_1b2030ff,0,1,0,1,0.0,5702.87,0.0,999999.0,999999.0,0.0,5702.87,0,0,0.1,flagged by the model based on a combination of subtler behavioral signals
SRC_1b2309c1,0,1,0,1,0.0,36160.63,0.0,999999.0,999999.0,0.0,36160.63,0,0,0.1,flagged by the model based on a combination of subtler behavioral signals
SRC_1b3dc2a8,0,1,0,1,0.0,6610.14,0.0,999999.0,999999.0,0.0,6610.14,0,0,0.1,flagged by the model based on a combination of subtler behavioral signals
SRC_1c6c141c,0,1,0,1,0.0,3700.99,0.0,999999.0,999999.0,0.0,3700.99,0,0,0.1,flagged by the model based on a combination of subtler behavioral signals
SRC_1c7ad0ca,0,1,0,1,0.0,18589.17,0.0,999999.0,999999.0,0.0,18589.17,0,0,0.1,flagged by the model based on a combination of subtler behavioral signals
SRC_1ca062c4,0,1,0,1,0.0,8170.33,0.0,999999.0,999999.0,0.0,8170.33,0,0,0.1,flagged by the model based on a combination of subtler behavioral signals
SRC_1cdeb243,0,1,0,1,0.0,13064.15,0.0,999999.0,999999.0,0.0,13064.15,0,0,0.1,flagged by the model based on a combination of subtler behavioral signals
SRC_1d5de460,0,1,0,1,0.0,4111.67,0.0,999999.0,999999.0,0.0,4111.67,0,0,0.1,flagged by the model based on a combination of subtler behavioral signals
SRC_1f41dfef,0,1,0,1,0.0,26677.22,0.0,999999.0,999999.0,0.0,26677.22,0,0,0.1,flagged by the model based on a combination of subtler behavioral signals
SRC_1f48ce6a,0,1,0,1,0.0,27612.73,0.0,999999.0,999999.0,0.0,27612.73,0,0,0.1,flagged by the model based on a combination of subtler behavioral signals
SRC_1fb18ed5,0,1,0,1,0.0,3399.49,0.0,999999.0,999999.0,0.0,3399.49,0,0,0.1,flagged by the model based on a combination of subtler behavioral signals
SRC_1fd62fdd,0,1,0,1,0.0,1899.8,0.0,999999.0,999999.0,0.0,1899.8,0,0,0.1,flagged by the model based on a combination of subtler behavioral signals
SRC_20a4d4a4,0,1,0,1,0.0,47640.87,0.0,999999.0,999999.0,0.0,47640.87,0,0,0.1,flagged by the model based on a combination of subtler behavioral signals
SRC_20b15a8e,0,1,0,1,0.0,1892.18,0.0,999999.0,999999.0,0.0,1892.18,0,0,0.1,flagged by the model based on a combination of subtler behavioral signals
SRC_211f2d06,0,1,0,1,0.0,24481.78,0.0,999999.0,999999.0,0.0,24481.78,0,0,0.1,flagged by the model based on a combination of subtler behavioral signals
SRC_220d5138,0,1,0,1,0.0,13753.94,0.0,999999.0,999999.0,0.0,13753.94,0,0,0.1,flagged by the model based on a combination of subtler behavioral signals
SRC_22bd2162,0,1,0,1,0.0,8087.41,0.0,999999.0,999999.0,0.0,8087.41,0,0,0.1,flagged by the model based on a combination of subtler behavioral signals
SRC_232f8851,0,1,0,1,0.0,3899.28,0.0,999999.0,999999.0,0.0,3899.28,0,0,0.1,flagged by the model based on a combination of subtler behavioral signals
SRC_234dd9cf,0,1,0,1,0.0,21835.09,0.0,999999.0,999999.0,0.0,21835.09,0,0,0.1,flagged by the model based on a combination of subtler behavioral signals
SRC_2445fa6c,0,1,0,1,0.0,6526.87,0.0,999999.0,999999.0,0.0,6526.87,0,0,0.1,flagged by the model based on a combination of subtler behavioral signals
SRC_24cf7689,0,1,0,1,0.0,5896.22,0.0,999999.0,999999.0,0.0,5896.22,0,0,0.1,flagged by the model based on a combination of subtler behavioral signals
SRC_24ff3936,0,1,0,1,0.0,7649.11,0.0,999999.0,999999.0,0.0,7649.11,0,0,0.1,flagged by the model based on a combination of subtler behavioral signals
SRC_2548975b,0,1,0,1,0.0,28655.24,0.0,999999.0,999999.0,0.0,28655.24,0,0,0.1,flagged by the model based on a combination of subtler behavioral signals
SRC_25c23bb1,0,1,0,1,0.0,6879.68,0.0,999999.0,999999.0,0.0,6879.68,0,0,0.1,flagged by the model based on a combination of subtler behavioral signals
SRC_263866eb,0,1,0,1,0.0,26037.16,0.0,999999.0,999999.0,0.0,26037.16,0,0,0.1,flagged by the model based on a combination of subtler behavioral signals
SRC_27026974,0,1,0,1,0.0,1117.98,0.0,999999.0,999999.0,0.0,1117.98,0,0,0.1,flagged by the model based on a combination of subtler behavioral signals
SRC_27b8ce82,0,1,0,1,0.0,12263.2,0.0,999999.0,999999.0,0.0,12263.2,0,0,0.1,flagged by the model based on a combination of subtler behavioral signals
SRC_27f7d741,0,1,0,1,0.0,6636.05,0.0,999999.0,999999.0,0.0,6636.05,0,0,0.1,flagged by the model based on a combination of subtler behavioral signals
SRC_28a1368e,0,1,0,1,0.0,2052.46,0.0,999999.0,999999.0,0.0,2052.46,0,0,0.1,flagged by the model based on a combination of subtler behavioral signals
SRC_298dc475,0,1,0,1,0.0,4582.23,0.0,999999.0,999999.0,0.0,4582.23,0,0,0.1,flagged by the model based on a combination of subtler behavioral signals
SRC_29dbab1d,0,1,0,1,0.0,4825.3,0.0,999999.0,999999.0,0.0,4825.3,0,0,0.1,flagged by the model based on a combination of subtler behavioral signals
SRC_29dca0c6,0,1,0,1,0.0,34484.69,0.0,999999.0,999999.0,0.0,34484.69,0,0,0.1,flagged by the model based on a combination of subtler behavioral signals
SRC_2a36be10,0,1,0,1,0.0,24860.81,0.0,999999.0,999999.0,0.0,24860.81,0,0,0.1,flagged by the model based on a combination of subtler behavioral signals
SRC_2bcb1d67,0,1,0,1,0.0,1127.72,0.0,999999.0,999999.0,0.0,1127.72,0,0,0.1,flagged by the model based on a combination of subtler behavioral signals
SRC_2bf62381,0,1,0,1,0.0,7929.7,0.0,999999.0,999999.0,0.0,7929.7,0,0,0.1,flagged by the model based on a combination of subtler behavioral signals
SRC_2c02f23d,0,1,0,1,0.0,7672.29,0.0,999999.0,999999.0,0.0,7672.29,0,0,0.1,flagged by the model based on a combination of subtler behavioral signals
SRC_2c398088,0,1,0,1,0.0,14772.32,0.0,999999.0,999999.0,0.0,14772.32,0,0,0.1,flagged by the model based on a combination of subtler behavioral signals
SRC_2c69faa8,0,1,0,1,0.0,2588.75,0.0,999999.0,999999.0,0.0,2588.75,0,0,0.1,flagged by the model based on a combination of subtler behavioral signals
SRC_2cfb8a79,0,1,0,1,0.0,30158.51,0.0,999999.0,999999.0,0.0,30158.51,0,0,0.1,flagged by the model based on a combination of subtler behavioral signals
SRC_2dc5e964,0,1,0,1,0.0,34379.14,0.0,999999.0,999999.0,0.0,34379.14,0,0,0.1,flagged by the model based on a combination of subtler behavioral signals
SRC_2e0cb8e2,0,1,0,1,0.0,6947.44,0.0,999999.0,999999.0,0.0,6947.44,0,0,0.1,flagged by the model based on a combination of subtler behavioral signals
SRC_2e1154c2,0,1,0,1,0.0,1508.72,0.0,999999.0,999999.0,0.0,1508.72,0,0,0.1,flagged by the model based on a combination of subtler behavioral signals
SRC_2fa5321c,0,1,0,1,0.0,11727.96,0.0,999999.0,999999.0,0.0,11727.96,0,0,0.1,flagged by the model based on a combination of subtler behavioral signals
SRC_30b9995b,0,1,0,1,0.0,44312.62,0.0,999999.0,999999.0,0.0,44312.62,0,0,0.1,flagged by the model based on a combination of subtler behavioral signals
SRC_323597d7,0,1,0,1,0.0,1630.6,0.0,999999.0,999999.0,0.0,1630.6,0,0,0.1,flagged by the model based on a combination of subtler behavioral signals
SRC_32608b78,0,1,0,1,0.0,6720.51,0.0,999999.0,999999.0,0.0,6720.51,0,0,0.1,flagged by the model based on a combination of subtler behavioral signals
SRC_32cd83a4,0,1,0,1,0.0,10983.72,0.0,999999.0,999999.0,0.0,10983.72,0,0,0.1,flagged by the model based on a combination of subtler behavioral signals
SRC_33440dc7,0,1,0,1,0.0,1074.2,0.0,999999.0,999999.0,0.0,1074.2,0,0,0.1,flagged by the model based on a combination of subtler behavioral signals
SRC_33641a92,0,1,0,1,0.0,4767.64,0.0,999999.0,999999.0,0.0,4767.64,0,0,0.1,flagged by the model based on a combination of subtler behavioral signals
SRC_345387a3,0,1,0,1,0.0,8732.0,0.0,999999.0,999999.0,0.0,8732.0,0,0,0.1,flagged by the model based on a combination of subtler behavioral signals
SRC_34bf443e,0,1,0,1,0.0,48056.47,0.0,999999.0,999999.0,0.0,48056.47,0,0,0.1,flagged by the model based on a combination of subtler behavioral signals
SRC_357ef62f,0,1,0,1,0.0,43912.37,0.0,999999.0,999999.0,0.0,43912.37,0,0,0.1,flagged by the model based on a combination of subtler behavioral signals
SRC_35b86157,0,1,0,1,0.0,12844.88,0.0,999999.0,999999.0,0.0,12844.88,0,0,0.1,flagged by the model based on a combination of subtler behavioral signals
SRC_3671ef98,0,1,0,1,0.0,5175.13,0.0,999999.0,999999.0,0.0,5175.13,0,0,0.1,flagged by the model based on a combination of subtler behavioral signals
SRC_36b1acb4,0,1,0,1,0.0,2603.2,0.0,999999.0,999999.0,0.0,2603.2,0,0,0.1,flagged by the model based on a combination of subtler behavioral signals
SRC_36c58a4c,0,1,0,1,0.0,638.06,0.0,999999.0,999999.0,0.0,638.06,0,0,0.1,flagged by the model based on a combination of subtler behavioral signals
SRC_3875b454,0,1,0,1,0.0,2625.32,0.0,999999.0,999999.0,0.0,2625.32,0,0,0.1,flagged by the model based on a combination of subtler behavioral signals
SRC_38a21d54,0,1,0,1,0.0,31077.1,0.0,999999.0,999999.0,0.0,31077.1,0,0,0.1,flagged by the model based on a combination of subtler behavioral signals
SRC_39b60336,0,1,0,1,0.0,17097.0,0.0,999999.0,999999.0,0.0,17097.0,0,0,0.1,flagged by the model based on a combination of subtler behavioral signals
SRC_39f0c761,0,1,0,1,0.0,7695.13,0.0,999999.0,999999.0,0.0,7695.13,0,0,0.1,flagged by the model based on a combination of subtler behavioral signals
SRC_3aac66d2,0,1,0,1,0.0,2334.15,0.0,999999.0,999999.0,0.0,2334.15,0,0,0.1,flagged by the model based on a combination of subtler behavioral signals
SRC_3b5735fc,0,1,0,1,0.0,787.93,0.0,999999.0,999999.0,0.0,787.93,0,0,0.1,flagged by the model based on a combination of subtler behavioral signals
SRC_3b9697a1,0,1,0,1,0.0,3457.3,0.0,999999.0,999999.0,0.0,3457.3,0,0,0.1,flagged by the model based on a combination of subtler behavioral signals
SRC_3bc449a8,0,1,0,1,0.0,5148.29,0.0,999999.0,999999.0,0.0,5148.29,0,0,0.1,flagged by the model based on a combination of subtler behavioral signals
SRC_3c3c5a8f,0,1,0,1,0.0,8542.19,0.0,999999.0,999999.0,0.0,8542.19,0,0,0.1,flagged by the model based on a combination of subtler behavioral signals
SRC_3c593f68,0,1,0,1,0.0,1335.39,0.0,999999.0,999999.0,0.0,1335.39,0,0,0.1,flagged by the model based on a combination of subtler behavioral signals
SRC_3cafb0e0,0,1,0,1,0.0,6264.51,0.0,999999.0,999999.0,0.0,6264.51,0,0,0.1,flagged by the model based on a combination of subtler behavioral signals
SRC_3d353c0f,0,1,0,1,0.0,6505.87,0.0,999999.0,999999.0,0.0,6505.87,0,0,0.1,flagged by the model based on a combination of subtler behavioral signals
SRC_3e3afdd1,0,1,0,1,0.0,5198.01,0.0,999999.0,999999.0,0.0,5198.01,0,0,0.1,flagged by the model based on a combination of subtler behavioral signals
SRC_3ef890d7,0,1,0,1,0.0,12605.31,0.0,999999.0,999999.0,0.0,12605.31,0,0,0.1,flagged by the model based on a combination of subtler behavioral signals
SRC_3fd3289b,0,1,0,1,0.0,4624.11,0.0,999999.0,999999.0,0.0,4624.11,0,0,0.1,flagged by the model based on a combination of subtler behavioral signals
SRC_3ff23a5c,0,1,0,1,0.0,2499.22,0.0,999999.0,999999.0,0.0,2499.22,0,0,0.1,flagged by the model based on a combination of subtler behavioral signals
SRC_4037ed3a,0,1,0,1,0.0,8584.41,0.0,999999.0,999999.0,0.0,8584.41,0,0,0.1,flagged by the model based on a combination of subtler behavioral signals
SRC_405d63b5,0,1,0,1,0.0,3796.9,0.0,999999.0,999999.0,0.0,3796.9,0,0,0.1,flagged by the model based on a combination of subtler behavioral signals
SRC_40940cf4,0,1,0,1,0.0,11823.58,0.0,999999.0,999999.0,0.0,11823.58,0,0,0.1,flagged by the model based on a combination of subtler behavioral signals
SRC_409e3b1b,0,1,0,1,0.0,7366.27,0.0,999999.0,999999.0,0.0,7366.27,0,0,0.1,flagged by the model based on a combination of subtler behavioral signals
SRC_409eb814,0,1,0,1,0.0,2674.57,0.0,999999.0,999999.0,0.0,2674.57,0,0,0.1,flagged by the model based on a combination of subtler behavioral signals
SRC_40f73b95,0,1,0,1,0.0,3131.88,0.0,999999.0,999999.0,0.0,3131.88,0,0,0.1,flagged by the model based on a combination of subtler behavioral signals
SRC_40f8dfa2,0,1,0,1,0.0,740.59,0.0,999999.0,999999.0,0.0,740.59,0,0,0.1,flagged by the model based on a combination of subtler behavioral signals
SRC_427b519c,0,1,0,1,0.0,3982.16,0.0,999999.0,999999.0,0.0,3982.16,0,0,0.1,flagged by the model based on a combination of subtler behavioral signals
SRC_429f89ff,0,1,0,1,0.0,26115.64,0.0,999999.0,999999.0,0.0,26115.64,0,0,0.1,flagged by the model based on a combination of subtler behavioral signals
SRC_4352d2bf,0,1,0,1,0.0,2508.93,0.0,999999.0,999999.0,0.0,2508.93,0,0,0.1,flagged by the model based on a combination of subtler behavioral signals
SRC_436184ed,0,1,0,1,0.0,18107.97,0.0,999999.0,999999.0,0.0,18107.97,0,0,0.1,flagged by the model based on a combination of subtler behavioral signals
SRC_43995824,0,1,0,1,0.0,2239.11,0.0,999999.0,999999.0,0.0,2239.11,0,0,0.1,flagged by the model based on a combination of subtler behavioral signals
SRC_43f1ae3a,0,1,0,1,0.0,48030.81,0.0,999999.0,999999.0,0.0,48030.81,0,0,0.1,flagged by the model based on a combination of subtler behavioral signals
SRC_45ea9c8a,0,1,0,1,0.0,612.99,0.0,999999.0,999999.0,0.0,612.99,0,0,0.1,flagged by the model based on a combination of subtler behavioral signals
SRC_4615b3a6,0,1,0,1,0.0,20380.4,0.0,999999.0,999999.0,0.0,20380.4,0,0,0.1,flagged by the model based on a combination of subtler behavioral signals
SRC_46f7d866,0,1,0,1,0.0,5909.07,0.0,999999.0,999999.0,0.0,5909.07,0,0,0.1,flagged by the model based on a combination of subtler behavioral signals
SRC_47cc445f,0,1,0,1,0.0,5759.09,0.0,999999.0,999999.0,0.0,5759.09,0,0,0.1,flagged by the model based on a combination of subtler behavioral signals
SRC_4910ef7b,0,1,0,1,0.0,32532.55,0.0,999999.0,999999.0,0.0,32532.55,0,0,0.1,flagged by the model based on a combination of subtler behavioral signals
SRC_491f98cd,0,1,0,1,0.0,3054.65,0.0,999999.0,999999.0,0.0,3054.65,0,0,0.1,flagged by the model based on a combination of subtler behavioral signals
SRC_499dcd33,0,1,0,1,0.0,2915.26,0.0,999999.0,999999.0,0.0,2915.26,0,0,0.1,flagged by the model based on a combination of subtler behavioral signals
SRC_499fd5aa,0,1,0,1,0.0,28369.88,0.0,999999.0,999999.0,0.0,28369.88,0,0,0.1,flagged by the model based on a combination of subtler behavioral signals
SRC_4a4f1ece,0,1,0,1,0.0,24918.04,0.0,999999.0,999999.0,0.0,24918.04,0,0,0.1,flagged by the model based on a combination of subtler behavioral signals
SRC_4a57caa5,0,1,0,1,0.0,4085.71,0.0,999999.0,999999.0,0.0,4085.71,0,0,0.1,flagged by the model based on a combination of subtler behavioral signals
SRC_4ab56797,0,1,0,1,0.0,16701.2,0.0,999999.0,999999.0,0.0,16701.2,0,0,0.1,flagged by the model based on a combination of subtler behavioral signals
SRC_4cd63a0c,0,1,0,1,0.0,14600.91,0.0,999999.0,999999.0,0.0,14600.91,0,0,0.1,flagged by the model based on a combination of subtler behavioral signals
SRC_4d7f1b1c,0,1,0,1,0.0,1623.45,0.0,999999.0,999999.0,0.0,1623.45,0,0,0.1,flagged by the model based on a combination of subtler behavioral signals
SRC_4da7ab73,0,1,0,1,0.0,6876.01,0.0,999999.0,999999.0,0.0,6876.01,0,0,0.1,flagged by the model based on a combination of subtler behavioral signals
SRC_4e86819e,0,1,0,1,0.0,47743.06,0.0,999999.0,999999.0,0.0,47743.06,0,0,0.1,flagged by the model based on a combination of subtler behavioral signals
SRC_4e8f5420,0,1,0,1,0.0,46481.82,0.0,999999.0,999999.0,0.0,46481.82,0,0,0.1,flagged by the model based on a combination of subtler behavioral signals
SRC_4e99248a,0,1,0,1,0.0,47268.95,0.0,999999.0,999999.0,0.0,47268.95,0,0,0.1,flagged by the model based on a combination of subtler behavioral signals
SRC_4f464885,0,1,0,1,0.0,3505.78,0.0,999999.0,999999.0,0.0,3505.78,0,0,0.1,flagged by the model based on a combination of subtler behavioral signals
SRC_4fd87ab3,0,1,0,1,0.0,4901.19,0.0,999999.0,999999.0,0.0,4901.19,0,0,0.1,flagged by the model based on a combination of subtler behavioral signals
SRC_5104717c,0,1,0,1,0.0,4491.94,0.0,999999.0,999999.0,0.0,4491.94,0,0,0.1,flagged by the model based on a combination of subtler behavioral signals
SRC_514a770c,0,1,0,1,0.0,9045.32,0.0,999999.0,999999.0,0.0,9045.32,0,0,0.1,flagged by the model based on a combination of subtler behavioral signals
SRC_5150480a,0,1,0,1,0.0,17265.12,0.0,999999.0,999999.0,0.0,17265.12,0,0,0.1,flagged by the model based on a combination of subtler behavioral signals
SRC_5251e903,0,1,0,1,0.0,12807.72,0.0,999999.0,999999.0,0.0,12807.72,0,0,0.1,flagged by the model based on a combination of subtler behavioral signals
SRC_52b07ae0,0,1,0,1,0.0,5219.61,0.0,999999.0,999999.0,0.0,5219.61,0,0,0.1,flagged by the model based on a combination of subtler behavioral signals
SRC_52e26da8,0,1,0,1,0.0,24745.97,0.0,999999.0,999999.0,0.0,24745.97,0,0,0.1,flagged by the model based on a combination of subtler behavioral signals
SRC_530a4c1a,0,1,0,1,0.0,6599.59,0.0,999999.0,999999.0,0.0,6599.59,0,0,0.1,flagged by the model based on a combination of subtler behavioral signals
SRC_53a964b6,0,1,0,1,0.0,2439.09,0.0,999999.0,999999.0,0.0,2439.09,0,0,0.1,flagged by the model based on a combination of subtler behavioral signals
SRC_541d23f2,0,1,0,1,0.0,13981.62,0.0,999999.0,999999.0,0.0,13981.62,0,0,0.1,flagged by the model based on a combination of subtler behavioral signals
SRC_55d7b05b,0,1,0,1,0.0,49573.37,0.0,999999.0,999999.0,0.0,49573.37,0,0,0.1,flagged by the model based on a combination of subtler behavioral signals
SRC_56cd9410,0,1,0,1,0.0,22162.22,0.0,999999.0,999999.0,0.0,22162.22,0,0,0.1,flagged by the model based on a combination of subtler behavioral signals
SRC_570d6049,0,1,0,1,0.0,5965.12,0.0,999999.0,999999.0,0.0,5965.12,0,0,0.1,flagged by the model based on a combination of subtler behavioral signals
SRC_573ad3c0,0,1,0,1,0.0,29675.18,0.0,999999.0,999999.0,0.0,29675.18,0,0,0.1,flagged by the model based on a combination of subtler behavioral signals
SRC_57fa56d8,0,1,0,1,0.0,5734.92,0.0,999999.0,999999.0,0.0,5734.92,0,0,0.1,flagged by the model based on a combination of subtler behavioral signals
SRC_57fc963f,0,1,0,1,0.0,8077.54,0.0,999999.0,999999.0,0.0,8077.54,0,0,0.1,flagged by the model based on a combination of subtler behavioral signals
SRC_5841f658,0,1,0,1,0.0,5256.65,0.0,999999.0,999999.0,0.0,5256.65,0,0,0.1,flagged by the model based on a combination of subtler behavioral signals
SRC_5876ade8,0,1,0,1,0.0,2366.64,0.0,999999.0,999999.0,0.0,2366.64,0,0,0.1,flagged by the model based on a combination of subtler behavioral signals
SRC_58a6d91d,0,1,0,1,0.0,8654.95,0.0,999999.0,999999.0,0.0,8654.95,0,0,0.1,flagged by the model based on a combination of subtler behavioral signals
SRC_59b2254a,0,1,0,1,0.0,5929.77,0.0,999999.0,999999.0,0.0,5929.77,0,0,0.1,flagged by the model based on a combination of subtler behavioral signals
SRC_5a3f2155,0,1,0,1,0.0,34014.48,0.0,999999.0,999999.0,0.0,34014.48,0,0,0.1,flagged by the model based on a combination of subtler behavioral signals
SRC_5a735784,0,1,0,1,0.0,3759.29,0.0,999999.0,999999.0,0.0,3759.29,0,0,0.1,flagged by the model based on a combination of subtler behavioral signals
SRC_5c81cc17,0,1,0,1,0.0,1469.31,0.0,999999.0,999999.0,0.0,1469.31,0,0,0.1,flagged by the model based on a combination of subtler behavioral signals
SRC_5d839d45,0,1,0,1,0.0,1637.95,0.0,999999.0,999999.0,0.0,1637.95,0,0,0.1,flagged by the model based on a combination of subtler behavioral signals
SRC_5de65625,0,1,0,1,0.0,46520.57,0.0,999999.0,999999.0,0.0,46520.57,0,0,0.1,flagged by the model based on a combination of subtler behavioral signals
SRC_5dfe21f7,0,1,0,1,0.0,6450.3,0.0,999999.0,999999.0,0.0,6450.3,0,0,0.1,flagged by the model based on a combination of subtler behavioral signals
SRC_5e37bb87,0,1,0,1,0.0,4264.34,0.0,999999.0,999999.0,0.0,4264.34,0,0,0.1,flagged by the model based on a combination of subtler behavioral signals
SRC_5f3e2c76,0,1,0,1,0.0,39779.99,0.0,999999.0,999999.0,0.0,39779.99,0,0,0.1,flagged by the model based on a combination of subtler behavioral signals
SRC_5fb9039d,0,1,0,1,0.0,49591.18,0.0,999999.0,999999.0,0.0,49591.18,0,0,0.1,flagged by the model based on a combination of subtler behavioral signals
SRC_605576dd,0,1,0,1,0.0,1443.41,0.0,999999.0,999999.0,0.0,1443.41,0,0,0.1,flagged by the model based on a combination of subtler behavioral signals
SRC_6082af52,0,1,0,1,0.0,26742.67,0.0,999999.0,999999.0,0.0,26742.67,0,0,0.1,flagged by the model based on a combination of subtler behavioral signals
SRC_61b32ca0,0,1,0,1,0.0,40126.01,0.0,999999.0,999999.0,0.0,40126.01,0,0,0.1,flagged by the model based on a combination of subtler behavioral signals
SRC_61ce6656,0,1,0,1,0.0,7745.93,0.0,999999.0,999999.0,0.0,7745.93,0,0,0.1,flagged by the model based on a combination of subtler behavioral signals
SRC_6226cc36,0,1,0,1,0.0,4072.01,0.0,999999.0,999999.0,0.0,4072.01,0,0,0.1,flagged by the model based on a combination of subtler behavioral signals
SRC_625ce980,0,1,0,1,0.0,6957.51,0.0,999999.0,999999.0,0.0,6957.51,0,0,0.1,flagged by the model based on a combination of subtler behavioral signals
SRC_628d7664,0,1,0,1,0.0,502.78,0.0,999999.0,999999.0,0.0,502.78,0,0,0.1,flagged by the model based on a combination of subtler behavioral signals
SRC_63c53ab3,0,1,0,1,0.0,19329.88,0.0,999999.0,999999.0,0.0,19329.88,0,0,0.1,flagged by the model based on a combination of subtler behavioral signals
SRC_63ddb73d,0,1,0,1,0.0,31254.45,0.0,999999.0,999999.0,0.0,31254.45,0,0,0.1,flagged by the model based on a combination of subtler behavioral signals
SRC_64eb5614,0,1,0,1,0.0,13148.23,0.0,999999.0,999999.0,0.0,13148.23,0,0,0.1,flagged by the model based on a combination of subtler behavioral signals
SRC_651cc10b,0,1,0,1,0.0,7476.36,0.0,999999.0,999999.0,0.0,7476.36,0,0,0.1,flagged by the model based on a combination of subtler behavioral signals
SRC_66073e63,0,1,0,1,0.0,11233.13,0.0,999999.0,999999.0,0.0,11233.13,0,0,0.1,flagged by the model based on a combination of subtler behavioral signals
SRC_66ef9b8a,0,1,0,1,0.0,27510.31,0.0,999999.0,999999.0,0.0,27510.31,0,0,0.1,flagged by the model based on a combination of subtler behavioral signals
SRC_67b5e6b0,0,1,0,1,0.0,4005.87,0.0,999999.0,999999.0,0.0,4005.87,0,0,0.1,flagged by the model based on a combination of subtler behavioral signals
SRC_68e0def0,0,1,0,1,0.0,6829.5,0.0,999999.0,999999.0,0.0,6829.5,0,0,0.1,flagged by the model based on a combination of subtler behavioral signals
SRC_68ec5142,0,1,0,1,0.0,2474.25,0.0,999999.0,999999.0,0.0,2474.25,0,0,0.1,flagged by the model based on a combination of subtler behavioral signals
SRC_69a96b81,0,1,0,1,0.0,2092.16,0.0,999999.0,999999.0,0.0,2092.16,0,0,0.1,flagged by the model based on a combination of subtler behavioral signals
SRC_6a45b894,0,1,0,1,0.0,2282.86,0.0,999999.0,999999.0,0.0,2282.86,0,0,0.1,flagged by the model based on a combination of subtler behavioral signals
SRC_6c517240,0,1,0,1,0.0,2702.53,0.0,999999.0,999999.0,0.0,2702.53,0,0,0.1,flagged by the model based on a combination of subtler behavioral signals
SRC_6c69eab9,0,1,0,1,0.0,5423.57,0.0,999999.0,999999.0,0.0,5423.57,0,0,0.1,flagged by the model based on a combination of subtler behavioral signals
SRC_6d3d7ee6,0,1,0,1,0.0,2258.51,0.0,999999.0,999999.0,0.0,2258.51,0,0,0.1,flagged by the model based on a combination of subtler behavioral signals
SRC_6d69df3b,0,1,0,1,0.0,7081.63,0.0,999999.0,999999.0,0.0,7081.63,0,0,0.1,flagged by the model based on a combination of subtler behavioral signals
SRC_6df5d083,0,1,0,1,0.0,12723.48,0.0,999999.0,999999.0,0.0,12723.48,0,0,0.1,flagged by the model based on a combination of subtler behavioral signals
SRC_6ebc1c37,0,1,0,1,0.0,37898.8,0.0,999999.0,999999.0,0.0,37898.8,0,0,0.1,flagged by the model based on a combination of subtler behavioral signals
SRC_6f477b05,0,1,0,1,0.0,2959.11,0.0,999999.0,999999.0,0.0,2959.11,0,0,0.1,flagged by the model based on a combination of subtler behavioral signals
SRC_700775b5,0,1,0,1,0.0,32378.77,0.0,999999.0,999999.0,0.0,32378.77,0,0,0.1,flagged by the model based on a combination of subtler behavioral signals
SRC_71a533d9,0,1,0,1,0.0,6111.41,0.0,999999.0,999999.0,0.0,6111.41,0,0,0.1,flagged by the model based on a combination of subtler behavioral signals
SRC_720190fb,0,1,0,1,0.0,5579.0,0.0,999999.0,999999.0,0.0,5579.0,0,0,0.1,flagged by the model based on a combination of subtler behavioral signals
SRC_72047046,0,1,0,1,0.0,8574.05,0.0,999999.0,999999.0,0.0,8574.05,0,0,0.1,flagged by the model based on a combination of subtler behavioral signals
SRC_7210705c,0,1,0,1,0.0,11632.06,0.0,999999.0,999999.0,0.0,11632.06,0,0,0.1,flagged by the model based on a combination of subtler behavioral signals
SRC_72274c7a,0,1,0,1,0.0,7933.11,0.0,999999.0,999999.0,0.0,7933.11,0,0,0.1,flagged by the model based on a combination of subtler behavioral signals
SRC_726e8afa,0,1,0,1,0.0,7325.96,0.0,999999.0,999999.0,0.0,7325.96,0,0,0.1,flagged by the model based on a combination of subtler behavioral signals
SRC_728ec35c,0,1,0,1,0.0,8322.4,0.0,999999.0,999999.0,0.0,8322.4,0,0,0.1,flagged by the model based on a combination of subtler behavioral signals
SRC_72b6bf2d,0,1,0,1,0.0,1960.86,0.0,999999.0,999999.0,0.0,1960.86,0,0,0.1,flagged by the model based on a combination of subtler behavioral signals
SRC_738848dd,0,1,0,1,0.0,7013.95,0.0,999999.0,999999.0,0.0,7013.95,0,0,0.1,flagged by the model based on a combination of subtler behavioral signals
SRC_73d18ec7,0,1,0,1,0.0,2114.5,0.0,999999.0,999999.0,0.0,2114.5,0,0,0.1,flagged by the model based on a combination of subtler behavioral signals
SRC_74533cb4,0,1,0,1,0.0,3637.32,0.0,999999.0,999999.0,0.0,3637.32,0,0,0.1,flagged by the model based on a combination of subtler behavioral signals
SRC_7458ec4b,0,1,0,1,0.0,15621.52,0.0,999999.0,999999.0,0.0,15621.52,0,0,0.1,flagged by the model based on a combination of subtler behavioral signals
SRC_757b366c,0,1,0,1,0.0,16391.27,0.0,999999.0,999999.0,0.0,16391.27,0,0,0.1,flagged by the model based on a combination of subtler behavioral signals
SRC_758fd8be,0,1,0,1,0.0,7122.35,0.0,999999.0,999999.0,0.0,7122.35,0,0,0.1,flagged by the model based on a combination of subtler behavioral signals
SRC_760463e7,0,1,0,1,0.0,700.2,0.0,999999.0,999999.0,0.0,700.2,0,0,0.1,flagged by the model based on a combination of subtler behavioral signals
SRC_76ccce2b,0,1,0,1,0.0,4918.12,0.0,999999.0,999999.0,0.0,4918.12,0,0,0.1,flagged by the model based on a combination of subtler behavioral signals
SRC_76ec77cf,0,1,0,1,0.0,38195.32,0.0,999999.0,999999.0,0.0,38195.32,0,0,0.1,flagged by the model based on a combination of subtler behavioral signals
SRC_781eeda4,0,1,0,1,0.0,6441.23,0.0,999999.0,999999.0,0.0,6441.23,0,0,0.1,flagged by the model based on a combination of subtler behavioral signals
SRC_78b083b4,0,1,0,1,0.0,4144.37,0.0,999999.0,999999.0,0.0,4144.37,0,0,0.1,flagged by the model based on a combination of subtler behavioral signals
SRC_79d1a064,0,1,0,1,0.0,1386.12,0.0,999999.0,999999.0,0.0,1386.12,0,0,0.1,flagged by the model based on a combination of subtler behavioral signals
SRC_7af4952d,0,1,0,1,0.0,4462.5,0.0,999999.0,999999.0,0.0,4462.5,0,0,0.1,flagged by the model based on a combination of subtler behavioral signals
SRC_7bf87f6a,0,1,0,1,0.0,33887.35,0.0,999999.0,999999.0,0.0,33887.35,0,0,0.1,flagged by the model based on a combination of subtler behavioral signals
SRC_7c6690df,0,1,0,1,0.0,7144.35,0.0,999999.0,999999.0,0.0,7144.35,0,0,0.1,flagged by the model based on a combination of subtler behavioral signals
SRC_7cdcbc8f,0,1,0,1,0.0,5489.83,0.0,999999.0,999999.0,0.0,5489.83,0,0,0.1,flagged by the model based on a combination of subtler behavioral signals
SRC_7d077956,0,1,0,1,0.0,46703.38,0.0,999999.0,999999.0,0.0,46703.38,0,0,0.1,flagged by the model based on a combination of subtler behavioral signals
SRC_7d083616,0,1,0,1,0.0,3139.23,0.0,999999.0,999999.0,0.0,3139.23,0,0,0.1,flagged by the model based on a combination of subtler behavioral signals
SRC_7d3ae8e6,0,1,0,1,0.0,6337.25,0.0,999999.0,999999.0,0.0,6337.25,0,0,0.1,flagged by the model based on a combination of subtler behavioral signals
SRC_7e58a673,0,1,0,1,0.0,920.95,0.0,999999.0,999999.0,0.0,920.95,0,0,0.1,flagged by the model based on a combination of subtler behavioral signals
SRC_7ea8188e,0,1,0,1,0.0,8613.45,0.0,999999.0,999999.0,0.0,8613.45,0,0,0.1,flagged by the model based on a combination of subtler behavioral signals
SRC_7ecc13c3,0,1,0,1,0.0,4493.83,0.0,999999.0,999999.0,0.0,4493.83,0,0,0.1,flagged by the model based on a combination of subtler behavioral signals
SRC_7f3a0150,0,1,0,1,0.0,34503.03,0.0,999999.0,999999.0,0.0,34503.03,0,0,0.1,flagged by the model based on a combination of subtler behavioral signals
SRC_803133b4,0,1,0,1,0.0,31035.08,0.0,999999.0,999999.0,0.0,31035.08,0,0,0.1,flagged by the model based on a combination of subtler behavioral signals
SRC_80b62cf2,0,1,0,1,0.0,7508.52,0.0,999999.0,999999.0,0.0,7508.52,0,0,0.1,flagged by the model based on a combination of subtler behavioral signals
SRC_817dee4f,0,1,0,1,0.0,4551.15,0.0,999999.0,999999.0,0.0,4551.15,0,0,0.1,flagged by the model based on a combination of subtler behavioral signals
SRC_81b9284b,0,1,0,1,0.0,596.22,0.0,999999.0,999999.0,0.0,596.22,0,0,0.1,flagged by the model based on a combination of subtler behavioral signals
SRC_8227d7ba,0,1,0,1,0.0,36106.2,0.0,999999.0,999999.0,0.0,36106.2,0,0,0.1,flagged by the model based on a combination of subtler behavioral signals
SRC_824e1c4d,0,1,0,1,0.0,42862.11,0.0,999999.0,999999.0,0.0,42862.11,0,0,0.1,flagged by the model based on a combination of subtler behavioral signals
SRC_825875f7,0,1,0,1,0.0,42125.42,0.0,999999.0,999999.0,0.0,42125.42,0,0,0.1,flagged by the model based on a combination of subtler behavioral signals
SRC_82a8fb95,0,1,0,1,0.0,12198.03,0.0,999999.0,999999.0,0.0,12198.03,0,0,0.1,flagged by the model based on a combination of subtler behavioral signals
SRC_82b657e8,0,1,0,1,0.0,1028.22,0.0,999999.0,999999.0,0.0,1028.22,0,0,0.1,flagged by the model based on a combination of subtler behavioral signals
SRC_82ec36f5,0,1,0,1,0.0,7235.24,0.0,999999.0,999999.0,0.0,7235.24,0,0,0.1,flagged by the model based on a combination of subtler behavioral signals
SRC_83c00df0,0,1,0,1,0.0,1828.75,0.0,999999.0,999999.0,0.0,1828.75,0,0,0.1,flagged by the model based on a combination of subtler behavioral signals
SRC_8402ef3f,0,1,0,1,0.0,3049.92,0.0,999999.0,999999.0,0.0,3049.92,0,0,0.1,flagged by the model based on a combination of subtler behavioral signals
SRC_840d3fb0,0,1,0,1,0.0,7362.24,0.0,999999.0,999999.0,0.0,7362.24,0,0,0.1,flagged by the model based on a combination of subtler behavioral signals
SRC_849b0367,0,1,0,1,0.0,7647.67,0.0,999999.0,999999.0,0.0,7647.67,0,0,0.1,flagged by the model based on a combination of subtler behavioral signals
SRC_86084690,0,1,0,1,0.0,29403.84,0.0,999999.0,999999.0,0.0,29403.84,0,0,0.1,flagged by the model based on a combination of subtler behavioral signals
SRC_860b79ca,0,1,0,1,0.0,11478.69,0.0,999999.0,999999.0,0.0,11478.69,0,0,0.1,flagged by the model based on a combination of subtler behavioral signals
SRC_86b3d789,0,1,0,1,0.0,5628.55,0.0,999999.0,999999.0,0.0,5628.55,0,0,0.1,flagged by the model based on a combination of subtler behavioral signals
SRC_8724e301,0,1,0,1,0.0,37149.52,0.0,999999.0,999999.0,0.0,37149.52,0,0,0.1,flagged by the model based on a combination of subtler behavioral signals
SRC_87aff68d,0,1,0,1,0.0,46848.87,0.0,999999.0,999999.0,0.0,46848.87,0,0,0.1,flagged by the model based on a combination of subtler behavioral signals
SRC_87f00899,0,1,0,1,0.0,3883.59,0.0,999999.0,999999.0,0.0,3883.59,0,0,0.1,flagged by the model based on a combination of subtler behavioral signals
SRC_88415407,0,1,0,1,0.0,19737.56,0.0,999999.0,999999.0,0.0,19737.56,0,0,0.1,flagged by the model based on a combination of subtler behavioral signals
SRC_88c81470,0,1,0,1,0.0,507.03,0.0,999999.0,999999.0,0.0,507.03,0,0,0.1,flagged by the model based on a combination of subtler behavioral signals
SRC_8a3dcb12,0,1,0,1,0.0,15190.24,0.0,999999.0,999999.0,0.0,15190.24,0,0,0.1,flagged by the model based on a combination of subtler behavioral signals
SRC_8a675539,0,1,0,1,0.0,46995.59,0.0,999999.0,999999.0,0.0,46995.59,0,0,0.1,flagged by the model based on a combination of subtler behavioral signals
SRC_8a773314,0,1,0,1,0.0,7005.79,0.0,999999.0,999999.0,0.0,7005.79,0,0,0.1,flagged by the model based on a combination of subtler behavioral signals
SRC_8ad4099b,0,1,0,1,0.0,5675.46,0.0,999999.0,999999.0,0.0,5675.46,0,0,0.1,flagged by the model based on a combination of subtler behavioral signals
SRC_8b141895,0,1,0,1,0.0,2674.17,0.0,999999.0,999999.0,0.0,2674.17,0,0,0.1,flagged by the model based on a combination of subtler behavioral signals
SRC_8cfe0d95,0,1,0,1,0.0,3569.17,0.0,999999.0,999999.0,0.0,3569.17,0,0,0.1,flagged by the model based on a combination of subtler behavioral signals
SRC_8d39e4e1,0,1,0,1,0.0,7758.52,0.0,999999.0,999999.0,0.0,7758.52,0,0,0.1,flagged by the model based on a combination of subtler behavioral signals
SRC_8dcc6b7b,0,1,0,1,0.0,5274.91,0.0,999999.0,999999.0,0.0,5274.91,0,0,0.1,flagged by the model based on a combination of subtler behavioral signals
SRC_8f1e1c79,0,1,0,1,0.0,6426.36,0.0,999999.0,999999.0,0.0,6426.36,0,0,0.1,flagged by the model based on a combination of subtler behavioral signals
SRC_8f935579,0,1,0,1,0.0,47568.15,0.0,999999.0,999999.0,0.0,47568.15,0,0,0.1,flagged by the model based on a combination of subtler behavioral signals
SRC_8feac085,0,1,0,1,0.0,7167.03,0.0,999999.0,999999.0,0.0,7167.03,0,0,0.1,flagged by the model based on a combination of subtler behavioral signals
SRC_90a3c3a8,0,1,0,1,0.0,1489.34,0.0,999999.0,999999.0,0.0,1489.34,0,0,0.1,flagged by the model based on a combination of subtler behavioral signals
SRC_90d5e433,0,1,0,1,0.0,47723.56,0.0,999999.0,999999.0,0.0,47723.56,0,0,0.1,flagged by the model based on a combination of subtler behavioral signals
SRC_918e7775,0,1,0,1,0.0,1781.52,0.0,999999.0,999999.0,0.0,1781.52,0,0,0.1,flagged by the model based on a combination of subtler behavioral signals
SRC_91f9e641,0,1,0,1,0.0,4765.08,0.0,999999.0,999999.0,0.0,4765.08,0,0,0.1,flagged by the model based on a combination of subtler behavioral signals
SRC_92032be2,0,1,0,1,0.0,6798.82,0.0,999999.0,999999.0,0.0,6798.82,0,0,0.1,flagged by the model based on a combination of subtler behavioral signals
SRC_9226bc86,0,1,0,1,0.0,5422.74,0.0,999999.0,999999.0,0.0,5422.74,0,0,0.1,flagged by the model based on a combination of subtler behavioral signals
SRC_93144404,0,1,0,1,0.0,40466.82,0.0,999999.0,999999.0,0.0,40466.82,0,0,0.1,flagged by the model based on a combination of subtler behavioral signals
SRC_93d8a8ab,0,1,0,1,0.0,1987.11,0.0,999999.0,999999.0,0.0,1987.11,0,0,0.1,flagged by the model based on a combination of subtler behavioral signals
SRC_952228e9,0,1,0,1,0.0,42018.85,0.0,999999.0,999999.0,0.0,42018.85,0,0,0.1,flagged by the model based on a combination of subtler behavioral signals
SRC_96defb68,0,1,0,1,0.0,7660.44,0.0,999999.0,999999.0,0.0,7660.44,0,0,0.1,flagged by the model based on a combination of subtler behavioral signals
SRC_977fc465,0,1,0,1,0.0,6702.2,0.0,999999.0,999999.0,0.0,6702.2,0,0,0.1,flagged by the model based on a combination of subtler behavioral signals
SRC_98be3b00,0,1,0,1,0.0,2650.15,0.0,999999.0,999999.0,0.0,2650.15,0,0,0.1,flagged by the model based on a combination of subtler behavioral signals
SRC_98c1d6aa,0,1,0,1,0.0,33298.7,0.0,999999.0,999999.0,0.0,33298.7,0,0,0.1,flagged by the model based on a combination of subtler behavioral signals
SRC_99434f11,0,1,0,1,0.0,1432.25,0.0,999999.0,999999.0,0.0,1432.25,0,0,0.1,flagged by the model based on a combination of subtler behavioral signals
SRC_998c0035,0,1,0,1,0.0,13408.5,0.0,999999.0,999999.0,0.0,13408.5,0,0,0.1,flagged by the model based on a combination of subtler behavioral signals
SRC_9a5788eb,0,1,0,1,0.0,10875.18,0.0,999999.0,999999.0,0.0,10875.18,0,0,0.1,flagged by the model based on a combination of subtler behavioral signals
SRC_9a63bba2,0,1,0,1,0.0,43943.22,0.0,999999.0,999999.0,0.0,43943.22,0,0,0.1,flagged by the model based on a combination of subtler behavioral signals
SRC_9b2e3b3d,0,1,0,1,0.0,49460.07,0.0,999999.0,999999.0,0.0,49460.07,0,0,0.1,flagged by the model based on a combination of subtler behavioral signals
SRC_9b825b7e,0,1,0,1,0.0,38055.23,0.0,999999.0,999999.0,0.0,38055.23,0,0,0.1,flagged by the model based on a combination of subtler behavioral signals
SRC_9ba68d4b,0,1,0,1,0.0,6374.51,0.0,999999.0,999999.0,0.0,6374.51,0,0,0.1,flagged by the model based on a combination of subtler behavioral signals
SRC_9c370349,0,1,0,1,0.0,2358.8,0.0,999999.0,999999.0,0.0,2358.8,0,0,0.1,flagged by the model based on a combination of subtler behavioral signals
SRC_9d624def,0,1,0,1,0.0,25210.84,0.0,999999.0,999999.0,0.0,25210.84,0,0,0.1,flagged by the model based on a combination of subtler behavioral signals
SRC_9eaefe50,0,1,0,1,0.0,5378.21,0.0,999999.0,999999.0,0.0,5378.21,0,0,0.1,flagged by the model based on a combination of subtler behavioral signals
SRC_9f4f6c71,0,1,0,1,0.0,6622.46,0.0,999999.0,999999.0,0.0,6622.46,0,0,0.1,flagged by the model based on a combination of subtler behavioral signals
SRC_9fd7e87d,0,1,0,1,0.0,684.44,0.0,999999.0,999999.0,0.0,684.44,0,0,0.1,flagged by the model based on a combination of subtler behavioral signals
SRC_a01c73e5,0,1,0,1,0.0,16629.66,0.0,999999.0,999999.0,0.0,16629.66,0,0,0.1,flagged by the model based on a combination of subtler behavioral signals
SRC_a0528c88,0,1,0,1,0.0,43870.07,0.0,999999.0,999999.0,0.0,43870.07,0,0,0.1,flagged by the model based on a combination of subtler behavioral signals
SRC_a089c8cd,0,1,0,1,0.0,43971.55,0.0,999999.0,999999.0,0.0,43971.55,0,0,0.1,flagged by the model based on a combination of subtler behavioral signals
SRC_a1087662,0,1,0,1,0.0,32293.55,0.0,999999.0,999999.0,0.0,32293.55,0,0,0.1,flagged by the model based on a combination of subtler behavioral signals
SRC_a16cba60,0,1,0,1,0.0,2050.9,0.0,999999.0,999999.0,0.0,2050.9,0,0,0.1,flagged by the model based on a combination of subtler behavioral signals
SRC_a1904e2f,0,1,0,1,0.0,4915.06,0.0,999999.0,999999.0,0.0,4915.06,0,0,0.1,flagged by the model based on a combination of subtler behavioral signals
SRC_a1deed10,0,1,0,1,0.0,7257.59,0.0,999999.0,999999.0,0.0,7257.59,0,0,0.1,flagged by the model based on a combination of subtler behavioral signals
SRC_a2716605,0,1,0,1,0.0,3511.09,0.0,999999.0,999999.0,0.0,3511.09,0,0,0.1,flagged by the model based on a combination of subtler behavioral signals
SRC_a38bb88e,0,1,0,1,0.0,662.27,0.0,999999.0,999999.0,0.0,662.27,0,0,0.1,flagged by the model based on a combination of subtler behavioral signals
SRC_a54ddfbd,0,1,0,1,0.0,35120.82,0.0,999999.0,999999.0,0.0,35120.82,0,0,0.1,flagged by the model based on a combination of subtler behavioral signals
SRC_a5966140,0,1,0,1,0.0,789.86,0.0,999999.0,999999.0,0.0,789.86,0,0,0.1,flagged by the model based on a combination of subtler behavioral signals
SRC_a5aa1df7,0,1,0,1,0.0,6824.72,0.0,999999.0,999999.0,0.0,6824.72,0,0,0.1,flagged by the model based on a combination of subtler behavioral signals
SRC_a5f9716e,0,1,0,1,0.0,28748.25,0.0,999999.0,999999.0,0.0,28748.25,0,0,0.1,flagged by the model based on a combination of subtler behavioral signals
SRC_a60b3726,0,1,0,1,0.0,35020.17,0.0,999999.0,999999.0,0.0,35020.17,0,0,0.1,flagged by the model based on a combination of subtler behavioral signals
SRC_a681256f,0,1,0,1,0.0,9940.1,0.0,999999.0,999999.0,0.0,9940.1,0,0,0.1,flagged by the model based on a combination of subtler behavioral signals
SRC_a6ac9244,0,1,0,1,0.0,43059.32,0.0,999999.0,999999.0,0.0,43059.32,0,0,0.1,flagged by the model based on a combination of subtler behavioral signals
SRC_a6ba4da9,0,1,0,1,0.0,46819.46,0.0,999999.0,999999.0,0.0,46819.46,0,0,0.1,flagged by the model based on a combination of subtler behavioral signals
SRC_a6c941fa,0,1,0,1,0.0,15006.24,0.0,999999.0,999999.0,0.0,15006.24,0,0,0.1,flagged by the model based on a combination of subtler behavioral signals
SRC_a768d685,0,1,0,1,0.0,8786.71,0.0,999999.0,999999.0,0.0,8786.71,0,0,0.1,flagged by the model based on a combination of subtler behavioral signals
SRC_a7f3beb1,0,1,0,1,0.0,8010.88,0.0,999999.0,999999.0,0.0,8010.88,0,0,0.1,flagged by the model based on a combination of subtler behavioral signals
SRC_a9de47ac,0,1,0,1,0.0,11176.26,0.0,999999.0,999999.0,0.0,11176.26,0,0,0.1,flagged by the model based on a combination of subtler behavioral signals
SRC_aa059ade,0,1,0,1,0.0,35946.16,0.0,999999.0,999999.0,0.0,35946.16,0,0,0.1,flagged by the model based on a combination of subtler behavioral signals
SRC_aacfd4d7,0,1,0,1,0.0,43500.83,0.0,999999.0,999999.0,0.0,43500.83,0,0,0.1,flagged by the model based on a combination of subtler behavioral signals
SRC_ac4ed8ab,0,1,0,1,0.0,6188.9,0.0,999999.0,999999.0,0.0,6188.9,0,0,0.1,flagged by the model based on a combination of subtler behavioral signals
SRC_ad13908e,0,1,0,1,0.0,10059.8,0.0,999999.0,999999.0,0.0,10059.8,0,0,0.1,flagged by the model based on a combination of subtler behavioral signals
SRC_ad5d724a,0,1,0,1,0.0,7531.73,0.0,999999.0,999999.0,0.0,7531.73,0,0,0.1,flagged by the model based on a combination of subtler behavioral signals
SRC_ada2d87c,0,1,0,1,0.0,7258.98,0.0,999999.0,999999.0,0.0,7258.98,0,0,0.1,flagged by the model based on a combination of subtler behavioral signals
SRC_addb0ed1,0,1,0,1,0.0,2031.7,0.0,999999.0,999999.0,0.0,2031.7,0,0,0.1,flagged by the model based on a combination of subtler behavioral signals
SRC_aea4fd31,0,1,0,1,0.0,7734.94,0.0,999999.0,999999.0,0.0,7734.94,0,0,0.1,flagged by the model based on a combination of subtler behavioral signals
SRC_af4237d2,0,1,0,1,0.0,6009.96,0.0,999999.0,999999.0,0.0,6009.96,0,0,0.1,flagged by the model based on a combination of subtler behavioral signals
SRC_afb82ad5,0,1,0,1,0.0,4275.58,0.0,999999.0,999999.0,0.0,4275.58,0,0,0.1,flagged by the model based on a combination of subtler behavioral signals
SRC_b17d2310,0,1,0,1,0.0,41777.72,0.0,999999.0,999999.0,0.0,41777.72,0,0,0.1,flagged by the model based on a combination of subtler behavioral signals
SRC_b1c43f9d,0,1,0,1,0.0,1339.5,0.0,999999.0,999999.0,0.0,1339.5,0,0,0.1,flagged by the model based on a combination of subtler behavioral signals
SRC_b1d3afc5,0,1,0,1,0.0,7112.4,0.0,999999.0,999999.0,0.0,7112.4,0,0,0.1,flagged by the model based on a combination of subtler behavioral signals
SRC_b23da853,0,1,0,1,0.0,7816.35,0.0,999999.0,999999.0,0.0,7816.35,0,0,0.1,flagged by the model based on a combination of subtler behavioral signals
SRC_b2ba7942,0,1,0,1,0.0,1362.01,0.0,999999.0,999999.0,0.0,1362.01,0,0,0.1,flagged by the model based on a combination of subtler behavioral signals
SRC_b357b0c0,0,1,0,1,0.0,12222.54,0.0,999999.0,999999.0,0.0,12222.54,0,0,0.1,flagged by the model based on a combination of subtler behavioral signals
SRC_b365462f,0,1,0,1,0.0,1252.63,0.0,999999.0,999999.0,0.0,1252.63,0,0,0.1,flagged by the model based on a combination of subtler behavioral signals
SRC_b40d7ea9,0,1,0,1,0.0,3896.57,0.0,999999.0,999999.0,0.0,3896.57,0,0,0.1,flagged by the model based on a combination of subtler behavioral signals
SRC_b4118159,0,1,0,1,0.0,5306.54,0.0,999999.0,999999.0,0.0,5306.54,0,0,0.1,flagged by the model based on a combination of subtler behavioral signals
SRC_b44d7d4f,0,1,0,1,0.0,3739.13,0.0,999999.0,999999.0,0.0,3739.13,0,0,0.1,flagged by the model based on a combination of subtler behavioral signals
SRC_b47a2898,0,1,0,1,0.0,4295.22,0.0,999999.0,999999.0,0.0,4295.22,0,0,0.1,flagged by the model based on a combination of subtler behavioral signals
SRC_b50c2672,0,1,0,1,0.0,7235.57,0.0,999999.0,999999.0,0.0,7235.57,0,0,0.1,flagged by the model based on a combination of subtler behavioral signals
SRC_b543501c,0,1,0,1,0.0,3604.53,0.0,999999.0,999999.0,0.0,3604.53,0,0,0.1,flagged by the model based on a combination of subtler behavioral signals
SRC_b55aac04,0,1,0,1,0.0,8630.22,0.0,999999.0,999999.0,0.0,8630.22,0,0,0.1,flagged by the model based on a combination of subtler behavioral signals
SRC_b55d993e,0,1,0,1,0.0,6109.26,0.0,999999.0,999999.0,0.0,6109.26,0,0,0.1,flagged by the model based on a combination of subtler behavioral signals
SRC_b57e9450,0,1,0,1,0.0,3337.81,0.0,999999.0,999999.0,0.0,3337.81,0,0,0.1,flagged by the model based on a combination of subtler behavioral signals
SRC_b5aaff9d,0,1,0,1,0.0,1775.71,0.0,999999.0,999999.0,0.0,1775.71,0,0,0.1,flagged by the model based on a combination of subtler behavioral signals
SRC_b5ef3025,0,1,0,1,0.0,7455.21,0.0,999999.0,999999.0,0.0,7455.21,0,0,0.1,flagged by the model based on a combination of subtler behavioral signals
SRC_b6255094,0,1,0,1,0.0,3975.41,0.0,999999.0,999999.0,0.0,3975.41,0,0,0.1,flagged by the model based on a combination of subtler behavioral signals
SRC_b8408392,0,1,0,1,0.0,6303.68,0.0,999999.0,999999.0,0.0,6303.68,0,0,0.1,flagged by the model based on a combination of subtler behavioral signals
SRC_b8fc255a,0,1,0,1,0.0,28098.63,0.0,999999.0,999999.0,0.0,28098.63,0,0,0.1,flagged by the model based on a combination of subtler behavioral signals
SRC_b984e61f,0,1,0,1,0.0,4904.81,0.0,999999.0,999999.0,0.0,4904.81,0,0,0.1,flagged by the model based on a combination of subtler behavioral signals
SRC_ba6142d4,0,1,0,1,0.0,6114.92,0.0,999999.0,999999.0,0.0,6114.92,0,0,0.1,flagged by the model based on a combination of subtler behavioral signals
SRC_bb1588cd,0,1,0,1,0.0,9585.76,0.0,999999.0,999999.0,0.0,9585.76,0,0,0.1,flagged by the model based on a combination of subtler behavioral signals
SRC_bc8f0f38,0,1,0,1,0.0,8799.84,0.0,999999.0,999999.0,0.0,8799.84,0,0,0.1,flagged by the model based on a combination of subtler behavioral signals
SRC_bd4591dd,0,1,0,1,0.0,5708.29,0.0,999999.0,999999.0,0.0,5708.29,0,0,0.1,flagged by the model based on a combination of subtler behavioral signals
SRC_bff0294e,0,1,0,1,0.0,606.52,0.0,999999.0,999999.0,0.0,606.52,0,0,0.1,flagged by the model based on a combination of subtler behavioral signals
SRC_c031b309,0,1,0,1,0.0,2666.87,0.0,999999.0,999999.0,0.0,2666.87,0,0,0.1,flagged by the model based on a combination of subtler behavioral signals
SRC_c21857ea,0,1,0,1,0.0,13248.47,0.0,999999.0,999999.0,0.0,13248.47,0,0,0.1,flagged by the model based on a combination of subtler behavioral signals
SRC_c3669c72,0,1,0,1,0.0,31553.99,0.0,999999.0,999999.0,0.0,31553.99,0,0,0.1,flagged by the model based on a combination of subtler behavioral signals
SRC_c3950bdb,0,1,0,1,0.0,43908.76,0.0,999999.0,999999.0,0.0,43908.76,0,0,0.1,flagged by the model based on a combination of subtler behavioral signals
SRC_c3a7c835,0,1,0,1,0.0,8741.83,0.0,999999.0,999999.0,0.0,8741.83,0,0,0.1,flagged by the model based on a combination of subtler behavioral signals
SRC_c3b668cf,0,1,0,1,0.0,8016.44,0.0,999999.0,999999.0,0.0,8016.44,0,0,0.1,flagged by the model based on a combination of subtler behavioral signals
SRC_c42dc145,0,1,0,1,0.0,1332.6,0.0,999999.0,999999.0,0.0,1332.6,0,0,0.1,flagged by the model based on a combination of subtler behavioral signals
SRC_c48e9ac3,0,1,0,1,0.0,5767.69,0.0,999999.0,999999.0,0.0,5767.69,0,0,0.1,flagged by the model based on a combination of subtler behavioral signals
SRC_c5470d85,0,1,0,1,0.0,3452.22,0.0,999999.0,999999.0,0.0,3452.22,0,0,0.1,flagged by the model based on a combination of subtler behavioral signals
SRC_c55390f5,0,1,0,1,0.0,9314.93,0.0,999999.0,999999.0,0.0,9314.93,0,0,0.1,flagged by the model based on a combination of subtler behavioral signals
SRC_c5d1a03d,0,1,0,1,0.0,43538.1,0.0,999999.0,999999.0,0.0,43538.1,0,0,0.1,flagged by the model based on a combination of subtler behavioral signals
SRC_c7583f88,0,1,0,1,0.0,32060.82,0.0,999999.0,999999.0,0.0,32060.82,0,0,0.1,flagged by the model based on a combination of subtler behavioral signals
SRC_c840f1f9,0,1,0,1,0.0,8944.91,0.0,999999.0,999999.0,0.0,8944.91,0,0,0.1,flagged by the model based on a combination of subtler behavioral signals
SRC_c8578ca9,0,1,0,1,0.0,3880.98,0.0,999999.0,999999.0,0.0,3880.98,0,0,0.1,flagged by the model based on a combination of subtler behavioral signals
SRC_c94ff6d3,0,1,0,1,0.0,6926.98,0.0,999999.0,999999.0,0.0,6926.98,0,0,0.1,flagged by the model based on a combination of subtler behavioral signals
SRC_c992911c,0,1,0,1,0.0,2244.66,0.0,999999.0,999999.0,0.0,2244.66,0,0,0.1,flagged by the model based on a combination of subtler behavioral signals
SRC_c9a1e596,0,1,0,1,0.0,4694.9,0.0,999999.0,999999.0,0.0,4694.9,0,0,0.1,flagged by the model based on a combination of subtler behavioral signals
SRC_c9c114a8,0,1,0,1,0.0,4354.36,0.0,999999.0,999999.0,0.0,4354.36,0,0,0.1,flagged by the model based on a combination of subtler behavioral signals
SRC_c9d2545b,0,1,0,1,0.0,47131.95,0.0,999999.0,999999.0,0.0,47131.95,0,0,0.1,flagged by the model based on a combination of subtler behavioral signals
SRC_c9e1432e,0,1,0,1,0.0,2903.41,0.0,999999.0,999999.0,0.0,2903.41,0,0,0.1,flagged by the model based on a combination of subtler behavioral signals
SRC_cab2ad8a,0,1,0,1,0.0,48374.1,0.0,999999.0,999999.0,0.0,48374.1,0,0,0.1,flagged by the model based on a combination of subtler behavioral signals
SRC_cb3486ec,0,1,0,1,0.0,3916.46,0.0,999999.0,999999.0,0.0,3916.46,0,0,0.1,flagged by the model based on a combination of subtler behavioral signals
SRC_cbc6819a,0,1,0,1,0.0,37791.2,0.0,999999.0,999999.0,0.0,37791.2,0,0,0.1,flagged by the model based on a combination of subtler behavioral signals
SRC_cc1501d8,0,1,0,1,0.0,1205.19,0.0,999999.0,999999.0,0.0,1205.19,0,0,0.1,flagged by the model based on a combination of subtler behavioral signals
SRC_cc63d2fb,0,1,0,1,0.0,4598.52,0.0,999999.0,999999.0,0.0,4598.52,0,0,0.1,flagged by the model based on a combination of subtler behavioral signals
SRC_cce2ba3e,0,1,0,1,0.0,21289.77,0.0,999999.0,999999.0,0.0,21289.77,0,0,0.1,flagged by the model based on a combination of subtler behavioral signals
SRC_cce462eb,0,1,0,1,0.0,7402.14,0.0,999999.0,999999.0,0.0,7402.14,0,0,0.1,flagged by the model based on a combination of subtler behavioral signals
SRC_ccef717b,0,1,0,1,0.0,23397.78,0.0,999999.0,999999.0,0.0,23397.78,0,0,0.1,flagged by the model based on a combination of subtler behavioral signals
SRC_cd2f6940,0,1,0,1,0.0,15353.58,0.0,999999.0,999999.0,0.0,15353.58,0,0,0.1,flagged by the model based on a combination of subtler behavioral signals
SRC_cd3ef0f2,0,1,0,1,0.0,564.84,0.0,999999.0,999999.0,0.0,564.84,0,0,0.1,flagged by the model based on a combination of subtler behavioral signals
SRC_cd588f39,0,1,0,1,0.0,8578.96,0.0,999999.0,999999.0,0.0,8578.96,0,0,0.1,flagged by the model based on a combination of subtler behavioral signals
SRC_ce5cda8d,0,1,0,1,0.0,3591.25,0.0,999999.0,999999.0,0.0,3591.25,0,0,0.1,flagged by the model based on a combination of subtler behavioral signals
SRC_cf2c2a60,0,1,0,1,0.0,4443.44,0.0,999999.0,999999.0,0.0,4443.44,0,0,0.1,flagged by the model based on a combination of subtler behavioral signals
SRC_cf73930d,0,1,0,1,0.0,1375.44,0.0,999999.0,999999.0,0.0,1375.44,0,0,0.1,flagged by the model based on a combination of subtler behavioral signals
SRC_d1f59754,0,1,0,1,0.0,6283.3,0.0,999999.0,999999.0,0.0,6283.3,0,0,0.1,flagged by the model based on a combination of subtler behavioral signals
SRC_d24c1f74,0,1,0,1,0.0,8136.45,0.0,999999.0,999999.0,0.0,8136.45,0,0,0.1,flagged by the model based on a combination of subtler behavioral signals
SRC_d35441cd,0,1,0,1,0.0,3760.2,0.0,999999.0,999999.0,0.0,3760.2,0,0,0.1,flagged by the model based on a combination of subtler behavioral signals
SRC_d3c2c957,0,1,0,1,0.0,8698.25,0.0,999999.0,999999.0,0.0,8698.25,0,0,0.1,flagged by the model based on a combination of subtler behavioral signals
SRC_d471075f,0,1,0,1,0.0,11610.58,0.0,999999.0,999999.0,0.0,11610.58,0,0,0.1,flagged by the model based on a combination of subtler behavioral signals
SRC_d4947992,0,1,0,1,0.0,2690.74,0.0,999999.0,999999.0,0.0,2690.74,0,0,0.1,flagged by the model based on a combination of subtler behavioral signals
SRC_d59e959d,0,1,0,1,0.0,3873.23,0.0,999999.0,999999.0,0.0,3873.23,0,0,0.1,flagged by the model based on a combination of subtler behavioral signals
SRC_d5fdf68e,0,1,0,1,0.0,2417.2,0.0,999999.0,999999.0,0.0,2417.2,0,0,0.1,flagged by the model based on a combination of subtler behavioral signals
SRC_d62323ee,0,1,0,1,0.0,899.95,0.0,999999.0,999999.0,0.0,899.95,0,0,0.1,flagged by the model based on a combination of subtler behavioral signals
SRC_d6c2fbed,0,1,0,1,0.0,8539.94,0.0,999999.0,999999.0,0.0,8539.94,0,0,0.1,flagged by the model based on a combination of subtler behavioral signals
SRC_d77608b8,0,1,0,1,0.0,6182.37,0.0,999999.0,999999.0,0.0,6182.37,0,0,0.1,flagged by the model based on a combination of subtler behavioral signals
SRC_d7d76acf,0,1,0,1,0.0,7015.21,0.0,999999.0,999999.0,0.0,7015.21,0,0,0.1,flagged by the model based on a combination of subtler behavioral signals
SRC_d83dfa6c,0,1,0,1,0.0,32356.36,0.0,999999.0,999999.0,0.0,32356.36,0,0,0.1,flagged by the model based on a combination of subtler behavioral signals
SRC_d8456532,0,1,0,1,0.0,3006.83,0.0,999999.0,999999.0,0.0,3006.83,0,0,0.1,flagged by the model based on a combination of subtler behavioral signals
SRC_d85680b3,0,1,0,1,0.0,45517.51,0.0,999999.0,999999.0,0.0,45517.51,0,0,0.1,flagged by the model based on a combination of subtler behavioral signals
SRC_d867b006,0,1,0,1,0.0,17683.22,0.0,999999.0,999999.0,0.0,17683.22,0,0,0.1,flagged by the model based on a combination of subtler behavioral signals
SRC_d9489cd0,0,1,0,1,0.0,1268.72,0.0,999999.0,999999.0,0.0,1268.72,0,0,0.1,flagged by the model based on a combination of subtler behavioral signals
SRC_da1e1fe5,0,1,0,1,0.0,6175.09,0.0,999999.0,999999.0,0.0,6175.09,0,0,0.1,flagged by the model based on a combination of subtler behavioral signals
SRC_da82efef,0,1,0,1,0.0,5513.32,0.0,999999.0,999999.0,0.0,5513.32,0,0,0.1,flagged by the model based on a combination of subtler behavioral signals
SRC_dab3cb68,0,1,0,1,0.0,19694.43,0.0,999999.0,999999.0,0.0,19694.43,0,0,0.1,flagged by the model based on a combination of subtler behavioral signals
SRC_dab9b506,0,1,0,1,0.0,6251.92,0.0,999999.0,999999.0,0.0,6251.92,0,0,0.1,flagged by the model based on a combination of subtler behavioral signals
SRC_db36ed25,0,1,0,1,0.0,3783.78,0.0,999999.0,999999.0,0.0,3783.78,0,0,0.1,flagged by the model based on a combination of subtler behavioral signals
SRC_dba62347,0,1,0,1,0.0,42610.56,0.0,999999.0,999999.0,0.0,42610.56,0,0,0.1,flagged by the model based on a combination of subtler behavioral signals
SRC_dbd0c618,0,1,0,1,0.0,26344.66,0.0,999999.0,999999.0,0.0,26344.66,0,0,0.1,flagged by the model based on a combination of subtler behavioral signals
SRC_dc999b56,0,1,0,1,0.0,7945.64,0.0,999999.0,999999.0,0.0,7945.64,0,0,0.1,flagged by the model based on a combination of subtler behavioral signals
SRC_dcb46070,0,1,0,1,0.0,1224.13,0.0,999999.0,999999.0,0.0,1224.13,0,0,0.1,flagged by the model based on a combination of subtler behavioral signals
SRC_ddd25933,0,1,0,1,0.0,4004.98,0.0,999999.0,999999.0,0.0,4004.98,0,0,0.1,flagged by the model based on a combination of subtler behavioral signals
SRC_ddfb9b22,0,1,0,1,0.0,3860.15,0.0,999999.0,999999.0,0.0,3860.15,0,0,0.1,flagged by the model based on a combination of subtler behavioral signals
SRC_de572393,0,1,0,1,0.0,3931.56,0.0,999999.0,999999.0,0.0,3931.56,0,0,0.1,flagged by the model based on a combination of subtler behavioral signals
SRC_de69bdf0,0,1,0,1,0.0,2404.37,0.0,999999.0,999999.0,0.0,2404.37,0,0,0.1,flagged by the model based on a combination of subtler behavioral signals
SRC_deac6943,0,1,0,1,0.0,652.03,0.0,999999.0,999999.0,0.0,652.03,0,0,0.1,flagged by the model based on a combination of subtler behavioral signals
SRC_dee6f59a,0,1,0,1,0.0,7536.98,0.0,999999.0,999999.0,0.0,7536.98,0,0,0.1,flagged by the model based on a combination of subtler behavioral signals
SRC_def3ca29,0,1,0,1,0.0,6979.54,0.0,999999.0,999999.0,0.0,6979.54,0,0,0.1,flagged by the model based on a combination of subtler behavioral signals
SRC_df2c2139,0,1,0,1,0.0,6774.73,0.0,999999.0,999999.0,0.0,6774.73,0,0,0.1,flagged by the model based on a combination of subtler behavioral signals
SRC_df35df52,0,1,0,1,0.0,6098.31,0.0,999999.0,999999.0,0.0,6098.31,0,0,0.1,flagged by the model based on a combination of subtler behavioral signals
SRC_e0a592a5,0,1,0,1,0.0,6058.9,0.0,999999.0,999999.0,0.0,6058.9,0,0,0.1,flagged by the model based on a combination of subtler behavioral signals
SRC_e145f92b,0,1,0,1,0.0,16452.29,0.0,999999.0,999999.0,0.0,16452.29,0,0,0.1,flagged by the model based on a combination of subtler behavioral signals
SRC_e2131224,0,1,0,1,0.0,1122.35,0.0,999999.0,999999.0,0.0,1122.35,0,0,0.1,flagged by the model based on a combination of subtler behavioral signals
SRC_e31de022,0,1,0,1,0.0,45468.6,0.0,999999.0,999999.0,0.0,45468.6,0,0,0.1,flagged by the model based on a combination of subtler behavioral signals
SRC_e341ac79,0,1,0,1,0.0,1720.92,0.0,999999.0,999999.0,0.0,1720.92,0,0,0.1,flagged by the model based on a combination of subtler behavioral signals
SRC_e382c580,0,1,0,1,0.0,5599.38,0.0,999999.0,999999.0,0.0,5599.38,0,0,0.1,flagged by the model based on a combination of subtler behavioral signals
SRC_e3b10015,0,1,0,1,0.0,8065.2,0.0,999999.0,999999.0,0.0,8065.2,0,0,0.1,flagged by the model based on a combination of subtler behavioral signals
SRC_e47dd372,0,1,0,1,0.0,12893.22,0.0,999999.0,999999.0,0.0,12893.22,0,0,0.1,flagged by the model based on a combination of subtler behavioral signals
SRC_e4f638a0,0,1,0,1,0.0,29054.52,0.0,999999.0,999999.0,0.0,29054.52,0,0,0.1,flagged by the model based on a combination of subtler behavioral signals
SRC_e5217007,0,1,0,1,0.0,5304.93,0.0,999999.0,999999.0,0.0,5304.93,0,0,0.1,flagged by the model based on a combination of subtler behavioral signals
SRC_e5c7a709,0,1,0,1,0.0,7958.93,0.0,999999.0,999999.0,0.0,7958.93,0,0,0.1,flagged by the model based on a combination of subtler behavioral signals
SRC_e60d5d39,0,1,0,1,0.0,12503.05,0.0,999999.0,999999.0,0.0,12503.05,0,0,0.1,flagged by the model based on a combination of subtler behavioral signals
SRC_e612bda1,0,1,0,1,0.0,3987.93,0.0,999999.0,999999.0,0.0,3987.93,0,0,0.1,flagged by the model based on a combination of subtler behavioral signals
SRC_e7473c28,0,1,0,1,0.0,23569.21,0.0,999999.0,999999.0,0.0,23569.21,0,0,0.1,flagged by the model based on a combination of subtler behavioral signals
SRC_e809cc06,0,1,0,1,0.0,725.45,0.0,999999.0,999999.0,0.0,725.45,0,0,0.1,flagged by the model based on a combination of subtler behavioral signals
SRC_e95b0d10,0,1,0,1,0.0,7787.08,0.0,999999.0,999999.0,0.0,7787.08,0,0,0.1,flagged by the model based on a combination of subtler behavioral signals
SRC_e9b2a8c2,0,1,0,1,0.0,24438.96,0.0,999999.0,999999.0,0.0,24438.96,0,0,0.1,flagged by the model based on a combination of subtler behavioral signals
SRC_eabf77e9,0,1,0,1,0.0,24153.38,0.0,999999.0,999999.0,0.0,24153.38,0,0,0.1,flagged by the model based on a combination of subtler behavioral signals
SRC_eafb7842,0,1,0,1,0.0,6995.79,0.0,999999.0,999999.0,0.0,6995.79,0,0,0.1,flagged by the model based on a combination of subtler behavioral signals
SRC_ebc8c103,0,1,0,1,0.0,2586.61,0.0,999999.0,999999.0,0.0,2586.61,0,0,0.1,flagged by the model based on a combination of subtler behavioral signals
SRC_ebcc2572,0,1,0,1,0.0,7875.36,0.0,999999.0,999999.0,0.0,7875.36,0,0,0.1,flagged by the model based on a combination of subtler behavioral signals
SRC_ec58d185,0,1,0,1,0.0,23974.03,0.0,999999.0,999999.0,0.0,23974.03,0,0,0.1,flagged by the model based on a combination of subtler behavioral signals
SRC_ed292864,0,1,0,1,0.0,8593.86,0.0,999999.0,999999.0,0.0,8593.86,0,0,0.1,flagged by the model based on a combination of subtler behavioral signals
SRC_ed329d69,0,1,0,1,0.0,7607.85,0.0,999999.0,999999.0,0.0,7607.85,0,0,0.1,flagged by the model based on a combination of subtler behavioral signals
SRC_ee54df2b,0,1,0,1,0.0,18462.38,0.0,999999.0,999999.0,0.0,18462.38,0,0,0.1,flagged by the model based on a combination of subtler behavioral signals
SRC_eefc5662,0,1,0,1,0.0,2264.01,0.0,999999.0,999999.0,0.0,2264.01,0,0,0.1,flagged by the model based on a combination of subtler behavioral signals
SRC_ef86f3b3,0,1,0,1,0.0,1427.27,0.0,999999.0,999999.0,0.0,1427.27,0,0,0.1,flagged by the model based on a combination of subtler behavioral signals
SRC_efa80a72,0,1,0,1,0.0,6042.35,0.0,999999.0,999999.0,0.0,6042.35,0,0,0.1,flagged by the model based on a combination of subtler behavioral signals
SRC_f13b2134,0,1,0,1,0.0,45437.2,0.0,999999.0,999999.0,0.0,45437.2,0,0,0.1,flagged by the model based on a combination of subtler behavioral signals
SRC_f2306394,0,1,0,1,0.0,43789.53,0.0,999999.0,999999.0,0.0,43789.53,0,0,0.1,flagged by the model based on a combination of subtler behavioral signals
SRC_f274da3f,0,1,0,1,0.0,32324.17,0.0,999999.0,999999.0,0.0,32324.17,0,0,0.1,flagged by the model based on a combination of subtler behavioral signals
SRC_f33715bb,0,1,0,1,0.0,35206.68,0.0,999999.0,999999.0,0.0,35206.68,0,0,0.1,flagged by the model based on a combination of subtler behavioral signals
SRC_f370e1f2,0,1,0,1,0.0,3180.11,0.0,999999.0,999999.0,0.0,3180.11,0,0,0.1,flagged by the model based on a combination of subtler behavioral signals
SRC_f416180b,0,1,0,1,0.0,5355.04,0.0,999999.0,999999.0,0.0,5355.04,0,0,0.1,flagged by the model based on a combination of subtler behavioral signals
SRC_f58c4cab,0,1,0,1,0.0,34126.14,0.0,999999.0,999999.0,0.0,34126.14,0,0,0.1,flagged by the model based on a combination of subtler behavioral signals
SRC_f609d996,0,1,0,1,0.0,34745.17,0.0,999999.0,999999.0,0.0,34745.17,0,0,0.1,flagged by the model based on a combination of subtler behavioral signals
SRC_f67c0279,0,1,0,1,0.0,17753.01,0.0,999999.0,999999.0,0.0,17753.01,0,0,0.1,flagged by the model based on a combination of subtler behavioral signals
SRC_f6aad5b8,0,1,0,1,0.0,535.76,0.0,999999.0,999999.0,0.0,535.76,0,0,0.1,flagged by the model based on a combination of subtler behavioral signals
SRC_f7d131e3,0,1,0,1,0.0,5766.31,0.0,999999.0,999999.0,0.0,5766.31,0,0,0.1,flagged by the model based on a combination of subtler behavioral signals
SRC_f7e2465e,0,1,0,1,0.0,2413.68,0.0,999999.0,999999.0,0.0,2413.68,0,0,0.1,flagged by the model based on a combination of subtler behavioral signals
SRC_f8bcec56,0,1,0,1,0.0,1316.58,0.0,999999.0,999999.0,0.0,1316.58,0,0,0.1,flagged by the model based on a combination of subtler behavioral signals
SRC_fab5b15f,0,1,0,1,0.0,38350.94,0.0,999999.0,999999.0,0.0,38350.94,0,0,0.1,flagged by the model based on a combination of subtler behavioral signals
SRC_fb13d538,0,1,0,1,0.0,8020.26,0.0,999999.0,999999.0,0.0,8020.26,0,0,0.1,flagged by the model based on a combination of subtler behavioral signals
SRC_fc686ea4,0,1,0,1,0.0,24324.55,0.0,999999.0,999999.0,0.0,24324.55,0,0,0.1,flagged by the model based on a combination of subtler behavioral signals
SRC_fd4a623e,0,1,0,1,0.0,2283.17,0.0,999999.0,999999.0,0.0,2283.17,0,0,0.1,flagged by the model based on a combination of subtler behavioral signals
SRC_fd720efb,0,1,0,1,0.0,40957.18,0.0,999999.0,999999.0,0.0,40957.18,0,0,0.1,flagged by the model based on a combination of subtler behavioral signals
SRC_fd8d238b,0,1,0,1,0.0,7405.47,0.0,999999.0,999999.0,0.0,7405.47,0,0,0.1,flagged by the model based on a combination of subtler behavioral signals
SRC_ff655644,0,1,0,1,0.0,6092.75,0.0,999999.0,999999.0,0.0,6092.75,0,0,0.1,flagged by the model based on a combination of subtler behavioral signals
STRUCT_0136c789,1,1,1,1,52724.28,47356.65,0.8981943423409481,27.669239069444444,999999.0,52724.28,47356.65,1,1,100.0,forwarded funds onward within 27.7 hours of receiving them; passed on 90% of everything it received
STRUCT_0250ed6c,1,1,1,1,33906.06,33906.06,1.0,18.786026135277776,999999.0,33906.06,33906.06,1,1,97.3,forwarded funds onward within 18.8 hours of receiving them; passed on 100% of everything it received
STRUCT_0431020b,1,1,1,1,48246.53,41641.87,0.8631060099037176,18.31937190527778,999999.0,48246.53,41641.87,1,1,97.3,forwarded funds onward within 18.3 hours of receiving them; passed on 86% of everything it received
STRUCT_0c63d1b1,1,1,1,1,15536.09,14815.86,0.9536414889460604,58.86883122555556,999999.0,15536.09,14815.86,1,1,100.0,forwarded funds onward within 58.9 hours of receiving them; passed on 95% of everything it received
STRUCT_0de112ae,1,1,1,1,37611.35,35775.31,0.9511838846518404,58.0530024125,999999.0,37611.35,35775.31,1,1,100.0,forwarded funds onward within 58.1 hours of receiving them; passed on 95% of everything it received
STRUCT_0f95ad98,1,1,1,1,31451.82,27275.88,0.8672273973334453,20.513699949166664,999999.0,31451.82,27275.88,1,1,97.3,forwarded funds onward within 20.5 hours of receiving them; passed on 87% of everything it received
STRUCT_1136fde0,1,1,1,1,58643.7,53669.1,0.9151724737695608,19.99272708388889,999999.0,58643.7,53669.1,1,1,100.0,forwarded funds onward within 20.0 hours of receiving them; passed on 92% of everything it received
STRUCT_1235ac91,1,1,1,1,60848.21,54810.1,0.9007676643240614,25.690567619722223,999999.0,60848.21,54810.1,1,1,100.0,forwarded funds onward within 25.7 hours of receiving them; passed on 90% of everything it received
STRUCT_16731f9a,1,1,1,1,32609.31,29110.2,0.8926959816077065,34.29910515833333,999999.0,32609.31,29110.2,1,1,97.3,forwarded funds onward within 34.3 hours of receiving them; passed on 89% of everything it received
STRUCT_1944158a,1,1,1,1,40549.03,40549.03,1.0,57.75271951222222,999999.0,40549.03,40549.03,1,1,97.3,forwarded funds onward within 57.8 hours of receiving them; passed on 100% of everything it received
STRUCT_1d843dbb,1,1,1,1,51501.1,47205.85,0.9165988687620265,15.062081216111112,999999.0,51501.1,47205.85,1,1,100.0,forwarded funds onward within 15.1 hours of receiving them; passed on 92% of everything it received
STRUCT_1daa3803,9,1,9,1,23525.83,22744.54,0.9667901196259602,127.8191859352778,108.040718615,2613.9811111111107,22744.54,1,0,99.9,received money from 9 different senders; passed on 97% of everything it received
STRUCT_207a1a57,1,1,1,1,25797.33,25797.33,1.0,54.1812386425,999999.0,25797.33,25797.33,1,1,97.3,forwarded funds onward within 54.2 hours of receiving them; passed on 100% of everything it received
STRUCT_20ac3f6d,1,1,1,1,43495.44,43495.44,1.0,37.79886400055556,999999.0,43495.44,43495.44,1,1,97.3,forwarded funds onward within 37.8 hours of receiving them; passed on 100% of everything it received
STRUCT_22f724b0,1,1,1,1,18896.04,18896.04,1.0,13.29047808,999999.0,18896.04,18896.04,1,1,97.3,forwarded funds onward within 13.3 hours of receiving them; passed on 100% of everything it received
STRUCT_23b51103,10,1,10,1,55389.67,49211.96,0.8884681927153565,151.3693889238889,109.4106207125,5538.967,49211.96,1,0,100.0,received money from 10 different senders; passed on 89% of everything it received
STRUCT_25495c6a,1,1,1,1,40100.09,35575.94,0.8871785574546094,42.624970680833336,999999.0,40100.09,35575.94,1,1,7.6,forwarded funds onward within 42.6 hours of receiving them; passed on 89% of everything it received
STRUCT_2650b2c4,6,1,6,1,17487.570000000003,15536.09,0.8884075946515152,119.28018435972224,73.31780770611111,2914.5950000000007,15536.09,1,0,99.4,received money from 6 different senders; passed on 89% of everything it received
STRUCT_26e9d775,1,1,1,1,25087.82,23945.22,0.9544559870088354,51.34138110277778,999999.0,25087.82,23945.22,1,1,97.3,forwarded funds onward within 51.3 hours of receiving them; passed on 95% of everything it received
STRUCT_2748e0ac,1,1,1,1,43461.07,41108.66,0.9458731687922088,16.03053791527778,999999.0,43461.07,41108.66,1,1,97.3,forwarded funds onward within 16.0 hours of receiving them; passed on 95% of everything it received
STRUCT_286a5742,10,1,10,1,57511.51,51501.1,0.8954920502000383,167.41164386194444,109.50565971194445,5751.151,51501.1,1,0,100.0,received money from 10 different senders; passed on 90% of everything it received
STRUCT_2b296b58,1,1,1,1,21323.28,18674.47,0.8757784918642911,35.434940145,999999.0,21323.28,18674.47,1,1,23.1,forwarded funds onward within 35.4 hours of receiving them; passed on 88% of everything it received
STRUCT_2b2c1d0e,1,1,1,1,36085.64,31553.46,0.8744048879277186,47.07440744722222,999999.0,36085.64,31553.46,1,1,18.8,forwarded funds onward within 47.1 hours of receiving them; passed on 87% of everything it received
STRUCT_2e3c5420,1,1,1,1,42190.58,42190.58,1.0,12.022324818055557,999999.0,42190.58,42190.58,1,1,97.3,forwarded funds onward within 12.0 hours of receiving them; passed on 100% of everything it received
STRUCT_2f89e384,1,1,1,1,28882.96,28882.96,1.0,23.46618044805556,999999.0,28882.96,28882.96,1,1,97.3,forwarded funds onward within 23.5 hours of receiving them; passed on 100% of everything it received
STRUCT_32c1d6db,1,1,1,1,73892.83,65156.91,0.8817758096421534,36.099708905,999999.0,73892.83,65156.91,1,1,100.0,forwarded funds onward within 36.1 hours of receiving them; passed on 88% of everything it received
STRUCT_3372f033,1,1,1,1,41247.64,38723.79,0.9388122568951824,13.268923613888887,999999.0,41247.64,38723.79,1,1,97.3,forwarded funds onward within 13.3 hours of receiving them; passed on 94% of everything it received
STRUCT_3577a871,13,1,13,1,59310.27,52724.28,0.8889570052538961,125.23309468527778,95.3129314525,4562.328461538462,52724.28,1,0,100.0,received money from 13 different senders; passed on 89% of everything it received
STRUCT_3d5ed40b,1,1,1,1,38723.79,35496.44,0.9166571763765892,42.903959647222216,999999.0,38723.79,35496.44,1,1,97.3,forwarded funds onward within 42.9 hours of receiving them; passed on 92% of everything it received
STRUCT_3e262673,1,1,1,1,32405.81,29812.45,0.9199723753240544,44.169156775000005,999999.0,32405.81,29812.45,1,1,100.0,forwarded funds onward within 44.2 hours of receiving them; passed on 92% of everything it received
STRUCT_40d3cddf,1,1,1,1,58771.86,52567.92,0.8944402984693695,35.18219586083333,999999.0,58771.86,52567.92,1,1,97.3,forwarded funds onward within 35.2 hours of receiving them; passed on 89% of everything it received
STRUCT_41436c77,1,1,1,1,54810.1,48246.53,0.8802488957327208,55.81501286666666,999999.0,54810.1,48246.53,1,1,7.6,forwarded funds onward within 55.8 hours of receiving them; passed on 88% of everything it received
STRUCT_41c803df,1,1,1,1,26324.99,25087.82,0.9530039707517456,15.796271964166667,999999.0,26324.99,25087.82,1,1,18.8,forwarded funds onward within 15.8 hours of receiving them; passed on 95% of everything it received
STRUCT_43bdb9bd,1,1,1,1,33748.09,31451.82,0.931958519726598,29.91361177027777,999999.0,33748.09,31451.82,1,1,97.3,forwarded funds onward within 29.9 hours of receiving them; passed on 93% of everything it received
STRUCT_4491af6e,1,1,1,1,28543.35,28543.35,1.0,53.05503247333333,999999.0,28543.35,28543.35,1,1,97.3,forwarded funds onward within 53.1 hours of receiving them; passed on 100% of everything it received
STRUCT_454f4e6f,1,1,1,1,51035.39,51035.39,1.0,46.10281096527778,999999.0,51035.39,51035.39,1,1,97.3,forwarded funds onward within 46.1 hours of receiving them; passed on 100% of everything it received
STRUCT_4a5a9808,7,1,7,1,40220.98,37372.46,0.9291782547317348,114.6497064713889,99.8141276975,5745.854285714285,37372.46,1,0,99.7,received money from 7 different senders; passed on 93% of everything it received
STRUCT_4acfc81e,1,1,1,1,52905.77,52905.77,1.0,31.659674379444446,999999.0,52905.77,52905.77,1,1,97.3,forwarded funds onward within 31.7 hours of receiving them; passed on 100% of everything it received
STRUCT_4b15c5d6,1,1,1,1,47205.85,43495.44,0.921399360460621,48.47757389277778,999999.0,47205.85,43495.44,1,1,11.2,forwarded funds onward within 48.5 hours of receiving them; passed on 92% of everything it received
STRUCT_50fa0516,1,1,1,1,27246.19,25769.29,0.945794256004234,28.32180268388889,999999.0,27246.19,25769.29,1,1,97.3,forwarded funds onward within 28.3 hours of receiving them; passed on 95% of everything it received
STRUCT_516b6d70,10,1,10,1,38018.45,32405.81,0.8523706253148143,120.46281195555557,61.98961045416667,3801.845,32405.81,1,0,100.0,received money from 10 different senders; passed on 85% of everything it received
STRUCT_52cb4d27,8,1,8,1,39325.03999999999,34362.66,0.8738111900204045,102.51686093972224,60.42283407833333,4915.629999999999,34362.66,1,0,99.9,received money from 8 different senders; passed on 87% of everything it received
STRUCT_54d52b22,1,1,1,1,33981.62,32609.31,0.9596161101207064,42.09262832361111,999999.0,33981.62,32609.31,1,1,97.3,forwarded funds onward within 42.1 hours of receiving them; passed on 96% of everything it received
STRUCT_5a9387e0,13,1,13,1,48471.06,45057.42,0.9295736466254296,115.52047109555556,97.06334751333333,3728.543076923077,45057.42,1,0,100.0,received money from 13 different senders; passed on 93% of everything it received
STRUCT_5aa25d7c,1,1,1,1,55414.77,52905.77,0.9547232624081992,55.98308885194445,999999.0,55414.77,52905.77,1,1,7.3,forwarded funds onward within 56.0 hours of receiving them; passed on 95% of everything it received
STRUCT_5b4f5aa3,1,1,1,1,45057.42,40100.09,0.889977499821339,21.07271432027778,999999.0,45057.42,40100.09,1,1,100.0,forwarded funds onward within 21.1 hours of receiving them; passed on 89% of everything it received
STRUCT_5b9725fa,1,1,1,1,36573.35,35096.0,0.9596058332091536,59.26250649833333,999999.0,36573.35,35096.0,1,1,100.0,forwarded funds onward within 59.3 hours of receiving them; passed on 96% of everything it received
STRUCT_5c76b638,12,1,12,1,59755.61,57878.49,0.9685867151218104,129.9643032427778,99.522651205,4979.634166666667,57878.49,1,0,100.0,received money from 12 different senders; passed on 97% of everything it received
STRUCT_5d432472,1,1,1,1,46685.57,42190.58,0.9037177868878972,27.074466966666662,999999.0,46685.57,42190.58,1,1,97.3,forwarded funds onward within 27.1 hours of receiving them; passed on 90% of everything it received
STRUCT_60c6a179,1,1,1,1,14815.86,13070.84,0.8822194594171381,55.88241785111112,999999.0,14815.86,13070.84,1,1,23.1,forwarded funds onward within 55.9 hours of receiving them; passed on 88% of everything it received
STRUCT_622d8b6d,1,1,1,1,29812.45,27704.97,0.929308728400383,52.63791321972223,999999.0,29812.45,27704.97,1,1,11.2,forwarded funds onward within 52.6 hours of receiving them; passed on 93% of everything it received
STRUCT_62d13a09,1,1,1,1,28342.83,25797.33,0.9101889260881852,27.875926889444447,999999.0,28342.83,25797.33,1,1,97.3,forwarded funds onward within 27.9 hours of receiving them; passed on 91% of everything it received
STRUCT_64079e5f,1,1,1,1,49554.17,49554.17,1.0,16.342501065833332,999999.0,49554.17,49554.17,1,1,97.3,forwarded funds onward within 16.3 hours of receiving them; passed on 100% of everything it received
STRUCT_650f7023,1,1,1,1,41371.26,39975.62,0.9662654702805764,32.627580413055554,999999.0,41371.26,39975.62,1,1,97.3,forwarded funds onward within 32.6 hours of receiving them; passed on 97% of everything it received
STRUCT_67eb23de,1,1,1,1,33195.89,28543.35,0.8598459026102327,51.47075663027778,999999.0,33195.89,28543.35,1,1,7.3,forwarded funds onward within 51.5 hours of receiving them; passed on 86% of everything it received
STRUCT_68eb84c0,1,1,1,1,38005.8,36374.35,0.957073657178641,50.9221757875,999999.0,38005.8,36374.35,1,1,11.2,forwarded funds onward within 50.9 hours of receiving them; passed on 96% of everything it received
STRUCT_6c505d44,11,1,11,1,42902.52,37611.35,0.8766699485251682,103.71542596333332,85.212748195,3900.22909090909,37611.35,1,0,100.0,received money from 11 different senders; passed on 88% of everything it received
STRUCT_6e794624,1,1,1,1,28937.9,26324.99,0.9097063021159104,27.325312445833333,999999.0,28937.9,26324.99,1,1,100.0,forwarded funds onward within 27.3 hours of receiving them; passed on 91% of everything it received
STRUCT_6f38afc8,1,1,1,1,25769.29,25769.29,1.0,57.16766885444444,999999.0,25769.29,25769.29,1,1,97.3,forwarded funds onward within 57.2 hours of receiving them; passed on 100% of everything it received
STRUCT_71a7ee14,1,1,1,1,18674.47,18674.47,1.0,15.827886009722222,999999.0,18674.47,18674.47,1,1,97.3,forwarded funds onward within 15.8 hours of receiving them; passed on 100% of everything it received
STRUCT_71c1a8e8,1,1,1,1,43616.16,43616.16,1.0,31.875803386666668,999999.0,43616.16,43616.16,1,1,97.3,forwarded funds onward within 31.9 hours of receiving them; passed on 100% of everything it received
STRUCT_7455d545,1,1,1,1,35775.31,31203.73,0.8722141052027222,12.893704203611112,999999.0,35775.31,31203.73,1,1,9.5,forwarded funds onward within 12.9 hours of receiving them; passed on 87% of everything it received
STRUCT_75ba32da,1,1,1,1,49211.96,46122.07,0.9372126206718856,38.28314047777778,999999.0,49211.96,46122.07,1,1,100.0,forwarded funds onward within 38.3 hours of receiving them; passed on 94% of everything it received
STRUCT_769b0f32,13,1,13,1,64804.17,60848.21,0.9389551629162136,129.5213699822222,86.98319797250001,4984.9361538461535,60848.21,1,0,100.0,received money from 13 different senders; passed on 94% of everything it received
STRUCT_78e4835d,1,1,1,1,41108.66,41108.66,1.0,18.817355016111108,999999.0,41108.66,41108.66,1,1,97.3,forwarded funds onward within 18.8 hours of receiving them; passed on 100% of everything it received
STRUCT_7b319bab,15,1,15,1,86621.56000000001,73892.83,0.8530535584905189,128.0316072325,111.38956187055555,5774.770666666667,73892.83,1,0,100.0,received money from 15 different senders; passed on 85% of everything it received
STRUCT_7b4d8b05,1,1,1,1,31311.22,27246.19,0.8701733755503618,58.57110015916666,999999.0,31311.22,27246.19,1,1,15.7,forwarded funds onward within 58.6 hours of receiving them; passed on 87% of everything it received
STRUCT_7d511f83,1,1,1,1,25267.24,25267.24,1.0,17.330995147777777,999999.0,25267.24,25267.24,1,1,97.3,forwarded funds onward within 17.3 hours of receiving them; passed on 100% of everything it received
STRUCT_819e4abf,14,1,14,1,74483.98,63678.27,0.8549257169125495,128.61980549444445,108.78093594583332,5320.284285714285,63678.27,1,0,100.0,received money from 14 different senders; passed on 85% of everything it received
STRUCT_83bf7d8a,1,1,1,1,36567.69,33195.89,0.907792917736942,18.67527845805556,999999.0,36567.69,33195.89,1,1,100.0,forwarded funds onward within 18.7 hours of receiving them; passed on 91% of everything it received
STRUCT_84eb74a2,1,1,1,1,50553.25,43461.07,0.8597087229802238,26.496196245,999999.0,50553.25,43461.07,1,1,9.5,forwarded funds onward within 26.5 hours of receiving them; passed on 86% of everything it received
STRUCT_87e7e110,1,1,1,1,41426.03,36002.55,0.8690803825517436,33.78909340861111,999999.0,41426.03,36002.55,1,1,13.3,forwarded funds onward within 33.8 hours of receiving them; passed on 87% of everything it received
STRUCT_8862a078,1,1,1,1,20984.56,18896.04,0.9004734909857534,21.93432348777777,999999.0,20984.56,18896.04,1,1,13.3,forwarded funds onward within 21.9 hours of receiving them; passed on 90% of everything it received
STRUCT_88fc08e4,1,1,1,1,52567.92,46685.57,0.8881000047177062,40.04180074777778,999999.0,52567.92,46685.57,1,1,97.3,forwarded funds onward within 40.0 hours of receiving them; passed on 89% of everything it received
STRUCT_8ee701f7,14,1,14,1,59639.240000000005,57156.8,0.958375727121942,147.88042415527778,103.72972268416666,4259.9457142857145,57156.8,1,0,100.0,received money from 14 different senders; passed on 96% of everything it received
STRUCT_8f0fd6d8,14,1,14,1,39468.99999999999,36567.69,0.92649142364894,128.92735527305555,89.15644693166666,2819.2142857142853,36567.69,1,0,100.0,received money from 14 different senders; passed on 93% of everything it received
STRUCT_94f843ad,1,1,1,1,43791.99,40549.03,0.9259462746497704,40.164462333888885,999999.0,43791.99,40549.03,1,1,11.2,forwarded funds onward within 40.2 hours of receiving them; passed on 93% of everything it received
STRUCT_96dfd35a,1,1,1,1,36374.35,36374.35,1.0,16.768934364166668,999999.0,36374.35,36374.35,1,1,97.3,forwarded funds onward within 16.8 hours of receiving them; passed on 100% of everything it received
STRUCT_9a04493d,1,1,1,1,47364.38,41426.03,0.8746241373791867,59.25140957916666,999999.0,47364.38,41426.03,1,1,100.0,forwarded funds onward within 59.3 hours of receiving them; passed on 87% of everything it received
STRUCT_9f0df2fe,1,1,1,1,63678.27,57765.79,0.9071507438879856,46.07400075972223,999999.0,63678.27,57765.79,1,1,100.0,forwarded funds onward within 46.1 hours of receiving them; passed on 91% of everything it received
STRUCT_a1871c6b,1,1,1,1,35096.0,33981.62,0.968247663551402,25.360395769722224,999999.0,35096.0,33981.62,1,1,13.3,forwarded funds onward within 25.4 hours of receiving them; passed on 97% of everything it received
STRUCT_a29f063b,10,1,10,1,47306.490000000005,43369.13,0.916769136750581,120.04472110277776,105.00215509416668,4730.649,43369.13,1,0,100.0,received money from 10 different senders; passed on 92% of everything it received
STRUCT_a65192df,1,1,1,1,35575.94,35575.94,1.0,23.726827150833333,999999.0,35575.94,35575.94,1,1,97.3,forwarded funds onward within 23.7 hours of receiving them; passed on 100% of everything it received
STRUCT_a828dfc0,1,1,1,1,39975.62,36994.07,0.9254157909245684,23.672001945833333,999999.0,39975.62,36994.07,1,1,97.3,forwarded funds onward within 23.7 hours of receiving them; passed on 93% of everything it received
STRUCT_a9b827b7,1,1,1,1,12067.39,12067.39,1.0,45.039359315,999999.0,12067.39,12067.39,1,1,97.3,forwarded funds onward within 45.0 hours of receiving them; passed on 100% of everything it received
STRUCT_c08911cb,1,1,1,1,22744.54,20984.56,0.9226196704791568,24.013448857222222,999999.0,22744.54,20984.56,1,1,100.0,forwarded funds onward within 24.0 hours of receiving them; passed on 92% of everything it received
STRUCT_c0bf0dc0,7,1,7,1,32233.47,28937.9,0.8977593786830894,162.99871508583334,112.91303616194443,4604.7814285714285,28937.9,1,0,99.7,received money from 7 different senders; passed on 90% of everything it received
STRUCT_c225c01a,1,1,1,1,35496.44,35496.44,1.0,35.71911425444445,999999.0,35496.44,35496.44,1,1,97.3,forwarded funds onward within 35.7 hours of receiving them; passed on 100% of everything it received
STRUCT_c54aa065,1,1,1,1,65156.91,58771.86,0.9020050214167614,27.561991766944445,999999.0,65156.91,58771.86,1,1,7.2,forwarded funds onward within 27.6 hours of receiving them; passed on 90% of everything it received
STRUCT_c55fca41,1,1,1,1,47356.65,41247.64,0.8709999545998292,22.083543105277776,999999.0,47356.65,41247.64,1,1,7.6,forwarded funds onward within 22.1 hours of receiving them; passed on 87% of everything it received
STRUCT_c61c4154,1,1,1,1,31203.73,28342.83,0.908315448185201,53.067594785,999999.0,31203.73,28342.83,1,1,97.3,forwarded funds onward within 53.1 hours of receiving them; passed on 91% of everything it received
STRUCT_c81737a6,1,1,1,1,46122.07,41371.26,0.8969948660153372,55.12292190083333,999999.0,46122.07,41371.26,1,1,11.2,forwarded funds onward within 55.1 hours of receiving them; passed on 90% of everything it received
STRUCT_c956aef6,11,1,11,1,60865.49,53075.61,0.8720148313929618,160.35085422583333,108.4022461538889,5533.226363636363,53075.61,1,0,100.0,received money from 11 different senders; passed on 87% of everything it received
STRUCT_c97e780f,1,1,1,1,41819.43,36804.66,0.8800851661536278,46.82091005111111,999999.0,41819.43,36804.66,1,1,11.2,forwarded funds onward within 46.8 hours of receiving them; passed on 88% of everything it received
STRUCT_cbfa8903,1,1,1,1,53075.61,50553.25,0.9524760996623496,14.833507728611112,999999.0,53075.61,50553.25,1,1,100.0,forwarded funds onward within 14.8 hours of receiving them; passed on 95% of everything it received
STRUCT_cca1146e,1,1,1,1,43369.13,38005.8,0.8763330046048884,20.99053744472222,999999.0,43369.13,38005.8,1,1,100.0,forwarded funds onward within 21.0 hours of receiving them; passed on 88% of everything it received
STRUCT_cd40c675,1,1,1,1,41641.87,38081.59,0.9145023986674948,30.92712620888889,999999.0,41641.87,38081.59,1,1,97.3,forwarded funds onward within 30.9 hours of receiving them; passed on 91% of everything it received
STRUCT_ce07604d,1,1,1,1,54092.24,49554.17,0.916104971803719,53.9631099675,999999.0,54092.24,49554.17,1,1,8.2,forwarded funds onward within 54.0 hours of receiving them; passed on 92% of everything it received
STRUCT_ce31cb54,1,1,1,1,34362.66,31311.22,0.9111989584042678,12.22507649027778,999999.0,34362.66,31311.22,1,1,100.0,forwarded funds onward within 12.2 hours of receiving them; passed on 91% of everything it received
STRUCT_cea43c92,15,1,15,1,65459.51,58643.7,0.8958774668493547,149.7573117427778,112.90040560694445,4363.967333333333,58643.7,1,0,100.0,received money from 15 different senders; passed on 90% of everything it received
STRUCT_d053502f,1,1,1,1,36804.66,33748.09,0.9169515490701448,42.229663362500006,999999.0,36804.66,33748.09,1,1,97.3,forwarded funds onward within 42.2 hours of receiving them; passed on 92% of everything it received
STRUCT_d185a8e4,1,1,1,1,27275.88,27275.88,1.0,42.15024117861111,999999.0,27275.88,27275.88,1,1,97.3,forwarded funds onward within 42.2 hours of receiving them; passed on 100% of everything it received
STRUCT_d33738cc,1,1,1,1,27704.97,23796.41,0.8589220634420467,43.72274045388888,999999.0,27704.97,23796.41,1,1,97.3,forwarded funds onward within 43.7 hours of receiving them; passed on 86% of everything it received
STRUCT_d5a09e35,9,1,9,1,53447.89,47364.38,0.886178668606001,137.55390405444444,94.45159547111112,5938.654444444444,47364.38,1,0,99.9,received money from 9 different senders; passed on 89% of everything it received
STRUCT_d6973ca6,1,1,1,1,13070.84,12067.39,0.923229876580235,58.69007404194445,999999.0,13070.84,12067.39,1,1,97.3,forwarded funds onward within 58.7 hours of receiving them; passed on 92% of everything it received
STRUCT_d7847c0a,1,1,1,1,38081.59,33906.06,0.8903530551114068,26.915636853888888,999999.0,38081.59,33906.06,1,1,97.3,forwarded funds onward within 26.9 hours of receiving them; passed on 89% of everything it received
STRUCT_d784e349,1,1,1,1,53669.1,51002.38,0.9503118181597976,19.829411331666662,999999.0,53669.1,51002.38,1,1,7.2,forwarded funds onward within 19.8 hours of receiving them; passed on 95% of everything it received
STRUCT_d81e65cd,1,1,1,1,36994.07,36994.07,1.0,44.14901695138889,999999.0,36994.07,36994.07,1,1,97.3,forwarded funds onward within 44.1 hours of receiving them; passed on 100% of everything it received
STRUCT_d8bfbb79,10,1,10,1,52481.15,47741.31,0.9096849059138375,155.21607738444445,101.90121747444444,5248.115,47741.31,1,0,100.0,received money from 10 different senders; passed on 91% of everything it received
STRUCT_d906b161,6,1,6,1,26016.43,22508.83,0.8651775051380993,111.90316175527778,94.59741197527778,4336.071666666667,22508.83,1,0,99.4,received money from 6 different senders; passed on 87% of everything it received
STRUCT_e37b3ddf,1,1,1,1,51002.38,43616.16,0.8551789151800369,34.287201385,999999.0,51002.38,43616.16,1,1,97.3,forwarded funds onward within 34.3 hours of receiving them; passed on 86% of everything it received
STRUCT_e7ae38d0,1,1,1,1,57765.79,51035.39,0.8834881337206675,30.44508331444444,999999.0,57765.79,51035.39,1,1,7.4,forwarded funds onward within 30.4 hours of receiving them; passed on 88% of everything it received
STRUCT_e857b5f4,1,1,1,1,47741.31,41819.43,0.875958996516853,14.8116112425,999999.0,47741.31,41819.43,1,1,100.0,forwarded funds onward within 14.8 hours of receiving them; passed on 88% of everything it received
STRUCT_ec2302f1,1,1,1,1,37372.46,36085.64,0.965567693429868,50.82583301277778,999999.0,37372.46,36085.64,1,1,100.0,forwarded funds onward within 50.8 hours of receiving them; passed on 97% of everything it received
STRUCT_ec24ca36,1,1,1,1,23796.41,23796.41,1.0,27.42428773805556,999999.0,23796.41,23796.41,1,1,97.3,forwarded funds onward within 27.4 hours of receiving them; passed on 100% of everything it received
STRUCT_ef0117e3,1,1,1,1,31553.46,28882.96,0.9153658584510224,46.02813903583333,999999.0,31553.46,28882.96,1,1,97.3,forwarded funds onward within 46.0 hours of receiving them; passed on 92% of everything it received
STRUCT_f0a8d1e0,9,1,9,1,41654.11,36573.35,0.8780250016144865,165.70845195583334,107.06564233722222,4628.234444444444,36573.35,1,0,99.9,received money from 9 different senders; passed on 88% of everything it received
STRUCT_f23c3f05,10,1,10,1,48641.52,45411.14,0.9335880128745976,104.49403536638889,87.09338044472221,4864.152,45411.14,1,0,100.0,received money from 10 different senders; passed on 93% of everything it received
STRUCT_f2474738,1,1,1,1,57878.49,54092.24,0.9345827785071794,48.91818203388889,999999.0,57878.49,54092.24,1,1,100.0,forwarded funds onward within 48.9 hours of receiving them; passed on 93% of everything it received
STRUCT_f2c3a19d,1,1,1,1,57156.8,55414.77,0.9695219116535564,13.163980614166666,999999.0,57156.8,55414.77,1,1,100.0,forwarded funds onward within 13.2 hours of receiving them; passed on 97% of everything it received
STRUCT_f7be96a8,1,1,1,1,23945.22,23945.22,1.0,56.35559669222222,999999.0,23945.22,23945.22,1,1,97.3,forwarded funds onward within 56.4 hours of receiving them; passed on 100% of everything it received
STRUCT_f99f4657,1,1,1,1,22508.83,21323.28,0.9473295591108022,32.0710700175,999999.0,22508.83,21323.28,1,1,100.0,forwarded funds onward within 32.1 hours of receiving them; passed on 95% of everything it received
STRUCT_fa2223ed,1,1,1,1,45411.14,43791.99,0.9643446519950832,15.4002813125,999999.0,45411.14,43791.99,1,1,100.0,forwarded funds onward within 15.4 hours of receiving them; passed on 96% of everything it received
STRUCT_fe72aa28,1,1,1,1,29110.2,25267.24,0.867985791921732,13.091296966388889,999999.0,29110.2,25267.24,1,1,97.3,forwarded funds onward within 13.1 hours of receiving them; passed on 87% of everything it received
STRUCT_ff17eba1,1,1,1,1,36002.55,36002.55,1.0,43.1866389925,999999.0,36002.55,36002.55,1,1,97.3,forwarded funds onward within 43.2 hours of receiving them; passed on 100% of everything it received
